F;Alicia
F;Razane
F;Maeve
F;Patricia
M;Romain
F;Safia
F;Aïssatou
F;Gisèle
F;Mariame
M;Paul
M;Seydina
F;Yara
M;Antoine
F;Louna
M;Ousmane
F;Ysé
M;Calvin
F;Joey
F;Lucie
F;Maryam
M;Ziad
M;Akram
M;Gauthier
M;Samuel
M;Stanislas
M;Harry
M;Elyes
F;Assya
F;Coline
M;Timéo
F;Athénaïs
M;Karim
F;Basma
M;Jules
F;Ava
F;Hafsa
M;Aksil
F;Garance
M;Gauthier
M;Mehdi
F;Prune
F;Céleste
F;Emmanuelle
F;Maïssane
F;Sidonie
F;Aline
M;Rafael
F;Rivka
M;Ali
F;Brune
F;Lana
F;Aya
F;Noa
M;Alexi
M;Elyes
F;Doriane
M;Gaël
F;Noam
M;Alessandro
F;Eden
M;Eytan
M;Guillaume
F;Blandine
F;Maya
F;Bérénice
F;Mona
F;Shayma
M;Amadou
F;Elya
F;Camilia
M;Issiaka
F;Selma
M;Lucas
F;Thelma
M;Léopold
M;Kenzo
F;Théa
M;Nassim
F;Alizée
M;Elior
M;Kai
M;Amara
F;Tania
M;Marco
M;Lilian
F;Marjorie
F;Elya
M;Imad
M;Rafaël
F;Claire
M;Ilian
F;Rivka
F;Salma
F;Pia
M;Loan
M;Mathieu
M;Aron
M;Milo
M;Ilan
F;Alycia
F;Emy
M;Jelani
F;Dayana
F;Sienna
M;Aliocha
M;Timothé
F;Liora
F;Aliza
F;Athéna
F;Johanna
F;Yuna
F;Salimatou
M;Dan
F;Awa
M;Jean-Baptiste
M;Guillaume
M;Antonio
M;Lilian
M;Filip
F;Cléa
M;Michel
F;Malaïka
M;Elie
M;Lenny
M;Matis
F;Koumba
M;Mickaël
F;Catherine
M;Dante
M;Lorenzo
F;Lydia
M;Albert
F;Amy
F;Appoline
F;Solenn
M;Julien
F;Louane
M;Lukas
F;Louison
M;Luka
F;Elizabeth
F;Lena
M;Solal
F;Valentine
M;Eden
M;Jérémy
M;Livio
M;Mathieu
F;Heidi
M;Sekou
F;Angela
F;Halimatou
M;Jacques
F;Ranya
M;Rodrigue
M;Timothée
M;Christian
M;Edward
F;Inès
M;Tiago
F;Emma
M;Marceau
F;Coline
F;Iris
F;Maria
F;Milena
M;Aris
F;Thaïs
M;Baptiste
F;Leyna
M;Blaise
M;Vianney
M;Eric
M;Mohammed
F;Safia
M;Auxence
F;Eloïse
F;Joanne
F;Neyla
M;Alon
M;Andreas
F;Capucine
M;Darius
F;Déborah
F;Esra
M;Josh
M;Raphael
M;Andrea
F;Philippine
F;Shana
M;Ange
F;Emi
M;Gaël
M;Marco
M;Nathanaël
M;Axel
M;Daouda
F;Elisa
M;Iyed
M;Mayeul
F;Naomi
M;Loris
F;Lydia
M;Noam
M;Erik
M;Lou
M;Nour
F;Adélaïde
F;Lila
F;Valentina
M;Yohan
F;Halima
F;Vivienne
M;Zack
F;Camélia
F;Noor
F;Morgane
M;Andrew
F;Assya
F;Maria
M;Zied
M;Albin
M;Edwin
F;Maëlie
F;Rim
M;Ruben
F;Ellie
F;Myriam
M;Alone
M;Amin
F;Suzanne
M;Ilyes
M;Nahil
M;Loup
F;Haya
F;Aby
M;Lino
M;Mylan
M;Ilay
F;Mariame
M;Marley
M;Oussaïd
M;Stanley
M;Yassine
M;Yohan
M;Emilio
F;Elodie
F;Hafsa
M;Kendrick
F;Nour
F;Serena
M;Harry
F;Leyna
F;Nicole
M;Salim
M;Xavier
M;Selyan
M;Tiago
M;Matthis
M;Liam
M;Hedi
F;June
F;Zeynab
M;Ludovic
M;Hicham
F;Kayla
M;Roman
M;Eloi
M;Maxim
F;Héléna
M;Aboubakar
F;Laetitia
M;Stefan
M;Alhassane
M;Kenan
M;Tristan
F;Cécile
M;Loïc
M;Léonard
M;Rayane
M;Jonathan
F;Caroline
F;Hannah
F;Thelma
M;Anton
M;Elon
M;Pietro
F;Romane
M;Saïd
F;Eulalie
F;Meryam
M;Nazim
F;Léonor
F;Lila
F;Carmen
F;Elise
F;Liv
F;Anna
M;Jason
M;Michaël
M;Mehdi
F;Nola
F;Basma
M;Lancelot
M;Luc
F;Maïwenn
M;Noé
F;Alissa
M;Brandon
F;Cléo
F;Fatou
F;Maya
M;Philippe
M;Kenny
F;Meriem
M;Mattia
M;Milhan
M;Amos
F;Olive
M;Arthus
F;Christine
F;Suzanne
F;Tess
M;Ferdinand
M;Jean-Baptiste
M;Lassana
M;Léandre
F;Perrine
F;Anya
F;Hélène
F;Scarlett
M;Akram
F;Aliénor
F;Aicha
F;Élie
F;Brune
F;Mahaut
F;Cassandre
F;Eliza
F;Hanna
M;Idriss
F;Jana
M;Romeo
M;Diego
F;Elisa
F;Lily-Rose
F;Noura
M;Romain
M;Stefan
F;Agathe
M;Alessandro
M;Andy
F;Léna
F;Tess
F;Aurore
F;Lucia
M;Ulysse
M;Alexander
F;Hadja
F;Sadio
F;Zita
F;Aria
F;Elina
M;Joaquim
M;Elliot
F;Lilya
M;Pio
F;Kady
F;Dalia
F;Eugénie
F;Lilou
M;Malo
F;Ninon
F;Pauline
F;Sira
F;Tessa
F;Eléonore
M;Kévin
M;Pacôme
F;Shani
F;Margaux
M;Ronan
M;Wesley
M;Gianni
F;Jeanne
M;Lyes
M;Anir
M;Albert
F;Emy
F;Kadidia
F;Maya
M;Hector
F;Malika
F;Emily
F;Linda
F;Ombeline
F;Joudia
M;Matteo
F;Anya
M;Noah
M;Loïs
F;Noa
F;Malia
F;Olga
M;Iyed
M;Constantin
F;Maëlys
M;Daniel
M;Mateo
F;Izïa
F;Ayana
M;Matteo
M;Owen
M;Hadrien
M;Eric
M;Kylian
F;Rym
M;Ahmad
F;Mamou
M;Marlon
M;Sasha
M;Achille
M;Florent
M;Ismaël
M;Corentin
M;Nathan
F;Alaïa
M;Quentin
F;Jasmine
F;Sibylle
F;Syrine
F;Calista
M;Léopold
F;Safia
M;Tidiane
M;Ismael
F;Paloma
F;Fiona
M;Gianni
F;Jeanne
F;Maïwenn
F;Mathilde
F;Mona
M;Rami
M;Nour
F;Shany
F;Inês
F;Laure
M;Khalid
M;Lamine
M;Tancrède
F;Yasmine
F;Cyrine
F;Elie
F;Eva
M;Gustave
M;Haroun
F;Jane
F;Kahina
F;Lina
F;Mila
F;Alyah
F;Amira
F;Eden
M;Gabin
M;Menahem
F;Lili
M;Matthias
F;Naya
M;Ben
M;Bilal
F;Abigaëlle
M;Blaise
F;Meriem
F;Anouk
F;Gaïa
F;Salomé
F;Maxine
M;Naïl
M;Adem
F;Adja
F;Charline
M;Kenny
M;Louis
M;Neil
F;Alia
F;Coralie
F;Énora
M;Hadrien
F;Milena
F;Helena
M;Issam
M;Matis
F;Ritej
M;Théodore
M;Juba
M;Mathieu
F;Melina
M;Ange
F;Elya
M;Matei
F;Tasnime
F;Alexia
M;Isaac
M;Sacha
M;Simon
F;Olympe
M;Gaston
M;Naor
F;Paula
M;Cédric
M;Émile
F;Tara
M;Yaya
F;Charline
F;Gabrielle
F;Imène
F;Malika
M;Nikola
M;Timothée
F;Amina
F;Blanche
M;Ewan
M;Mohammed
F;Khadidiatou
M;Lorenzo
F;Loubna
M;Solal
F;Solène
F;Téa
F;Alia
M;Franck
M;George
M;Hadrien
F;Héloïse
F;Luce
F;Maxine
M;Mahmoud
M;Jayden
F;Assa
M;Adan
F;Angelina
F;Tasnime
M;Priam
M;Amadou
F;Chayma
F;Emeline
F;Hajar
F;Alice
F;Amy
M;Gaston
F;Karla
F;Malia
F;Adama
F;Amicie
F;Quitterie
F;Carla
F;Evy
M;Léonard
F;Mahaut
M;Mehdi
M;Ezio
F;Meriem
M;Anton
F;Avital
F;Johanne
M;Mickaël
F;Anne
F;Hélène
M;Jimmy
M;Issa
M;Christ
F;Imany
M;Célestin
F;Amandine
F;Assiya
F;Sonia
M;Christopher
M;Auguste
F;Séréna
F;Cassandra
M;Côme
F;Samantha
M;Jonathan
M;Saul
F;Yousra
M;Andrei
M;Warren
M;Alban
F;Binta
M;Chahine
M;Swann
F;Myriam
M;Aurèle
F;Aurélie
F;Henriette
M;Ibrahima
M;Matteo
M;Colin
M;Giulian
F;Christina
M;Anatole
F;Amicie
F;Olympia
F;Olga
F;Louisa
M;Bilal
F;Mya
M;Emil
M;Daris
F;Lina
M;Marius
M;Owen
M;Augustin
M;Hippolyte
M;Louka
M;Marin
F;Sophie
F;Vanessa
F;Ava
M;Mahamadou
F;Maïssa
M;Pablo
M;Ari
F;Estelle
M;Eyal
M;Hakim
M;Marius
M;Noham
F;Shelly
F;Aïssatou
M;Clarence
M;Albin
F;Andrea
F;Ariane
M;Ethan
M;Lyam
M;Tony
M;Erwann
M;Hector
M;Jonathan
F;Lindsay
F;Lila
F;Maëlle
F;Noor
F;Lyne
F;Eloïse
F;Ada
M;Oliver
F;Nihel
F;Anita
F;Maëline
F;Séraphine
F;Yana
F;Iris
F;Aleyna
F;Leïna
F;Baya
F;Manelle
F;Milla
M;Paul-Arthur
F;Ava
M;Jaden
F;Marie
M;Amine
M;Bilel
M;Andrea
M;Antonio
F;Billie
M;Eyal
M;Ezra
M;Gaspard
M;Merlin
M;Ziyad
F;Aïna
F;Léonore
M;Ryad
F;Élia
M;Loup
F;Philippa
M;Brayan
M;Kacper
F;Sonia
F;Aby
F;Dina
F;Kadiatou
F;Kassandra
M;Xavier
M;Edouard
F;Syrine
F;Emilia
M;Ferdinand
M;Alessandro
M;Eli
M;Eric
M;Jason
F;Noa
F;Alessia
F;Elise
M;Antony
M;Edgar
M;Sami
M;Lorenzo
M;Joaquim
F;Naya
M;Saul
M;Elie
M;Elouan
F;Mado
M;Marco
M;Mattia
F;Domitille
F;Isia
M;Ivan
M;Sidy
F;Tesnim
M;Ariel
F;Frida
M;Hillel
F;Judith
F;Ysé
F;Alicia
M;Dylan
M;Gonzague
F;Ludivine
F;Melina
F;Daphné
M;Hector
M;Mayeul
M;Roméo
M;Christian
M;Loïc
M;Maxim
F;Olympe
M;Sacha
F;Yousra
F;Céline
F;Charline
M;Loan
F;Thalia
F;Alexandra
F;Chayma
F;Louisa
F;Abigail
M;Anas
M;Dan
F;Joanne
F;Mélina
F;Olivia
F;Sirine
M;Téo
F;Jane
F;Ana
M;Mathéo
F;Valentina
M;Lévi
F;Talya
M;Colin
F;Safia
F;Leila
F;Sanaa
F;Dihya
F;Eugénie
M;Salim
F;Leya
F;Jasmine
F;Amélia
F;Malya
M;Wandrille
M;Nassim
M;Armel
F;Ela
M;Léo
M;Merlin
F;Nesrine
M;Nolan
F;Djénéba
M;Assil
F;Cloé
F;Aylin
M;Ayoub
M;Camille
M;Aylan
M;Matis
M;Alix
M;Ilan
M;Kamil
M;Timothée
F;Bintou
F;Emmy
M;Milan
M;Yannis
F;Meïssa
M;Ariel
M;Léo-Paul
M;Stefan
F;Aïda
F;Ombeline
M;Tristan
M;Alone
F;Eliana
M;Melchior
F;Solange
M;Alistair
M;Evann
M;Ilan
M;Ilyes
F;Maylis
F;Meriem
M;Sacha
M;Fares
F;Joana
F;Lauren
F;Mélia
F;Noémie
M;Léni
M;Matéo
M;Eliott
M;Alpha
M;Mickaël
F;Angélina
M;Jonathan
M;Sam
F;Yaëlle
F;Lauryn
M;Lucas
F;Farah
F;Mariam
M;Ishaq
F;Elia
M;Charly
M;Idrissa
F;Razane
F;Carla
F;Lucie
M;Marlon
M;Ahmed
M;Islem
F;Raphaëlle
M;Antoine
M;Carl
F;Elsa
F;Lina
M;Ahmad
M;Achille
M;Corentin
F;Lilia
M;Alessandro
F;Émilie
M;Flavio
M;Logan
M;Enguerrand
F;Hermine
F;Oumou
M;Rafaël
M;Elia
F;Gabriella
F;Soraya
M;Ilyas
M;Lenny
M;Malek
F;Viviane
F;Alexandra
F;Laura
M;Muhammad
F;Bella
F;Yael
M;Keziah
M;Samba
M;Maxime
F;Talia
F;Noée
M;Qayim
M;Quentin
F;Daphné
F;Léonie
F;Marilou
M;Joseph
M;Lior
F;Chiara
F;Eve
M;Selim
F;Romane
M;Aziz
F;Irène
F;Giulia
M;Ugo
M;Hamza
M;Jacques
F;Laura
F;Mahault
M;Lewis
M;Yacine
M;Jude
F;Nell
F;Lina
M;Auguste
F;Hannah
M;Lazare
F;Esther
M;Edouard
M;Babacar
F;Avital
F;Barbara
F;Mia
M;Pablo
M;Emilien
F;Marie-Alix
F;Mila
F;Alix
M;Marc
F;Nine
M;Ousmane
M;Eloi
M;Ilian
F;Luce
M;Adil
M;Gaoussou
M;Jonathan
F;Léane
F;Lilou
M;Théotime
M;Youssouf
F;Zélie
F;Ana
M;Anatole
F;Elena
F;Tara
F;Fatimata
F;Flore
M;Yahya
F;Alya
M;Chahine
M;Clément
M;Fodé
F;Gabriela
F;Kadiatou
M;Tahar
F;Amy
F;Cléo
F;Emma
F;Gabriella
F;Selma
M;Bilel
M;Youssouf
M;Elio
F;Fatma
F;Flora
F;Keren
F;Mélina
F;Fatou
F;Flora
F;Suzanne
M;Yvan
F;Charlotte
F;Lilou
F;Maïssa
M;Andrew
M;Axel
F;Eline
M;Eric
F;Iman
F;Lou-Ann
M;Modibo
M;Tao
M;Youssef
M;Archibald
M;Ferdinand
F;Laura
F;Victoire
M;Adel
F;Fanny
F;Gloria
M;Imran
M;Joshua
F;Lisa
M;Lou
F;Sophia
F;Vanessa
M;Wilfried
M;Yoni
F;Adja
F;Antonia
M;Guillaume
F;Chiara
M;Eliel
M;Ewenn
F;Grace
F;Maëlys
M;Mouhamadou
F;Claire
M;Hassan
M;Isaac
F;Georgia
M;Imran
F;Sharon
F;Tess
M;Melvyn
M;Noam
M;Rayane
F;Éline
F;Maya
F;Rania
M;Alexandre
F;Alia
F;Arya
F;Assya
M;Élie
M;Kaïs
M;Yoni
F;Héloïse
M;Lysandre
M;Sandro
M;Wael
F;Yasmine
F;Lara
M;Amaury
F;Astrid
F;Fatou
M;Demba
F;Marion
F;Aminata
F;Mélissa
F;Solène
F;Léonore
F;Rita
M;Mickael
M;Zacharia
F;Zoé
F;Elly
M;Sacha
F;Julia
F;Anouk
F;Assia
M;Lenny
F;Sélène
F;Liba
M;Alexander
F;Elise
M;Lévi
F;Olga
F;Lev
M;Rami
F;Maylis
M;Noah
M;Yanis
F;Eloïse
M;Corentin
F;Ysée
F;Ida
F;Sidra
M;Romain
F;Billie
M;Roch
F;Niya
M;Jaden
F;Jalia
M;Alix
F;Elya
M;Marco
M;Amine
M;Marco
F;Émilie
F;Louna
M;Mohamed
M;Virgile
F;Viviane
F;Agnès
F;Chaima
F;Izia
M;Aymen
M;Gauthier
M;Imran
F;Maïmouna
M;Ambroise
F;Elsa
F;Anita
M;Mory
F;Alba
M;Hadrien
M;Adama
F;Assia
F;Cléo
F;Constance
M;Youri
M;Guillaume
F;Aminata
M;Luca
F;Aurore
M;Marlo
M;Ezra
M;Rafael
F;Philippa
F;Joanna
F;Jannat
F;Neïla
F;Tamara
F;Laure
F;Noura
M;Tybalt
M;Albert
F;Gina
F;Naomie
F;Éléonore
M;Félix
M;Issam
M;Mathias
M;Rafael
M;Carl
M;Melchior
F;Nesrine
F;Tina
F;Alya
F;Izïa
M;Yossef
M;Abdou
F;Cassandre
M;Wandrille
M;Jacob
M;Kelyan
F;Manuela
M;Sasha
F;Bertille
M;Eugène
F;Noémie
F;Erin
M;Olivier
F;Maëlie
F;Aurélie
F;Rosalie
M;Marwan
M;Romain
F;Amélia
F;Anissa
M;Alfred
F;Amina
F;Leïla
F;Judith
M;Levi
F;Amy
F;Jeanne
M;Noé
M;Mahé
F;Ève
M;Timur
M;Mathis
F;Elia
M;Lévi
F;Oriane
F;Salomé
F;Jodie
M;Christian
F;Esther
M;Milhan
M;Aron
M;Barthélemy
F;Liliana
M;Alpha
F;Milena
F;Selma
F;Luisa
F;Isabelle
F;Meryem
F;Louison
M;Raphael
F;Anne
F;Lorena
F;Yousra
F;Carla
F;Élina
M;Jibril
M;Naël
F;Alycia
M;Célian
M;Evan
F;Kelly
M;Sébastien
F;Clara
M;Flavien
M;Malcolm
M;Quentin
M;Alassane
M;Islam
F;Leïla
F;Lyla
M;Mattéo
F;Neyla
F;Aude
F;Talia
M;Anas
F;Camélia
F;Capucine
F;Cassandre
F;Maria
M;Rafaël
F;Rebecca
F;Victoire
M;Issam
M;Modibo
F;Anissa
M;Elliot
M;Jordan
F;Maeva
F;Élise
M;Martin
M;Naïm
F;Dana
M;Florian
M;Thiago
M;Zacharie
M;Demba
F;Alyah
M;Anselme
F;Appoline
M;Eddy
F;Oriane
F;Cléo
M;Dalil
M;Evan
F;Gaia
F;Irène
F;Pauline
M;Abou
M;Aurélien
F;Kiara
F;Mélodie
F;Safiatou
F;Tiguida
M;Ulysse
F;Elisabeth
M;Younès
M;Christ
M;Ilias
F;Nola
F;Éléa
M;Lamine
F;Gabriella
M;Louison
M;Damian
M;Henry
M;Léon
M;Lou
F;Solène
F;Béatrice
F;Jill
F;Andrea
M;Badis
M;Andrea
F;Hafsa
F;Jessica
F;Sabrina
F;Siloé
M;Youssef
M;Josh
M;Wesley
F;Anaëlle
M;Aurélien
F;Garance
M;Ivan
M;Mory
F;Noa
F;Rose
M;Yahya
F;Sana
F;Lison
M;Luca
F;Philomène
F;Léana
F;Nelly
M;Tony
F;Anouck
M;Isaac
F;Margo
F;Myrtille
M;Vincent
F;Melina
M;Emile
M;Abdoulaye
F;Éloïse
F;Perrine
M;Hedi
F;Délia
M;Ibrahim
F;Judith
M;Tiago
F;Célia
F;Lucia
M;Nelson
F;Emilie
M;Éthan
F;Samira
F;Adja
M;Alpha
M;Johan
F;Astrée
M;Aurel
F;Domitille
F;Elise
M;Johann
F;Lila
M;Prince
F;Janna
M;Jonathan
M;Lassana
M;Avi
M;Brice
F;Solveig
M;Sekou
F;Sofia
F;Stéphanie
M;Vladimir
M;Alexandre
M;Lenny
M;Maximilien
M;Paul
M;Auguste
F;Lea
M;Nabil
M;Réda
M;Souleymane
M;Hugo
F;Lily
F;Lise
M;Matias
M;Rami
F;Tania
M;Kamil
F;Maria
M;Sami
M;Bastien
M;Harry
M;Mahamadou
F;Neyla
F;Salimata
M;Cheick
F;Hadja
F;Inaya
M;Tidiane
F;Liza
F;Djeneba
F;Lilas
F;Lena
F;Ora
M;Swan
F;Fatimata
F;Raphaëlle
M;Gaston
M;Élias
M;Mouhamadou
M;Nil
M;Milan
F;Marion
M;Yanis
F;Romie
M;Léo
F;Manel
M;Noé
F;Paula
F;Anouck
F;Joanne
M;Mohammed
F;Aïda
F;Livia
M;Mahamadou
F;Rachel
M;Solal
M;Siméon
F;Thaïs
M;Leonardo
M;Lou
F;Rébecca
F;Tess
M;Théodore
M;Yohann
M;Zakaria
F;Aleksandra
M;Noâm
F;Faustine
F;Dounia
M;Andrei
M;Massyl
F;Ferima
F;Léonie
M;Naor
M;Malo
F;Lana
M;Emile
M;Kassim
M;Eliel
M;Nahil
M;Adan
F;Angèle
F;Alicia
F;Bintou
F;Lara
M;Mohamed-Ali
F;Nell
M;Youcef
F;Ilona
F;Lou-Ann
M;Samir
M;Rayane
F;Fiona
M;Joey
F;Luce
F;Lylia
M;Maximilian
M;Aksil
F;Catherine
F;Grace
F;Marion
M;Saïd
F;Simone
F;Clémence
M;Mamoudou
M;Marcus
F;Alexandra
F;Alissa
M;Idris
M;Issam
F;Aisha
F;Adelina
F;Joyce
M;Élie
M;Gustave
F;Iris
F;Isis
F;Mia
M;Tanguy
M;Anton
M;Jean
F;Manuela
M;Mathys
M;Aylan
M;Kilian
M;Lenny
F;Lila
M;Louan
F;Nina
F;Shirel
M;Andréas
F;Estelle
F;Héléna
F;Maëlle
M;Youssouf
M;Idriss
M;Aaron
M;Adam
M;Ronan
F;Wendy
F;Alexane
M;Yaya
M;Abdoulaye
F;Matilde
F;Daniella
M;Yaya
F;Ève
M;Ilyas
M;Isaac
M;Mehdi
F;Ashley
M;Kamil
F;Leïna
F;Oumou
F;Salimata
M;Alec
F;Dania
M;Ezio
M;Haroun
F;Ashley
F;Jill
F;Layla
M;Muhammad
F;Alya
F;Axelle
F;Roxane
M;Shay
M;Aiden
F;Anaelle
F;Brune
M;Iyed
M;Lou
F;Samira
F;Victoria
F;Astrid
M;Aymen
F;Ramata
F;Amélia
F;Tal
F;Marianne
M;Arès
M;Amir
F;Ora
F;Lilya
M;Vadim
F;Maryam
M;Elio
M;Gaspard
F;Apolline
F;Lara
M;Lou
F;Cali
F;Kadiatou
M;Erwan
M;Luc
M;Moussa
F;Colombine
M;Johan
F;Maëva
F;Elsa
F;Emmy
F;Hawa
F;Imen
M;Joaquim
F;Alix
M;Loïs
M;Dylan
M;Gaëtan
M;Thibault
M;Angelo
M;Loan
M;Pablo
F;Blanche
F;Eve
M;Josselin
F;Karla
F;Pia
F;Naïla
F;Naya
F;Pia
F;Sélène
F;Anastasia
M;Andrew
M;Charles
M;Clarence
M;Marlon
F;Séréna
F;Marie
F;Félicie
F;Jessica
F;Kate
F;Mariame
M;Achille
M;Boubacar
M;John
M;Kilian
F;Laetitia
M;Maël
F;Mélanie
F;Mona
F;Violette
F;Jennifer
M;Kilian
M;Elliot
M;Nelson
M;Roman
M;Sacha
F;Théa
M;Abel
M;Cédric
F;Ludivine
M;Mickaël
M;Auguste
F;Aya
F;Léontine
F;Rahma
F;Céleste
F;Fanta
F;Solène
F;Daniella
M;Cayden
F;Talya
F;Louve
F;Eline
M;Nabil
F;Apolline
M;Ali
F;Myriam
F;Leïla
F;Lena
M;Imrane
F;Isra
M;Kenzi
M;Merlin
F;Élisa
F;Alima
F;Emma
F;Romy
M;Nahel
F;Elisabeth
F;Jana
M;Wassim
F;Colette
M;Hadrien
M;Rémi
F;Tina
M;Younes
F;Adriana
F;Alix
F;Coralie
M;Erwan
M;Hugo
M;James
M;Leo
F;Liz
M;Eytan
M;Gary
F;Georgia
M;Mody
M;Camil
F;Cléophée
M;Issam
M;Thiago
M;Younès
M;Aymen
M;Ezio
M;Nadir
F;Olga
M;Ali
F;Candice
F;Jasmine
F;Maïlys
M;Marc
M;Raphaël
F;Leïla
F;Paola
F;Sana
M;Eli
F;Fatima
M;Ilyas
M;Etienne
F;Avital
M;Aymeric
F;Laure
F;Ruth
M;Imrân
F;Alisha
M;Abdelaziz
F;Sohane
F;Loan
F;Audrey
M;Mathys
F;Noémi
F;Madina
M;Menahem
F;Lila
M;Raphaël
F;Asma
F;Eva
F;Maryam
F;Monica
F;Billie
M;Rami
F;Ela
M;Vianney
M;Yani
M;Louis
F;Izïa
M;Yazid
M;Anthony
F;Noémie
M;Siméon
F;Talya
F;Vanessa
M;Ernest
F;Neïla
F;Nell
F;Salimata
F;Vanessa
M;Jayden
M;Léo
F;Victoire
M;Rafaël
M;Yahia
F;Sibylle
F;Naya
F;Olga
F;Albertine
M;Aksil
M;Kays
M;Mayeul
M;Rayan
M;Eliott
M;Ilhan
M;Liham
M;Benjamin
F;Ellie
M;Ilias
F;Amel
M;Kenzo
F;Raphaëlle
F;Alia
F;Allegra
F;Cécile
M;Issa
M;Lisandro
F;Marion
F;Solveig
M;Eliakim
F;Cynthia
F;Rose
M;Adil
F;Aya
M;Lucien
M;Abdoulaye
F;Angela
F;Céleste
F;Chirine
F;Lauryn
F;Marion
F;Mayssa
F;Nada
M;Steven
M;Titouan
F;Ania
F;Camélia
F;Flavie
F;Kelly
F;Sana
M;Aksil
F;Enola
M;Leo
F;Rahma
F;Rosalie
F;Axelle
M;Guillaume
F;Ariane
F;Hélèna
M;Robinson
M;Mathias
F;Paula
M;Malik
M;Raoul
F;Amélia
M;Elyas
F;Manuela
M;Olivier
F;Layane
F;Safiya
M;Aubin
M;Lysandre
F;Mawa
F;Prune
F;Celia
F;Luna
F;Aïcha
M;Kyan
M;Alhassane
M;Damian
F;Louison
M;Aly
F;Charline
M;Gabriel
F;Kenza
M;Mark
F;Maud
F;Miya
M;Noam
F;Sadio
M;Charlie
M;Dorian
M;Gabriel
F;Katia
M;Leandro
F;Naomie
M;Raphael
F;Louisa
M;Ben
F;Pia
M;Roméo
F;Elisabeth
F;Lilas
F;Zayneb
M;Gaëtan
M;Sohann
F;Éva
M;Henry
M;Jayson
M;Adel
F;Bella
F;Maéva
M;Max
M;Aurèle
F;Diane
M;Issam
F;Julia
F;Linda
M;Octave
F;Noémie
F;Iris
F;Thalia
F;Angèle
F;Naïla
M;Ferdinand
M;Ambroise
F;Mayssa
F;Yaëlle
F;Colombe
F;Imane
M;Léandre
F;Marina
M;Alan
F;Catalina
M;Luca
F;Andréa
M;Killian
F;Tara
M;Tiago
M;Alexy
M;Allan
M;Silas
F;Anita
F;Norah
F;Assya
F;Nine
M;Omar
F;Rosalie
F;Anouck
F;Erin
M;Joseph
M;Néo
F;Alya
F;Anaé
F;Anissa
F;Margot
M;Amadou
F;Erin
M;Florent
F;Ines
F;Marguerite
M;Nahil
M;Rémy
F;Rosalie
F;Annaëlle
M;Dany
M;Khaled
F;Léna
F;Lisa
M;Pacôme
M;Zéphyr
M;Alassane
M;Mateo
F;Mariama
M;Elliott
F;Hanna
M;Ange
F;Fatima
M;Louka
F;Nawel
F;Aïssata
F;Rivka
M;Étienne
F;Ana
M;Elyes
F;Emilia
M;Ishak
F;Manel
M;Albert
F;Amy
M;Fabien
F;Giulia
F;Nour
M;Sofiane
F;Jenna
F;Shanaya
F;Zeinab
M;James
M;Mory
F;Charline
F;Aurore
M;Amaury
M;Gary
F;Charline
F;Khadija
M;Victor
F;Amélia
M;Ishak
M;Laurent
M;Scott
M;Abel
F;Ada
F;Daria
F;Mariya
M;Adrian
M;André
M;Mickaël
F;Morgane
F;Anaëlle
M;Lazare
F;Meryem
F;Assa
M;Guillaume
M;Maxence
F;Dyna
F;Koumba
M;Ibrahima
F;Océane
F;Adèle
F;Haby
M;Maher
F;Justine
M;Imrane
M;Alexandre
F;Alexia
F;Quitterie
M;Kenny
F;Marwa
F;Wendy
M;Niels
M;Gaspard
M;Enzo
M;Hélios
M;Vincent
F;Alice
F;Lily
M;Lancelot
F;Elena
M;Issam
F;Clara
F;Irène
F;Lila
M;Willy
F;Elodie
M;Nolan
M;Yoav
F;Colette
F;Joana
F;Caroline
M;Samy
F;Irina
F;Shira
M;Adem
M;Elyas
F;Ariana
M;Ilyan
M;Gustave
M;Naïm
F;Tatiana
F;Zineb
M;Paolo
M;Mathis
F;Valentine
M;Hugo
F;Nine
M;Ethan
M;Giacomo
M;Walid
F;Héloïse
F;Lilia
F;Oumou
F;Nélya
F;Yasmine
F;Aaliyah
M;Camil
M;Ali
F;Olympe
F;Emilia
M;Bilal
F;Naomie
F;Soraya
F;Elyna
M;Noham
M;Elon
F;Rivka
F;Eléna
F;Assa
F;Hanna
M;Ilyess
F;Layana
M;Mikaïl
F;Nelia
F;Sibylle
F;Aicha
M;Joan
F;Agathe
F;Esmée
F;Kayla
M;Ayaz
F;Elodie
M;Grégoire
M;Justin
F;Malek
F;Aïcha
F;Brune
F;Kawthar
F;Naya
M;Antonio
M;Imrane
F;Inés
F;Lilas
M;Nolhan
F;Anya
F;Elissa
F;Giulia
F;Léonie
F;Naïa
M;Aurel
M;Roman
F;Hella
F;Nahla
M;Néo
M;Rayan
M;Younouss
F;Alice
F;Anaé
M;Germain
M;Hector
M;Maël
F;Nina
F;Nora
M;Ronan
F;Sana
M;Andrea
M;Célian
M;Dany
M;Elliot
F;Julia
M;Viktor
M;Louison
M;Timothée
M;Elio
F;Hermine
F;Delphine
F;Éléonore
M;Hamza
M;Julian
M;Kaïs
F;Liora
M;Lorenzo
M;Moustafa
F;Flavie
M;Gaëtan
F;Keira
F;Leticia
F;Mathilda
F;Rahma
F;Tali
M;Cyrus
M;Idrissa
M;Kyan
F;Adja
F;Deborah
M;David
F;Maëlle
M;Mathias
F;Emmy
F;Océane
F;Anaya
F;Maëva
F;Tasnime
M;Daniel
F;Jennah
F;Abigaïl
M;Zachary
M;Aboubacar
M;Lior
F;Sacha
F;Lahna
F;May
F;Deva
M;Abdoulaye
M;Iwan
F;Selma
M;Arnaud
M;Jacques
F;Meryl
M;Mohammed
M;Thibault
M;Tiago
M;Titouan
F;Aria
F;Djenna
M;Marco
M;Ambroise
M;Isaiah
F;Kahina
M;Mathis
F;Stella
F;Maïwenn
M;Moustapha
M;Noé
F;Safiya
M;Timéo
M;Sidy
M;Alec
M;Cheikh
M;Santiago
M;Edmond
M;Demba
M;Rahim
M;Abdoul
F;Hatouma
M;Max
F;Tasnim
M;Julien
M;Ahmad
M;Marius
M;Lucien
M;Marcus
M;Alessandro
F;Garance
F;Ella
F;Héléna
F;Abigail
F;Elif
F;Alexia
M;Amine
F;Cassie
F;Maïlys
F;Soukaïna
M;Bryan
F;Gabrielle
M;Gaël
F;Lili
F;Manon
F;Anaïs
M;Mohammed
F;Éloïse
M;Éloi
F;Elisa
F;Christine
F;Ema
F;Maé
M;Oussama
M;Ruben
M;Ryad
M;Serge
M;Michel
M;Lino
F;Selma
M;Erwann
M;Hugues
F;Keyla
F;Malia
M;Zakaria
F;Arwa
M;Elio
F;Ysé
F;Anissa
M;Ibrahim
M;Kylian
F;Fatoumata
M;Melvin
M;Oren
M;Enzo
F;Aliénor
F;Maud
M;Yassine
M;Kyllian
F;Elona
M;Paolo
F;Célia
F;Elena
M;Omar
F;Soumaya
M;Alessio
M;Dimitri
M;Iyed
F;Lucy
M;Sékou
F;Lilya
F;Tasnim
F;Lila
M;Malik
F;Ombeline
F;Rosa
M;Aristide
F;Hidaya
F;Aissata
M;Tiago
M;Jason
F;Louisa
F;Louise
M;Zinedine
F;Christina
F;Noor
M;Aimé
F;Athénaïs
F;Marie
M;Esteban
F;Soraya
M;Mattéo
M;Thibault
M;Matias
F;Gabriela
F;Morgane
M;Eliott
M;Alessio
F;Clarisse
M;Aymeric
F;Emma
F;Lehna
M;Wassim
M;Ali
M;Ilian
F;Estelle
M;Orion
F;Rosa
F;Dania
F;Marguerite
M;Aydan
F;Nour
M;Mathieu
M;Youcef
M;Louka
M;Michael
M;Abdramane
F;Amandine
M;Ayoub
M;Lisandro
F;Marilou
F;Oumou
F;Deva
M;Khaled
M;Marceau
F;Salomé
F;Célia
M;Christ
F;Nélia
F;Olga
F;Ritaj
M;Steven
F;Suzanne
M;Théodore
F;Yasmine
M;Aïden
F;Cécile
F;Leyla
M;Loris
M;Isidore
M;Izaac
M;Marlon
M;Benjamin
F;Maeva
M;Ahmed
F;Gloria
M;Anthony
M;Antoine
F;Katia
M;Philibert
M;Victor
M;Amaury
M;Lorenzo
M;Amin
M;Célestin
M;Curtis
F;Line
M;Andréa
M;Moustapha
F;Viviane
F;Fatima
F;Nada
M;Hippolyte
M;Mathias
M;Salomon
F;Hannah
M;Nikita
F;Zohra
M;Nelson
M;Elijah
M;Cameron
F;Célia
F;Mina
M;Youssef
M;Selyan
M;Mamadou
F;Myriam
F;Mathilda
F;Yara
M;Aden
F;Marjane
F;Tasnime
F;Estelle
F;Maylis
F;Eléa
F;Fiona
M;Gaëtan
M;Samuel
M;Valentin
F;Astrid
M;Aymane
M;Noa
M;Élio
F;Leia
M;Sam
F;Elsa
M;Yasser
M;Selyan
M;Noé
F;Sophia
M;Constant
F;Alba
M;Yazid
M;Arthus
M;Boubou
F;Anaïs
M;Ismael
F;Emmy
F;Assa
F;Rym
M;Camille
F;Julie
F;Maeva
F;Amira
F;Ophélie
F;Alia
M;Colin
F;Jessica
F;Lisa
F;Pauline
F;Adriana
F;Aglaé
F;Mia
F;Ayana
F;Ninon
F;Félicité
M;Gaëtan
F;Lily
M;Loris
F;Seynabou
F;Yara
M;Kenan
M;Kenzo
M;Camille
F;Alina
F;Lylia
M;Ramy
M;Zakary
M;Alan
F;Goundo
M;Matthew
M;Menahem
M;Gaëtan
F;Maéva
F;Tiphaine
M;Andreas
M;Damien
M;Elior
F;Gabrielle
M;Tony
F;Bertille
M;Estéban
F;Linda
F;Niouma
M;Abdallah
M;Zayn
M;Orso
M;Mathéo
M;Saïd
M;Brayan
M;Colin
F;Dounia
F;Félicie
F;Adame
M;Angelo
F;Kelya
M;Youssouf
F;Bouchra
F;Charlotte
M;Jayden
F;Maëlle
M;Mathéo
F;Naïla
F;Soumaya
M;Brayan
F;Mélissa
F;Ninon
F;Sirine
M;Liam
F;Malia
M;Dani
M;Eliott
F;Khadija
M;Merlin
F;Ariane
F;Mélia
F;Anouk
F;Liana
M;Fabien
F;Sixtine
F;Elisabeth
M;Elyas
M;Kevin
M;Nabil
M;Théotime
F;Anouck
F;Chloé
F;Alia
F;Suzon
F;Noélie
M;Aleksandar
F;Alina
M;Ambroise
M;Badis
M;Clément
F;Cloé
M;Jawed
F;Jessie
F;Kenza
F;Sophia
F;Mayssa
M;Pablo
M;Souleymane
F;Jasmine
M;Sam
M;Hamidou
F;Célina
M;Yannick
F;Clémence
F;Mélina
M;Paolo
F;Raphaëlle
M;Christophe
M;Dan
M;Firas
M;Isaac
M;Jibril
F;Ninon
M;Nolan
F;Rahma
F;Stella
F;Clarisse
M;Hamza
M;Santiago
M;Yves
M;Eliel
M;Nahil
F;Zita
M;Walid
M;Bilel
M;Youcef
M;Albéric
F;Oriane
M;Dorian
F;Gisèle
F;Neïla
F;Andréa
M;Cheikh
F;Hana
F;Alexandra
F;Djenna
F;Élisabeth
M;Jean-Baptiste
F;Kenza
M;Aharon
M;Emilio
M;Ewan
F;Imane
F;Irène
F;Selena
M;Loan
M;Robinson
M;Zakarya
M;Anis
F;Baya
M;Younous
F;Aliénor
M;Dany
F;Eulalie
F;Louison
M;Noé
F;Solveig
F;Aliya
F;Jessica
M;Léo-Paul
M;Oscar
M;Oumar
F;Kelly
F;Marguerite
F;Ombeline
F;Elena
F;Eline
M;Jason
F;Naomie
M;Louis
F;Ysé
F;Hafsa
M;Maël
F;Selena
F;Lya
M;Neil
F;Alexia
M;Safwan
F;Syrine
F;Alba
M;Virgile
M;Achille
M;Eytan
M;Filipe
M;Aurel
M;Mael
F;Sabrine
M;Téo
M;Lyes
M;Pierre-Louis
F;Clotilde
M;Wilfried
M;Laurent
M;Miguel
M;Abdou
M;Alan
F;Eliora
M;Elliot
F;Laura
F;Auriane
M;Emilio
M;Jan
F;Marta
F;Nelya
M;Patrick
M;Sinan
F;Elina
F;Nana
F;Ora
M;Élio
F;Divine
M;Joseph
M;Kenan
M;Malone
M;Jules
M;Maxence
F;Khadidja
M;Kenzo
M;Matéo
M;Zakaria
F;Claudia
F;Gloria
M;Ryad
M;Vianney
F;Eléna
F;Gaïa
F;Lou-Anne
F;Nadia
M;Sékou
F;Toscane
F;Alexia
M;Léopold
M;Cameron
M;Christian
M;Gaston
M;Hillel
M;Nolhan
F;Hawa
F;Julia
M;Léopold
M;Siméon
F;Stella
F;Tatiana
M;Tao
M;Jules
F;Israa
F;Adriana
M;Adrien
F;Lia
F;Lahna
F;Imane
F;Saja
F;Emna
M;Thierno
F;Jeanne
F;Annabelle
M;Matthieu
M;Marc
F;Marguerite
F;Aissatou
F;Yaël
M;Abdourahmane
F;Avital
M;Yacine
F;Pénélope
M;Owen
M;Khalil
M;Silas
M;Hillel
M;Cheick
F;Mina
F;Maëlle
M;Ziyad
F;Anouk
M;Tidiane
M;Yaron
F;Julie
F;Mariam
F;Meryam
F;Leia
M;Owen
F;Pauline
F;Joséphine
M;Mateo
F;Vinciane
F;Noor
M;Virgile
F;Ethel
F;Élodie
M;Matéo
F;Sasha
M;Marcus
F;Hadja
M;Melvil
M;Joachim
M;Carl
M;Felix
M;Fares
M;Ayan
F;Fleur
F;Louane
F;Tess
F;Amina
F;Mia
M;Aaron
M;Gustave
F;Hélène
F;Solveig
M;Christopher
M;Adrien
M;Ynone
F;Aura
F;Mila
M;Amadou
M;Ivan
F;Brune
F;Bella
F;Alexandra
F;Lehna
M;Nino
M;Adrien
F;Jasmine
M;Abdoulaye
F;Amina
F;Divine
M;Ismaïl
M;Kevin
F;Fleur
F;Mina
M;Yohan
F;Isaure
M;Maxence
F;Noémie
F;Sophie
M;Akram
F;Enora
F;Victoria
F;Zohra
F;Ilyana
F;Leila
F;Liana
F;Nafissatou
M;Niels
M;Marius
M;Nolan
M;Abdoulaye
M;Boubacar
M;Bosco
M;Yasser
M;Younès
M;Ferdinand
F;Alessia
M;Jude
M;Ari
F;Olivia
M;Ethan
F;Héloïse
F;Hawa
M;Soan
F;Clémentine
M;Amaël
F;Shirel
M;Jad
M;Marcel
M;Idris
F;Mahault
F;Éva
F;Lys
F;Hannah
F;Aicha
M;Amir
M;Jayden
M;Harry
F;Amira
F;Malika
M;Ilyane
F;Héléna
M;Lamine
M;Leo
M;Lubin
M;Mathurin
M;Nils
F;Basma
M;Amir
M;Marwane
M;Swann
M;Jaden
F;Janna
M;Grégoire
M;Mael
M;Andréa
M;Eli
F;Ellie
M;Hassan
M;Loïc
F;Solenn
M;Habib
F;Hanaé
F;Loubna
F;Maélys
F;Philippine
F;Shanice
F;Asma
F;Colombe
M;Hubert
M;Jonas
F;Salma
M;Fadi
M;Lilian
F;Mia
M;Olivier
F;Eya
F;Marilou
M;Darius
M;Ferdinand
M;Adama
F;Iliana
M;James
F;Meryem
M;Naïm
M;Pablo
F;Valentine
F;Ashley
M;Idris
F;Mariam
M;Nathanael
F;Rania
F;Ariane
F;Hortense
F;Nora
M;Oscar
F;Pénélope
F;Albane
F;Colombe
F;Margot
F;Marnie
F;Gaïa
F;Kelly
F;Romy
M;Lélio
M;Louca
F;Mona
M;Nino
F;Pénélope
F;Zélie
F;Charlie
F;Flora
F;Melissa
F;Selma
M;Moustapha
M;Ian
F;Aimée
F;Louise
F;Maud
F;Abigaëlle
M;Cheick
F;Luce
F;Assa
M;Christopher
F;Milena
M;Mohammed
M;Aubin
F;Manel
M;Mickael
M;Samson
F;Sophie
F;Castille
M;Kayden
M;Abdoul
F;Leyla
F;Constance
F;Stella
M;Alban
M;Mathys
F;Kadidja
M;Nahïl
F;Soukaïna
M;Yusuf
F;Chaïma
M;Gaston
M;Marwan
M;Maxence
F;Simone
M;Tancrède
M;Kevin
M;Omar
F;Salma
M;Vadim
M;Yann
F;Diana
M;Haron
M;Chad
F;Daria
F;Diana
M;Fabrice
F;Béatrice
M;Elliot
M;Fabien
F;Flavia
M;Loïc
F;Selma
F;Adeline
F;Léa
M;Michaël
F;Sabrine
F;Ariane
F;Castille
M;Eli
F;Lucie
M;Arsène
F;Ève
M;Zéphyr
M;Zakaria
M;Lyam
F;Éléa
F;Enola
M;Alexandre
M;Hélios
M;Léonard
F;Sacha
M;Arlo
M;Hassan
F;Léana
F;Martha
F;Malak
M;Ismaël
F;Liv
F;Léopoldine
F;Astrid
F;Rachel
F;Asma
F;Ella
M;Emmanuel
M;Nathanaël
M;Sasha
M;Yann
M;Bilel
F;Grace
M;Hakim
F;Mia
F;Sixtine
F;Lea
M;Mahé
M;Ousmane
M;Simon
M;Tomas
M;Ugo
F;Virginie
F;Apolline
M;Elyas
F;Marguerite
M;Naël
M;Robin
M;Mathis
F;Swann
M;Adam
F;Elisa
M;Lenny
F;Mariam
F;Mina
F;Rebecca
F;Tal
F;Livia
M;Diego
F;Dina
M;Ethan
F;Léa
M;Marc
M;Nikola
M;Alpha
M;Arsène
M;Filip
M;Mouhamadou
M;Antoine
M;Ethan
F;Inaya
M;Lorenzo
M;Mael
M;Lounes
M;Swann
M;Jacques
M;Ernest
M;Stanislas
M;Aksil
M;David
F;Aby
M;Edouard
F;Maryam
F;Judith
F;Mira
M;Lohan
F;Estelle
F;Garance
M;Adrian
M;Honoré
F;Hannah
F;Simone
F;Jennah
M;Curtis
F;Serine
M;Anas
M;Lassana
M;Mohamed-Lamine
F;Lyne
F;Mayline
F;Alana
F;Eléa
M;Raphael
F;Lily
F;Camila
M;Warren
F;Solange
F;Abigaël
M;Alon
F;Dalia
F;Thaïs
F;Coumba
F;Ora
M;Qassim
F;Ava
F;Jade
F;Eléna
M;Selim
M;Youssef
M;Nael
M;Marlon
M;Mylann
F;Nina
F;Alina
F;Alma
M;Zayd
M;Aron
M;Dov
F;Yaël
F;Tal
M;George
M;Leyth
F;Lili
M;Nil
F;Maïmouna
M;Adel
M;Loan
F;Ayna
M;Arlo
M;Alexis
M;Mayeul
M;Ilian
M;Leandro
F;Lola
F;Axelle
F;Théodora
M;Ange
F;Aline
F;Éloïse
F;Maï
M;Roman
F;Armance
F;Maya
F;Sasha
M;Adama
F;Ange
M;Ilhan
F;Marilou
F;Alix
F;Dahlia
F;Rahma
F;Izia
M;Yossef
F;Bintou
M;Moussa
M;Ruben
F;Sienna
F;Téa
M;Aron
F;Céline
M;Aubin
F;Zineb
M;Nathane
F;Castille
F;Fatima
M;Milhan
M;Viktor
F;Coline
F;Alix
F;Élise
F;Anaé
F;Ysé
F;Camille
F;Swann
F;Hannah
M;Dan
M;Ivan
F;Lorie
M;Michael
M;Aboubakar
F;Ninon
F;Flora
F;Niouma
M;Elias
F;Margot
M;Issam
M;Alessandro
M;Ben
F;Dana
M;Ryad
M;Yanni
M;Antoine
M;Camille
M;Ilyane
M;Kamil
M;Nayel
M;Rafaël
M;Timothée
M;Ian
F;Sélène
F;Athénaïs
M;Laurent
M;Mohamed
M;William
F;Emilie
M;Leandro
F;Apolline
M;Elijah
F;Emmy
M;Leonardo
F;Marie-Ange
F;Anita
F;Domitille
F;Romy
M;Ilyas
M;Lamine
M;Mouhamed
M;Elia
F;Elodie
F;Eve
F;Imane
M;Jack
M;Joseph
M;Leandro
M;Yassine
F;Billie
M;Cheick-Oumar
M;Hedi
M;Ali
F;Ella
F;Imène
M;Lévi
M;Timéo
M;Ilies
M;Roméo
F;Marina
F;Mathilde
M;Nathan
F;Roxane
F;Léna
F;Daphné
F;Norah
F;Coralie
F;Isaure
F;Nadia
M;Nathaniel
M;Kassim
M;Salim
M;Gustave
F;Mélody
F;Shanice
M;Wassim
F;Gabrielle
F;Hanna
F;Mélissa
M;Nael
M;Boubacar
F;Ondine
F;Mina
F;Anaé
F;Charline
M;Florent
F;Angela
F;Assetou
F;Fanta
F;Margot
M;Sadio
M;Max
F;Roxane
M;Dan
M;Martin
F;Ysé
M;Idriss
F;Paloma
M;Adel
F;Mira
M;Ange
F;Angelina
F;Nola
M;Teodor
F;Ève
M;Aubin
M;Hillel
M;Lucas
M;Ousmane
F;Amélia
F;Bérénice
F;Jane
F;Kelya
M;Mathys
M;Nadir
F;Élisa
F;Alix
M;Mady
F;Audrey
M;Edward
M;Farès
M;Sandro
M;Nicolas
F;Elsa
M;Imad
M;Antonin
M;Eyal
F;Haya
M;Kaïs
M;Noah
M;Eduard
M;Kilian
F;Lilly
F;Safiya
M;Shay
F;Cyrine
F;Élisabeth
M;Nael
M;Wesley
F;Ayah
M;Étienne
M;Liham
M;Selim
M;Zacharie
F;Catherine
F;Clothilde
M;Emilio
M;Nael
M;Oscar
F;Grace
F;Matilda
M;Menahem
F;Milla
M;Elliott
M;Maxime
M;Pio
F;Soline
F;Théodora
F;Emy
F;Léane
F;Sirine
M;Dimitri
M;Guilhem
F;Manelle
M;Anton
F;Fatima
M;Ernest
M;Alix
F;Hana
F;Hajar
M;Jonathan
M;Nahïl
F;Juliette
M;Jason
F;Léonie
F;Mélina
M;Nathanaël
M;Issa
F;Anaelle
M;Joshua
M;Elyes
M;Gautier
M;Lamine
F;Sirine
F;Noélie
M;Basile
F;Lital
M;Antonin
F;Hanaé
F;Annabelle
F;Aaliyah
F;Olympia
F;Elena
M;Viktor
F;Anouk
M;Kaïs
F;Mahaut
M;Ayoub
M;Titouan
M;Zyad
M;Mathieu
F;Yaëlle
M;Alban
M;Moustapha
F;Salma
M;Souleymane
M;Yohan
F;Lital
F;Aude
F;Eliza
F;Goundo
M;Mehdi
F;Rym
M;Isaac
M;Boris
F;Clotilde
M;Emir
F;Sophie
M;Théo
M;Martin
F;Aïssatou
F;Émilie
M;Jérémie
F;Mahaut
M;Mateo
F;Ludivine
F;Sohane
F;Aïssata
F;Ambrine
M;Mehdi
M;Rayan
F;Ellie
M;Naïl
F;Léopoldine
F;Astou
F;Coumba
F;Ela
F;Georgia
M;Ian
M;Loris
F;Maram
M;Mark
F;Morgane
M;Naïm
F;Naomi
M;Souheyl
M;Théo
F;Laure
M;Nils
F;Maria
F;Naya
F;Malia
F;Dina
M;Ilhan
F;Catherine
M;Cédric
F;Naïs
F;Hannah
F;Anaëlle
M;Charly
M;Clovis
F;Hadassa
M;Mathias
M;Zachary
F;Helena
M;Levi
M;Pierre-Louis
F;Soline
M;Timothée
F;Chaïma
F;Deborah
F;Gwenaëlle
F;Kim
F;Malia
M;Minh
F;Rania
M;Ihsan
F;Louise
M;Ali
M;Ayoub
F;Ayline
F;May
F;Abigaïl
M;Colomban
F;Hawa
F;Anaëlle
M;Lamine
M;Zéphyr
F;Evy
M;Sacha
F;Elyne
F;Isadora
F;Aimée
M;Aymen
F;Héloïse
M;Hamza
M;Vincent
M;Yossef
F;Aissatou
F;Sasha
F;Philippine
M;Cameron
M;Théophane
F;Ludivine
F;Mariama
M;Aboubacar
M;Amir
F;Brune
M;Étienne
F;Kaïna
F;Blanche
F;Céline
F;Jasmine
M;Naël
M;Seydou
M;Djibril
M;Ennio
F;Isra
M;Raphaël
F;Amina
M;Arthus
F;Liora
M;Yani
M;Andréa
F;Gaëlle
M;Amara
M;Ange
M;Otto
F;Véra
M;Timothé
F;Amalia
F;Daria
F;Darine
M;Elyas
F;Fatouma
M;Justin
F;Thaïs
F;Joy
F;Ninon
F;Amelia
F;Bertille
F;Mélanie
M;Asher
M;Philippe
F;Antoinette
F;Barbara
F;Eléna
F;Elsa
F;Odélia
M;Filip
F;Lya
F;Maïlys
M;Rémy
M;Mehdi
M;Tom
F;Aya
M;Adame
F;Anaïs
M;Ézéchiel
M;Lassana
F;Aura
M;Hamady
F;Luna
M;Hussein
M;Samuel
M;Aylan
M;Clément
F;Eline
F;Halima
M;Alessandro
M;Antonio
M;Aubin
M;Gabriel
M;Abdoulaye
M;Aris
F;Linoy
F;Zara
M;Viggo
F;Taline
M;Arthur
M;Jean
F;Romie
F;Cataleya
F;Liana
F;Ophélie
F;Laïa
F;Ava
F;Théa
F;Halima
F;Kadiatou
F;Dune
M;Ayden
M;Elon
F;Julie
F;Kiara
M;Eliot
M;Mael
M;Emil
M;Ezio
F;Capucine
M;Muhammad
F;Salma
F;Baya
M;Jasmin
M;Elijah
M;Eyden
F;Anastasia
M;Elliot
F;Adama
F;Matilde
F;Aïcha
M;Théodore
M;Calixte
M;Samson
F;Maïna
M;Mohamed Lamine
M;Lucien
F;Soline
F;Toscane
M;Gaël
M;Édouard
F;Mya
F;Nélia
F;Linda
F;Sirine
M;Souleymane
F;Madeleine
F;Nine
F;Noha
F;Thaïs
M;Sekou
F;Sixtine
F;Tasnim
M;Elyes
M;Fares
M;Farès
F;Solange
F;Aaliyah
M;Boubacar
M;Amadou
F;Amelia
F;Gloria
M;Lubin
M;Walid
M;Youssef
F;Nora
M;Alessio
M;Youcef
M;Zachary
M;Daoud
M;Auxence
M;Mohamed
M;Ismaïl
M;Levi
M;Manil
F;Mila
M;Ilyas
M;Iyed
M;Amir
F;Marguerite
F;Stella
M;Abdel
F;Wiktoria
M;Ayden
M;Victor
M;Abdou
F;Bertille
F;Domitille
F;Lydia
F;Nicole
F;Yona
M;Mathys
M;Karim
M;Matthew
M;Thibaut
F;Tiffany
M;Wassim
M;Aboubacar
M;Edouard
F;Constance
F;Tatiana
F;Ysée
M;Ariel
F;Kiara
M;Marco
F;Marylou
M;Mathéo
M;Milo
F;Eden
M;Marvin
M;Mathias
M;Romain
F;Alexandra
F;Basma
M;Eugène
F;Maylis
F;Nayla
M;Owen
M;Samuel
M;Louison
F;Odélia
F;Céleste
M;Avi
M;Boubacar
M;Arlo
M;Skander
F;Zahara
F;Manel
F;Léane
F;Morganne
F;Noémie
M;Zakariya
F;Vanessa
M;Éli
M;Wassim
M;Oren
M;Théophile
F;Louna
M;Thaddée
M;Mamoudou
F;Naminata
M;Pierre
M;Samuel
M;Ryan
M;Solal
M;Vladimir
M;Grégory
F;Lucile
M;Sasha
F;Sélène
M;Soren
F;Rose
F;Lea
F;Sakina
M;Timothée
M;Benoît
M;Amadou
F;Assia
M;Barthélemy
F;Charlotte
F;Mina
F;Zina
F;Alycia
F;Cléo
F;Rym
F;Solène
F;Emy
M;Léopold
F;Léana
M;Mory
F;Dora
F;Flore
M;Mahdi
M;Moussa
F;Soumaya
F;Aliya
M;Côme
M;Elio
F;Esther
F;Hana
F;Méline
M;Milan
F;Noélie
F;Roxanne
F;Adeline
M;Augustin
M;Fares
M;Arsène
M;Matéo
F;Lucia
F;Maé
M;Joud
F;Layel
M;Tim
M;Allan
M;Joshua
M;Paul
M;Abdou
M;Abdoulaye
M;Lassana
F;Abigaëlle
M;Jassim
M;Adrien
F;Dalia
M;Albert
F;Keren
F;Nina
F;Philippine
M;Thiago
F;Cécile
F;Imane
F;Maria
M;Justin
F;Maé
M;Nathan
F;Rym
F;Ellie
F;Bérénice
F;Bertille
F;Castille
M;Clovis
F;Eve
M;Hippolyte
M;Jessim
M;Jude
F;Razane
F;Safa
M;Silas
M;Aboubacar
M;Antonio
M;David
M;Ilan
M;Kalilou
F;Lena
M;Liam
F;Melody
F;Océane
F;Prune
F;Béatrice
M;Souleymane
F;Léonore
F;Sixtine
M;Naïl
F;Eline
M;Hadrien
F;Kelly
F;Christine
F;Eleanor
F;Manon
M;Adrien
M;Hédi
F;Lison
M;Mahdi
M;Tony
F;Fanta
M;Gabriel
M;Théo
M;Israël
M;Soren
F;Bintou
F;Charline
F;Laetitia
M;Marvin
F;Madeleine
M;Diego
M;Anton
M;Ayan
M;Michael
M;Abraham
F;Lise
F;Evy
M;Timothé
F;Gisèle
F;Emily
F;Maud
M;Paul-Antoine
F;Assa
M;Bilel
M;Ewan
M;Fares
F;Cléa
F;Emily
M;James
M;Lior
M;Andrea
M;Camille
F;Capucine
M;Kenzy
M;Imran
M;Stéphane
F;Eléanore
F;Marion
M;Oumar
F;Aya
M;Ernest
F;Pauline
F;Aliyah
F;Myriam
F;Soline
F;Leila
F;Mayssa
M;Charly
F;Miya
M;Aubin
F;Dalva
M;Yohann
M;Victor
M;Mohammed
F;Victorine
F;Mariam
M;Neil
M;Noé
F;Léa
M;Mayeul
M;Walid
M;Yani
F;Anabelle
M;Jérémy
F;Kelly
F;Lise
M;Alvin
F;Eline
F;Mouna
F;Marguerite
F;Aria
M;Eliot
F;Naomie
M;Hamady
F;Clara
M;Ilan
M;Matisse
M;Oumar
M;Axel
F;Dina
F;Domitille
M;Jibril
F;Lilya
F;Amel
F;Ludivine
F;Nelia
M;Younès
F;Amira
M;Félix
F;Louane
M;Mateo
F;Solène
F;Suzie
F;Colette
F;Olympe
M;Ron
M;Yann
F;Bianca
F;Justine
M;Colin
F;Purity
F;Yuna
M;Félix
F;Liora
F;Ninon
F;Olga
F;Alma
M;Auguste
M;Eyden
M;Ahmad
F;Aïda
F;India
F;Melissa
M;Merlin
M;Raphael
F;Rébecca
M;Yacouba
M;Yoël
F;Adja
M;Justin
F;Mathilda
M;Éthan
M;Kenzi
F;Léa
F;Ludivine
F;Shaïna
M;Yolan
F;Aglaé
F;Djénéba
F;Neïla
F;Aissatou
M;Armand
M;Elias
F;Elissa
F;Gabriela
M;Leny
M;Marlon
M;Niels
M;Prosper
M;Rami
M;Aaron
F;Sira
F;Djena
F;Niouma
M;Marin
F;Catherine
M;Luigi
M;Tancrède
F;Vittoria
M;Archibald
F;Juliette
F;Mariam
M;Martin
F;Neyla
F;Siham
M;Tahar
F;Flore
F;Louisa
M;Lukas
M;Marwane
F;Samira
M;Tanguy
F;Alicia
F;Aude
M;Benjamin
M;Eliott
M;Michael
M;Milo
M;Noham
F;Tasnime
M;David
F;Eglantine
M;Kenzy
F;Séraphine
M;Szymon
M;Allan
M;Anass
M;Ange
F;Élisa
F;Elodie
M;Aboubacar
F;Cyrine
M;Fabien
F;Gwendoline
M;Yassine
F;Héloïse
F;Julie
F;Lalie
F;Naomie
M;Jad
F;Maïlys
F;Clothilde
M;Denis
M;Hugo
F;Lahna
F;Melina
F;Rose
F;Candice
F;Baya
F;Élise
M;Kevin
F;Kendra
F;Cécile
M;Emile
M;Kayden
F;Melissa
F;Nell
F;Sasha
M;Ahmad
F;Ava
F;Carla
M;Gaspard
M;Leon
F;Meriam
M;Milo
F;Sonia
F;Tsipora
F;Chloé
F;Clarisse
M;Diego
M;Kayron
F;Léna
M;Armand
M;Ishak
M;Andy
F;Angélique
M;Grégoire
M;Adrien
M;Richard
F;Aurore
F;Yuna
M;Ambroise
M;Eliot
M;Ayman
F;Emilie
F;Garance
F;Diana
M;Elouan
F;Lila
F;Yaëlle
M;Lévi
F;Tali
F;Hannah
M;Amaury
M;Elio
F;Téa
M;Abdoulaye
F;Célia
F;Goundo
F;Chloë
F;Ethel
F;Iman
F;Maéva
F;Chiara
M;Loïc
M;Gaëtan
M;Khalil
F;Kim
F;Mariam
F;Milla
F;Inayah
F;Lilas
M;Haroun
F;Joey
M;Mateo
M;Eli
M;Andreas
F;Audrey
F;Amira
M;Robin
F;Elia
F;Gabriela
F;Gaïa
F;Mariam
M;Nolan
F;Enora
F;Lehna
F;Lilya
F;Rivka
F;Charlotte
F;Jana
F;Melissa
F;Olympe
F;Loane
M;Tristan
F;Bertille
M;Gaspar
F;Meryl
M;Yassine
F;Assya
F;Chayma
F;Cindy
M;Rémi
F;Syrine
M;Anes
F;Jannah
F;Lily-Rose
F;Oumou
F;Shira
M;Achille
M;Alexander
F;Jannah
F;Philomène
M;Gary
F;Noor
F;Romane
M;Yani
M;Abraham
F;Ambre
F;Daphnée
F;Myriam
F;Tatiana
F;Alma
F;Ambrine
F;Ashley
M;Brieuc
M;Elias
F;Louison
M;Mouhamed
M;Othman
F;Zélie
M;Owen
M;Aly
F;Fatou
F;Ella
M;Lubin
F;Lilia
F;Naomi
M;Maurice
M;Sébastien
F;Shana
M;Alain
F;Adélaïde
F;Lily-Rose
M;Edgar
M;Imad
M;Naïm
F;Maëlys
F;Sophia
F;Monica
F;Olivia
F;Sélène
F;Gaïa
F;Neyla
F;Serena
F;Luce
M;Fares
F;Leïa
F;Ivy
F;Melissa
F;Joana
M;Morgan
F;Justine
F;Eglantine
F;Eva
M;Ibrahim
M;Arda
F;Isaure
M;Luc
F;Maélys
M;Marco
M;Pablo
M;Evan
F;Jenna
M;Eugène
M;Naïl
F;Tamara
M;Armel
M;Ferdinand
M;Elliott
M;Nils
F;Clotilde
M;Néo
F;Noémie
M;Lior
M;Aylan
F;Olga
M;Julian
F;Angela
M;Rafael
M;Eric
M;Honoré
F;Leyna
F;Abigaël
M;Camil
M;Cheick
F;Vivienne
F;Yousra
M;Aïden
F;Caroline
F;Aimée
M;Boris
M;Elias
F;Candice
F;Diane
F;Shaïly
M;Eugène
F;Angéline
F;Naya
F;Rivka
F;Nada
M;Armand
F;Capucine
M;Idriss
M;Anton
M;Miguel
M;Amadou
M;Ewen
F;Marion
F;Ketsia
M;Marius
M;Maxime
M;Richard
F;Roxane
M;Solal
M;Eliott
F;Léonie
F;Grace
F;Lili
M;Killian
F;Maëva
F;Louna
F;Pia
F;Angel
F;Ysée
F;Chahinez
F;Aliya
M;Julien
M;Swann
F;Loïse
F;Angèle
M;Marius
F;Audrey
F;Olga
F;Clotilde
F;Nell
M;Hector
M;Ewan
M;Joud
F;Maïssa
M;Kassim
M;Seydou
F;Victoire
M;Thibault
M;Constant
F;Anais
M;Guilhem
M;Dan
F;Liza
F;Emy
F;Neïla
M;Martin
M;Vasco
F;Yaël
F;Anais
M;Amir
F;Mya
M;Matys
M;Aylan
M;Tristan
M;Julien
M;Chris
F;Assa
M;Dylan
F;Liyah
F;Zina
M;Ben
F;Avital
M;Mendel
M;Kenzo
M;Arthus
F;Mado
M;Louis-Marie
M;Oscar
F;Yona
F;Aminata
M;Anthony
M;Pierre-Alexandre
F;Candice
F;Kiara
M;Dario
F;Lilie
F;Fatouma
F;Nahla
F;Lena
M;Rafael
F;Ornella
F;Alexandra
M;Andrei
F;Dune
M;Bakary
M;Philippe
M;Elyes
F;Tania
F;Wendy
F;Apolline
F;Annaëlle
M;Ayoub
M;Côme
F;Dalya
M;Éthan
M;Aydan
F;Cassandra
F;Charlène
M;Colomban
M;Imrane
F;Luce
F;Rania
M;Théodore
F;Eileen
M;Felix
M;Louis
F;Rahma
M;Riyad
M;Sebastian
M;Zakaria
F;Eva
M;Malo
M;Charlie
M;Aymen
F;Rachel
M;Leonardo
M;Chris
F;Aurore
M;Idris
M;Esaïe
M;Juba
M;Yoan
M;Ernest
M;Alon
M;Zeyn
M;Kenji
M;Morgan
M;Muhammad
M;Noah
M;Dan
F;Johanna
M;Leny
F;Yamina
F;Ava
F;Siham
M;Léonard
M;Maxence
M;Nouha
F;Océane
M;Ulysse
F;Calista
F;Gaëlle
F;Shaïma
F;Noée
F;Keyla
M;Louis
M;Elijah
M;Christ
F;Aaliyah
M;Hédi
M;Skander
F;Cléo
M;Adel
M;Isaiah
M;Hayden
F;Colombe
F;Lucia
F;Leyla
F;Gina
F;Hanae
F;Lucile
F;Cali
M;Karl
M;Yaël
M;Zinedine
F;Axelle
M;Célian
M;Enguerrand
M;Gauthier
M;Quentin
F;Sabrina
F;Julie
M;Louis
F;Nell
F;Rim
M;Jack
F;Kenza
M;Nikola
F;Cassandre
M;Ilyes
M;Ralph
F;Sira
F;Isra
F;Rébecca
M;Riad
M;Kamil
M;Vincent
F;Zahra
M;Ismaël
M;Michaël
F;Shaïma
M;Wissem
F;Andrea
M;Oscar
M;Antoine
F;Nava
F;Solène
M;Léon
F;Cléo
M;Sadio
F;Gaëlle
F;Mariem
M;Mouhammad
F;Yara
M;Alassane
F;Apolline
F;Lital
M;Nahel
M;Oskar
M;Valentin
M;Adama
F;Miya
F;Amélia
F;Anaëlle
F;Audrey
M;Fabien
F;Livia
M;Malick
F;Astou
M;Eden
M;Haron
M;Nawfel
M;Quentin
M;Sami
F;Talia
F;Vanessa
M;Emilien
F;Erin
M;Hamza
M;Ahmad
F;Aaliyah
M;Abdoulaye
M;Maxens
F;Nola
F;Rahma
M;Adam
F;Célestine
M;Noah
M;Aurélien
F;Cassandre
F;Céleste
M;Khalil
M;Léandro
F;Mila
M;Zakaria
F;Sarah
M;Younes
M;Charles
M;Benjamin
F;Chloé
F;Cloé
M;Samir
M;Thierry
M;Tidjane
F;Zélie
F;Adriana
F;Déborah
F;Grâce
F;Pénélope
M;Eliott
M;Félix
F;Jeanne
M;Nils
M;Tomas
M;Abdallah
F;Amandine
M;Aylan
M;Bilel
F;Loane
F;Noémie
F;Samira
M;Arthur
M;Aaron
M;Eugène
F;Fatima
M;Grégoire
F;Lise
M;Livio
F;Celia
M;Clément
F;Cléophée
F;Coumba
F;Iliana
F;Alessia
F;Elvire
F;Maïmouna
F;Neïla
F;Angelina
M;Aurélien
M;Youcef
M;Zadig
F;Colombe
M;Eloi
M;Joachim
M;Erwan
F;Romane
M;Anas
M;Karl
F;Victoire
F;Yaël
M;Alessio
F;Anita
M;Ariel
M;Hadrien
F;Maxine
M;Mayeul
M;Meïr
M;Basile
M;Malone
F;Syrine
M;Esteban
M;Zachary
F;Salma
M;Maxence
F;Ethel
F;Salimata
F;Miral
F;Erika
M;Kayden
M;Aliocha
M;Ivan
F;Baya
F;Emilie
F;Ludmila
F;Lucille
F;Noémie
M;Calixte
F;Chiara
M;Giovanni
F;Layana
M;Léandre
M;Assil
M;Kenzi
F;Shana
F;Tess
M;Tiago
F;Yasmine
M;Abel
F;Agnès
F;Annaëlle
F;Elisabeth
M;Hippolyte
F;Levana
M;Swann
F;Cléo
M;Ishaq
M;Lenny
M;Morgan
M;Ethan
M;Aurèle
F;Line
F;Solène
M;Aurèle
M;Flavio
M;Hector
M;Yoann
M;Adrian
F;Léna
F;Maëva
M;Noa
F;Olivia
M;Vincent
M;Lenny
M;Ben
M;Bryan
F;Constance
F;Salomé
M;Valentin
M;Boris
F;Charline
F;Gladys
M;Ilias
M;Kevin
M;Elian
M;Sofiane
M;Cheikh
F;Meriam
M;Emir
F;Philippine
M;Rodrigue
F;Shirine
M;Kenzy
M;Iyad
F;Naomi
M;Amadou
M;Salim
F;Alexie
M;Virgile
M;Aboubacar
F;Chaïma
F;Khadija
M;Ryan
F;Fanta
M;Matias
M;Georges
M;Iliane
M;Mahamadou
M;Andréa
F;Leïla
F;Lucy
F;Naomie
M;Nino
F;Aïssata
M;Clovis
F;Eya
M;Mahdi
M;Alban
F;Eya
M;Idrissa
M;Noah
F;Toscane
F;Chiara
M;Ernest
F;Fatim
F;Matilda
F;Raphaëlle
M;Roman
M;Mazen
M;Gabriel
F;Leyna
F;Yona
M;Hedi
M;Milo
M;Roch
F;Adama
M;Timothy
F;Iris
M;François
M;Ismail
M;Matisse
M;Maurice
F;Zahra
M;Côme
F;Emilia
M;Gaétan
M;Yvan
M;Issam
M;Stanley
F;Tess
F;Alya
M;Lilian
M;Marley
F;Cécile
M;Jibril
M;Matis
M;Morgan
M;Dayan
M;Mamady
F;Liana
F;Eydel
M;Isaac
M;Luka
M;Arié
M;Joaquim
F;Eliana
M;Eren
F;Justine
F;Maïa
F;Nathalie
M;Alban
F;Jihane
F;Mathilde
M;Matthias
M;Alexander
M;Colin
M;Josh
F;Lily-Rose
F;Clélia
M;Johann
F;Rokia
F;Agathe
M;Alessandro
M;Farouk
F;Léna
F;Nina
M;Benoît
M;Karim
M;Martin
F;Méline
M;Naor
M;Niels
M;Raphael
F;Cassandre
F;Ysé
M;Benoît
M;Loïs
M;Selim
F;Noya
F;Léonie
F;Yara
M;Caleb
F;Anna
M;Martin
F;Luna
F;Sixtine
F;Nayla
F;Georgia
F;Soline
F;Kadidiatou
F;Théodora
M;Malek
M;Sébastien
F;Maimouna
F;Léa
F;Line
F;Alyssa
M;Bastien
F;Gabriella
M;Lorenzo
M;Nathan
F;Simone
F;Abigaïl
M;Neil
M;Antonin
F;Iliana
M;Malo
M;Waïl
M;Alistair
M;Zayd
F;Tessa
M;Mady
F;Aïcha
M;Kilian
M;Anes
F;Eléna
M;Kaïs
F;Jana
F;Juliette
F;Ava
F;Cassiopée
M;Islam
M;Mario
F;Naïla
F;Albertine
M;Isaiah
F;Isaure
F;Julia
M;Luis
M;Matis
M;Mattéo
F;Hawa
F;Khadija
F;Adélaïde
M;Eloi
F;Priscille
M;Matheo
F;Mellina
M;Ruben
F;Candice
M;Harouna
M;Shams
M;Lazar
M;Sandro
F;Diana
M;Edward
F;Adja
F;Johanna
F;Romane
F;Fatoumata
F;Eline
M;Elyes
F;Klara
F;Mayane
M;Charles
F;Safa
M;Charlie
M;Chris
F;Clotilde
F;Emy
F;Eugénie
M;Khalil
F;Mariame
M;Marvin
M;Melvyn
F;Mouna
M;Rémy
F;Thémis
F;Claudia
M;Elie
M;Mael
F;Mayar
M;Aly
F;Dora
F;Coumba
F;Tali
M;Jean
M;Alexis
F;Lily
M;Logan
M;Hassan
F;Mélina
F;Lucy
F;Jemima
F;Bintou
F;Elina
M;Eloan
F;Giulia
F;Manon
F;Marwa
F;Shaïna
M;Archibald
M;Camille
F;Chloé
F;Lucille
F;Nicole
M;Richard
F;Judith
M;Solal
F;Zohra
M;Ange
F;Ayline
M;Bilal
M;Lassana
M;Bryan
M;Gauthier
M;Adem
F;Agathe
F;Aurore
F;Emna
M;Loan
F;Maxine
F;May
F;Anya
F;Élisa
M;Ilian
M;Yassine
M;Samba
M;Karl
F;Milla
F;Séléna
M;Djibril
M;Dramane
M;Ismaël
F;Perrine
F;Yara
M;Amaury
F;Lucile
F;Nina
M;Octave
F;Zeynab
M;Édouard
F;Firdaws
F;Héloïse
M;John
M;Clément
F;Lina
M;Zakarya
F;May
F;Tia
F;Aliénor
F;Pia
M;Djibril
M;Lyes
F;Joséphine
F;Maïssane
M;Benjamin
M;Bruno
F;Nadine
F;Sidonie
F;Claire
M;Aksil
F;Éléna
M;Milan
M;Nathaniel
M;Octave
M;Aurélien
M;Moustafa
M;Benoît
M;Diego
M;Eddy
M;Antoine
M;Arno
M;Mathias
M;Ryan
M;Wissam
F;Ndeye
F;Aïssa
F;Esther
F;Zélie
F;Amelia
M;Zakarya
F;Inayah
F;Clélia
F;Lola
F;Rachel
F;Iris
F;Anaëlle
F;Melissa
M;Philémon
M;Yannick
M;Hector
F;Clélie
F;Daphné
M;Iyad
M;Jérémy
F;Fatima
F;Sixtine
M;Anton
M;Ilyas
M;Pacôme
M;Vivien
F;Bintou
F;Lydia
F;Meriam
M;Mohamed-Amine
F;Valentina
F;Domitille
F;Isée
M;Lyam
F;Manon
M;Rémy
M;Lenny
F;Nola
F;Apolline
F;Alix
M;Rafaël
F;Anaelle
F;Talia
F;Tiphaine
M;Ahmed
F;Daria
F;Grace
F;Hadja
M;Iyad
M;Roméo
M;Samuel
F;Helena
F;Linda
F;Ludivine
F;Maïlys
M;Matisse
M;Nahyl
F;Neïla
M;Haron
F;Violette
F;Eve
F;Blanche
M;Mahamadou
M;Emilio
M;Demba
F;Perrine
F;Lauryn
F;Louison
M;Malik
M;Youssef
F;Claire
M;Frédéric
F;Aïcha
F;Ambrine
M;Ewen
F;Shaïly
M;Yaïr
F;Apolline
F;Fanta
F;Justine
M;Mayeul
M;Tobias
M;Achille
M;Roman
F;Cléa
M;Joris
F;Naomie
F;Raphaëlle
M;Anselme
M;Elie
F;Félicie
M;Hadrien
F;Héloïse
F;Kadiatou
F;Tanya
F;Miral
M;Adel
F;Amira
M;Joey
F;Alyssa
F;Agathe
M;Priam
F;Ève
F;Mazarine
M;Olivier
M;Timothy
M;Alfred
M;Ben
F;Lou
M;Maël
M;Nathanael
F;Calie
M;Karl
F;Thaïs
M;Kilyan
M;Mohammed
F;Alice
M;Chahine
F;Garance
M;Justin
F;Blandine
M;Eric
M;Marwane
M;Mohammad
M;Darius
M;Oren
M;Paolo
F;Joyce
F;Kadidja
F;Sana
M;Achille
F;Salomé
M;Calixte
F;Malya
F;Maylis
F;Elsa
M;Eden
M;Jean-Baptiste
F;Elisa
F;Joséphine
F;Amalia
M;Mady
M;Melchior
M;Mahmoud
M;Naël
F;Naomi
F;Mahault
F;Maïssane
F;Perla
F;Fatoumata
F;Nikita
F;Philomène
F;Tess
F;Zélie
F;Elsa
F;Maëlyne
M;Ousmane
F;Safa
F;Annabelle
F;Sophie
F;Aurelia
F;Joséphine
M;Mohamed
F;Valentina
M;Waël
F;Emmie
F;Tal
M;Gabin
F;Goundo
F;Jasmine
M;Nelson
M;Octave
F;Pauline
M;Bruno
F;Dalia
F;Daphné
F;Norah
F;Rose
M;Sixte
M;Chahine
F;Fanta
M;Sean
M;Benjamin
F;Coumba
M;Néo
M;Ruben
M;Stefan
F;Aliya
F;Lara
F;Adriana
F;Héléna
F;Hind
M;Joud
F;Pia
F;Tess
F;Tessa
M;Ismael
F;Myriam
M;Zacharie
F;Zélie
M;Romain
F;Anya
M;Daouda
M;Rony
F;Christelle
F;Elora
F;Flore
M;Moustapha
F;Pénélope
M;Alpha
M;Felix
M;Rémi
M;Anton
F;Constance
F;Élisa
M;Filip
M;Grégoire
M;Ibrahim
M;Amine
M;Hedi
F;Hélène
F;Kenza
F;Lindsay
F;Nine
M;Noham
F;Olympe
F;Sandra
F;Aïssata
F;Anya
F;Goundo
F;Kiara
F;Shirel
M;Raphael
M;Gael
F;Élyne
M;Logan
F;Kamila
F;Eléanor
F;Amélie
F;Dina
F;Amélie
M;Eyal
F;Margot
F;Louison
F;Lyana
F;Ayla
F;Flore
F;Mariana
F;Romy
F;Saja
F;Sidonie
M;Théophile
F;Jade
F;Noémie
F;Jasmine
F;Cassandre
F;Dahlia
F;Kim
F;Nadine
F;Neyla
F;Cécile
F;Laëtitia
F;Lou-Anne
F;Mariame
F;Nell
M;Olivier
M;Owen
F;Angelina
F;Aurore
M;Benjamin
F;Christine
F;Ella
F;Miya
F;Sibylle
F;Stacy
F;Alma
F;Louison
M;Laurent
M;Iyad
F;Lucy
F;Bianca
M;Hicham
F;Léonore
F;Philomène
M;Yacine
F;Ada
M;Salomon
M;Félix
M;Maxence
M;Joud
F;Luce
F;Madeline
M;Simon
F;Bayane
M;Léon
M;Nicolas
M;Iyed
F;Sira
F;Gala
F;Emilia
F;Thalia
M;Mayeul
F;Liana
F;Lilia
M;Maxime
F;Axelle
M;Corentin
F;Eloane
M;Rayan
F;Victoire
F;Hélène
F;Hortense
M;Siméon
F;Solveig
M;Gianni
F;Mayline
M;Adame
F;Elissa
F;Maëlle
M;Martin
M;Amaury
M;Ephraïm
F;Fatima
F;Kadidja
F;Mahaut
M;Maxim
M;Mylan
F;Janelle
F;Lia
F;Naïa
F;Charlotte
F;Emmy
M;Jalil
F;Norah
F;Zaynab
M;Luc
F;Nawel
M;Bastien
M;Christophe
M;Dorian
F;Elia
F;Émilie
M;Maxence
F;Mila
F;Natacha
M;Sékou
M;Naïl
F;Éloïse
F;Fatimata
M;Laurent
M;Pierre-Alexandre
M;Uriel
M;Vladimir
M;Elijah
F;Lise
M;Nathaël
M;Léonard
F;Maëva
F;Odélia
M;Léandro
F;Nawel
M;Thibaut
F;Tiffany
M;Balthazar
F;Margot
F;Sophia
F;Sophie
M;Amir
F;Blanche
F;Elya
F;Alia
F;Gisèle
F;Paola
M;Calixte
F;Kayla
M;Jibril
M;Andréas
M;Makan
F;Cécile
F;Clémence
F;Aliénor
F;Manel
F;Aïda
M;Eric
F;Djeneba
M;Ezéchiel
F;Adélie
M;Ahmed
M;Florian
F;Mama
F;Zélie
F;Ambre
F;Margaux
M;Rafael
M;Blaise
F;Laure
F;Manon
F;Aïssa
M;Babacar
M;Ilian
M;Justin
M;Erwann
M;Adrien
M;Armel
M;Henri
M;Jérôme
F;Léane
F;Lindsay
F;Meryem
F;Emna
F;Inès
M;Yaël
M;Younès
F;Augustine
M;Jeremy
F;Louise
M;Youssef
F;Adriana
F;Alisha
M;Clarence
F;Salimata
F;Tania
F;Adélie
F;Lucille
M;Malcolm
M;Zach
M;Clément
F;Tessa
F;Djenna
F;Esma
F;Lucy
M;Aharon
F;Maud
F;Tesnim
M;Barthélemy
M;Rami
M;Aboubakar
M;Gaëtan
M;Jonah
F;Lauren
M;Owen
F;Apolline
M;Bradley
F;Malak
M;Noé
F;Dalya
M;Laurent
F;Rania
M;Zachary
F;Vanessa
M;Wael
F;Bintou
M;Daouda
F;Sara
M;Aboubakar
M;Adrian
F;Éléonore
F;Irène
M;Nathan
F;Anya
F;Kamila
F;Sidra
M;Luis
M;Anas
M;Kamil
F;Alexie
M;Augustin
M;Ibrahima
M;François
F;Layane
M;Ari
M;Elliott
M;Matis
F;Nadia
F;Soumaya
M;Stanislas
M;Aron
M;Jules
F;Lyne
M;Matteo
F;Arya
M;Emmanuel
M;Lassana
F;Quitterie
F;Rosalie
F;Céleste
M;Daniel
F;Elena
F;Lia
F;Louisa
M;Zakaria
F;Félicie
F;Isra
M;Auguste
M;Luc
F;Elisa
M;Roman
M;Henry
F;Marianne
M;Gaétan
F;Isabelle
M;Lucas
F;Sasha
M;Tom
F;Justine
F;Lola
F;Naëlle
M;Livio
M;Romeo
M;Honoré
M;Joakim
F;Alima
F;Juliette
F;Sokhna
M;Jawad
M;Damien
F;Daniela
F;Lison
M;Marius
M;Pierre-Louis
M;Romain
F;Tania
M;Ayman
F;Coralie
M;Lamine
M;Nizar
M;Tidiane
F;Lana
M;Lassana
F;Milena
M;Thibaut
F;Anouchka
M;Eyal
M;Jayden
M;Michel
F;Rebecca
F;Bintou
F;Naomi
F;Sacha
M;Shawn
M;Adam
M;Amir
F;Aissatou
M;Manoé
M;Eden
F;Elina
F;Oriane
F;Stella
F;Amy
F;Cynthia
F;Thaïs
M;Saul
F;Séléna
M;Eliot
M;Loïc
M;Luka
M;Ziyad
M;Anatole
M;Lazare
M;Hippolyte
M;Melvil
M;Timothée
F;Jasmine
F;Louane
F;Louisa
M;Nils
M;Noah
F;Victoire
M;Chahine
F;Jenna
M;Jordan
F;Nelya
M;Philémon
M;Lior
F;Abigaïl
F;Nada
M;Dante
M;Izaac
M;Côme
F;Yasmine
M;Elie
F;Sienna
M;Lévi
F;Eileen
F;Rose
F;Philippa
M;Maylone
M;Viktor
M;Thomas
M;Octave
F;Astrid
F;Blanche
F;Amalia
M;Kenan
M;Emmanuel
F;Grace
F;Anaé
F;Lilly
M;Maher
M;Alistair
M;Auguste
M;Malone
F;Quitterie
M;Ariel
F;Ariane
M;Félix
M;Henry
F;Rosalie
M;Ambroise
M;Anas
M;Fabien
M;Grégoire
F;Jeanne
F;Lucia
F;Madeleine
M;Yohan
F;Sophie
M;Yvan
M;Zacharie
M;Balthazar
F;Elyssa
F;Élise
F;Yousra
M;Adem
F;Constance
M;Etienne
F;Faustine
F;Louison
M;Maceo
M;Melvil
M;Nelson
F;Anne
F;Émilie
M;Francesco
F;Cassandra
F;Teresa
F;Juliette
F;Lucile
M;Eli
M;Théo
M;Alix
M;Giulio
M;Jack
M;Joël
F;Nawal
M;Ibrahima
M;Matthieu
F;Naëlle
F;Perla
F;Tali
M;Melvin
F;Eva
F;Mélina
M;Malamine
M;Julien
F;Zoe
F;Bintou
F;Athénaïs
M;Liam
M;Naïm
M;Kamil
M;Ben
F;Melina
M;Mahamadou
M;Alfred
F;Lital
M;Bogdan
F;Luce
M;Corto
M;Florent
M;Gilles
M;Hippolyte
M;Seydou
M;Ugo
M;Julian
F;Marine
F;Théa
F;Maëva
M;Martin
F;Nadia
F;Sasha
M;Andréas
M;Orso
M;Arslane
M;Gauthier
M;Henri
M;Lazare
M;Lilian
F;Mona
M;Santiago
F;Dahlia
F;Elya
F;Hermine
F;Lucille
F;Anna
M;Antonin
M;Constantin
M;Habib
F;Saran
F;Alycia
F;Amalia
M;Arthur
F;Kahina
M;Florian
F;Juliane
F;Nola
M;Ilyès
F;Liliana
F;Loane
F;Lyna
M;Noha
F;Sixtine
F;Lea
M;Alpha
F;Colette
F;Jenna
F;Lily-Rose
F;Maya
M;Timothé
M;Anis
M;Erwan
F;Giorgia
F;Nadia
F;Sophia
F;Gabriella
F;Darine
F;Ayana
M;Aydan
M;Jude
M;Lorenzo
M;Saul
M;Yahya
M;Maxime
F;Thaïs
F;Rita
F;Elyssa
M;Éden
F;Avril
M;Dany
F;Malia
F;Leonor
F;Divine
F;Louison
F;Lynn
F;Ivana
M;Marley
M;Solan
F;Audrey
F;Mathilde
M;El
M;Imrane
M;Etienne
M;Gaspar
M;Naël
F;Ketsia
M;Omar
M;Niels
F;Eliette
F;Gabrielle
F;Lynda
M;Rodrigue
F;Satine
F;Cassandre
F;Maelle
M;Wesley
M;Pierre
F;Maxine
F;Lyna
M;Jonah
F;Emmy
M;Tancrède
M;Roman
M;Maximilien
F;Bérénice
M;Lorenzo
M;Eliam
F;Dahlia
M;Malone
M;Hakeem
M;Eden
M;Pio
M;Darius
F;Binta
F;Angela
F;Éléonore
F;Lise
F;Soline
F;Liya
M;Eli
M;Namory
F;Séréna
M;Aymeric
M;Lenny
M;Bilal
F;Sixtine
F;Lyne
F;Augustine
F;Paula
M;Felix
M;Samba
F;Aïsha
F;Andrée
M;Meïr
F;Elizabeth
M;Aboubakar
F;Ève
F;Lucile
M;Aksel
M;Sami
F;Leïla
F;Lydia
F;Rose
F;Jeanne
F;Inès
M;Youssef
M;Aymen
F;Adriana
F;Rachel
F;Joury
M;Ziyad
M;Sohan
F;Stella
F;Lylia
F;Sofia
F;Luna
F;Thelma
F;Jenna
F;Faustine
M;Ilyas
F;Layla
M;Colin
F;Élia
M;Mayeul
M;Kays
F;Anaé
M;Aaron
M;Ambroise
F;Abigaïl
F;Charlie
F;Alexandra
M;Avi
M;Ishaq
F;Layana
F;Violette
F;Joey
M;Tommaso
M;Arlo
F;Hind
M;Aliocha
M;Ziad
F;Oumou
M;Aurélien
M;Yaël
F;Cléa
M;Matis
M;Leith
M;Ismael
M;Ayman
F;Alice
M;Ismaël
F;Sasha
M;Isaïah
F;Elya
F;Fatou
M;Neil
M;Rafaël
M;Lewis
F;Agatha
F;Célia
F;Aimée
M;Yann
F;Apolline
M;Ariel
F;Dalia
F;Eléonore
M;Jayden
M;Christian
M;Erwann
M;Muhammad
M;Ilyas
F;Charlène
M;Kevin
M;Anas
F;Johanna
M;Imran
M;Gabin
M;Dominique
M;Dorian
F;Ilona
F;Maelys
M;Patrick
F;Raphaëlle
F;Abigaël
M;Alassane
F;Avril
F;Diane
F;Ela
F;Eve
F;Marine
F;Soline
M;Diogo
M;Daniel
M;William
F;Gaïa
F;Ysé
M;Giorgio
M;Oumar
F;Mayssa
M;Léo-Paul
F;Rose
M;Nikita
M;Noa
F;Philomène
F;Auxane
F;Jessie
M;Oumar
F;Romy
F;Agathe
M;Axel
F;Pauline
M;Zakarya
F;Lilou
F;Geneviève
F;Elena
M;Anatole
F;Leyna
M;Souleyman
F;Celia
F;Fatimata
F;Charlène
F;Luce
F;Maya
M;Tony
M;Youssef
M;Elio
F;Annaëlle
M;Élias
M;Théodore
M;Cyrian
M;Eliot
M;Etienne
M;Hippolyte
F;Emily
M;Matt
F;Alyssa
M;Louison
M;Albert
F;Avril
M;Aymane
F;Elia
M;Hamza
M;Titouan
F;Amina
F;Clarisse
F;Colette
F;Colombe
F;Clara
M;George
F;Ranya
F;Tania
F;Virginie
F;Amel
F;Lily-Rose
F;Mariem
M;Léon
M;Ismaïl
M;Mohammed
F;Razan
M;Naël
M;Félix
F;Elly
M;Nikola
F;Romane
M;Imran
F;Chiara
M;Tristan
F;Claire
F;Maimouna
M;Kenzy
F;Tasnim
M;Edmond
F;Elia
F;Hayat
F;Nalya
F;Talya
M;Habib
M;Doron
M;Jason
M;Pablo
F;Paloma
F;Kawtar
F;Lison
F;Oriane
M;Matisse
M;Nil
M;Alain
F;Nawel
F;Sofia
F;Annabelle
F;Gabrielle
M;Bilal
F;Bonnie
M;Nathanael
F;Melissa
F;Zélie
M;Ismaïl
F;Arya
F;Augustine
M;Alon
F;Célia
M;Yani
F;Constance
F;Elona
F;Maëline
M;Paolo
F;Yousra
F;Abigaël
M;Adama
F;Amélia
M;Ylan
F;Alessia
M;Jacob
M;Kim
F;Camilia
M;Assil
F;Kadidja
M;Lissandro
F;Dayana
M;Élio
M;Malick
M;Nathaniel
M;Ilyès
F;Latifa
M;Malik
F;Émilie
M;Zakariya
M;Marlo
F;Mathilde
F;Manel
M;Aloïs
F;Agnès
F;Bahia
F;Olimpia
F;Justine
M;Adem
F;Aline
M;Bosco
M;Matisse
F;Fatima
M;Jean
F;Amira
M;Gaël
F;Gabriela
M;Constantin
M;Soren
F;Aaliyah
M;Bakary
F;Amal
M;Jules
M;Antoine
F;Gia
M;Aimé
M;Marcel
F;Flora
F;Élie
M;Arken
F;Chloé
F;Aïcha
F;Lily
M;Achille
F;Léna
M;Wael
F;Joy
M;Kylian
M;Pablo
F;Assya
F;Irène
F;Kadidja
F;Tara
F;Aicha
M;Badis
M;Georges
F;Lucile
M;Titouan
F;Zahra
F;Andréa
F;Nelia
F;Philippine
F;Safia
M;Yann
F;Eugénie
M;Nahil
M;Anthony
F;Kadija
M;Aurèle
F;Goundo
F;Marina
M;Zakarya
F;Mayane
M;Nils
M;Pierre-Antoine
F;Aya
F;Célia
M;Jayden
F;Maïa
M;Mohamed-Ali
F;Béatrice
M;Léon
F;Marguerite
M;Nathaniel
M;Timothé
M;Eliel
M;Sébastien
F;Eléna
F;Lydia
M;Philippe
F;Philippine
M;Waël
F;Yuna
M;Anthony
M;Armel
F;Elona
F;Leya
M;Adam
F;April
M;Arnaud
F;Elikya
F;Élise
F;Fatimata
F;Iliana
M;Siméon
F;Abigaël
F;Léonie
M;Camille
M;Edgar
M;George
F;Haya
M;Luca
M;Rémy
F;Lilly
F;Ondine
F;Cécilia
F;Coline
F;Morgane
F;Noa
F;Amina
F;Ranya
F;Haya
F;Rym
F;Anya
F;Emily
F;Sidra
M;Valentino
M;Yakoub
M;Rayan
M;Théophile
M;Benjamin
M;Calixte
F;Aude
F;Colette
M;Josué
F;Nelly
M;Aloïs
M;Brieuc
M;Aris
M;Emilien
M;Enguerrand
F;Jasmine
F;Louane
M;Maël
M;Elie
M;Gianni
M;Walid
M;Riyad
M;Cosmo
F;Macha
F;Eléonore
F;Imany
F;Simone
M;Marc
F;Stella
F;Flora
M;Alix
M;Aloïs
F;Adélie
M;Daniel
M;Mathis
F;Carla
M;Wael
M;Loup
F;Ayna
F;Angie
M;Marvin
M;Marwan
M;Esteban
F;Fantine
F;Sibylle
F;Siloé
F;Amalia
F;Yona
M;Benjamin
F;Nayla
F;Philippine
F;Samia
F;Sienna
M;Zakaria
F;Clotilde
M;Damian
M;Jacob
F;Joanna
F;Miya
M;Omar
F;Ranya
M;Vasco
M;Bakary
M;Dany
M;Timothée
F;Isabelle
F;Myriam
F;Blanche
F;Clara
F;Clémentine
M;Clovis
F;Izia
F;Romane
M;Ruben
F;Assya
M;Evan
F;Aaliyah
M;Leandro
M;Mohamed
F;Andrea
M;Johann
F;Lydia
F;Clotilde
M;Asaël
M;Noah
F;Clarisse
M;Yahia
M;Elouan
M;Mory
F;Assetou
M;Mathurin
F;Assa
F;Barbara
M;Kylian
F;Mia
M;Yohan
M;Alix
F;Hana
M;Naël
M;Wassim
M;Ayoub
F;Nadia
F;Myla
M;Joachim
M;Kylian
M;Théophile
F;Colombe
M;Dario
M;Tancrède
F;Ornella
F;Ombeline
M;Philippe
F;Constance
F;Albane
M;Milann
F;Lucia
F;Anastasia
F;Fatima-Zahra
F;Israa
M;Sidy
F;Maïssane
F;Rita
M;Joud
F;Rebecca
M;Yacoub
M;Adil
F;Elsa
F;Jade
F;Perrine
M;Sebastian
F;Eden
M;Kenny
F;Layanah
F;Solène
M;Fares
F;Hawa
F;Lahna
F;Lucia
M;Mateo
F;Vera
M;Zadig
M;Adriel
M;Damien
M;Grégoire
M;Ilian
F;Lana
M;Malik
M;Mathis
M;Pierre
F;Sira
M;Ernest
F;Ethel
M;Julien
M;Abdoul-Aziz
F;Selma
F;Layana
M;Junior
M;Rayan
M;Paulin
F;Audrey
F;Sabrina
M;Abdoul
F;Capucine
F;Cyrine
F;Isée
F;Maxence
M;Milan
M;Stanislas
M;Younes
M;Eliott
M;Younès
F;Emmy
F;Isis
M;Joan
F;Mahé
M;Roméo
M;Thomas
M;Alvin
F;Livia
F;Maryline
F;Angèle
F;Lahna
F;Bianca
M;Gustave
M;Khalil
F;Liana
F;Maïssa
F;Myriam
F;Neïla
F;Manon
F;Lucie
M;Marcel
F;Judith
F;Adama
F;Zeinab
M;Waël
F;Clotilde
M;Corentin
F;Assa
F;Isabelle
M;Kilian
F;Océane
F;Abigaël
F;Elly
M;Philippe
M;William
F;Hana
M;Jérémie
F;Romy
F;Alice
F;Ana
M;Badis
F;Djeneba
F;Halima
M;Nahel
M;Wassim
F;Anaëlle
M;Aymen
M;Kahil
F;Océane
M;Skander
M;Elliot
F;Farah
F;Jane
F;Rosalie
M;Sofiane
F;Yakine
F;Gala
M;Grégory
F;Hanaa
M;Ilyas
M;Lamine
M;Maximilien
M;Ryan
M;Tao
F;Ambre
M;Bastien
M;Marc
M;Thomas
F;Elisa
F;Clémentine
F;Fanta
F;Grace
M;Emir
M;Giovanni
F;Haby
M;Réda
F;Chloé
F;Elyssa
M;Solal
F;Hind
M;Tony
F;Olivia
F;Émilie
M;Melvil
M;Doron
M;Anas
M;Lev
M;Karim
F;Cassie
F;Hélia
M;Ezra
M;Léandre
F;Andréa
M;Ousmane
M;Constantin
F;Alina
F;Joséphine
M;Auxence
M;Grégoire
F;Maé
M;Daniel
F;Kaïna
F;Elia
F;Cécile
M;Edgard
F;Solène
F;Ambre
F;Mia
M;Christopher
M;Ismail
M;Bakary
M;Hedi
M;Thibault
F;Naomi
M;Nathan
F;Helena
F;Malak
F;Assiya
F;Emy
M;Dan
F;Fatimata
F;Lara
F;Gabriella
M;Taym
M;Jayden
F;Lilya
M;Andreas
F;Mia
M;Jayden
F;Jane
F;Eleanor
F;Nine
M;Dimitri
M;Ezio
F;Nada
F;Bertille
F;Carolina
F;Adeline
F;Alaa
F;Alexandra
F;Antonia
M;Augustin
F;Imene
F;Zeynab
M;Adriano
M;Léo
M;Lysandre
F;Alia
F;Elisa
F;Cléo
F;Eve
M;Olivier
M;Barthélémy
M;Malo
F;Aïssata
M;Camil
F;Maé
M;Nabil
M;Naïl
M;Thomas
F;Dalia
F;Hannah
M;Luca
F;Farah
F;Joana
M;Nael
F;Ilyana
M;Samy
M;Bilal
M;Eliès
F;Sasha
F;Swann
F;Charline
F;Coralie
M;Florentin
F;Louise
M;Louison
F;Marwa
M;Hassane
F;Léopoldine
F;Safia
F;Prune
F;Axelle
F;Haya
F;Louann
F;Mathilda
M;Alphonse
M;Boubacar
M;Ousmane
F;Solveig
F;Ava
M;Imran
F;Sakina
F;Stella
F;Imane
F;Meïssa
F;Amandine
F;Dina
M;Dorian
M;Élie
M;Emmanuel
M;Ethan
F;Izia
M;Ousmane
M;Moussa
M;Edgar
M;Luka
M;Rafaël
F;Ernestine
F;Noa
M;Jacob
M;Melchior
M;Ayaan
M;Adrian
M;Lyam
M;Vladimir
M;Pacôme
M;Jelani
F;Gloria
M;Patrick
M;Abdul
M;Soann
F;Aminata
F;Naomie
M;Ilay
M;Roman
F;Océane
F;Matilde
F;Lucia
F;Maïly
M;Mateo
F;Mathilde
F;Mia
M;Valentin
M;Ziyad
F;Anna
F;Candice
M;Dimitri
M;Elijah
F;Lyla
F;Malia
M;Melvil
M;Thomas
F;Élina
F;Leonor
F;Romy
F;Christine
F;Fanny
M;Idrissa
F;Iman
M;Jules
F;Maïmouna
M;Cyrus
M;Gustave
F;Iliana
F;Lilia
F;Livia
F;Natacha
M;Sekou
F;Amalia
F;Bertille
F;Éléa
M;Milo
F;Pia
F;Farah
F;Jana
F;Nélia
F;Zoey
M;Christ
M;Emir
M;Lazar
M;Lubin
F;Auriane
M;Dorian
F;Lilya
M;Adrian
F;Charlie
M;Gautier
F;Matilde
M;Saul
M;Zayd
M;Eli
M;Imad
F;Aurélia
F;Célina
M;Ludovic
F;Lise
M;Matias
F;Izia
F;Eve
F;Leyna
F;Liv
F;Noor
M;Alix
M;Aurélien
F;Elisabeth
F;Eve
M;Kays
F;Kiara
M;Mateusz
M;Mayeul
F;Sira
M;William
F;Claire
M;Élie
M;Malone
M;Moustapha
M;Idriss
F;Thalia
F;Daphnée
F;Eden
M;Ilyane
M;Jaden
F;Abigaïl
M;Yanni
M;Ylan
F;Amicie
F;Isra
F;Jude
M;Matis
F;Nour
F;Isis
F;Tara
M;Armel
M;Josh
F;Laetitia
F;Tracy
F;Liora
M;Michael
M;Mouhamed
M;Philémon
M;Sandro
M;Swann
F;Augustine
F;Natalia
M;Andréa
F;Awa
M;Darius
F;Fatimata
F;Sienna
M;Yacine
M;Andrei
F;Fatimata
F;Luz
M;Michael
M;Sébastien
M;Zacharie
F;Imène
F;Mila
M;Pablo
M;Paolo
M;Rayane
F;Aminata
F;Déborah
F;India
M;Alone
F;Hind
M;Wissem
F;Viviane
M;Augustin
M;Zayd
F;Éva
F;Elisa
M;Léandre
M;Adama
F;Hind
M;Maxence
M;Melvil
M;Haroun
M;Aurélien
F;Gabriela
F;Fatou
M;Eden
F;Grace
F;Safia
M;Enguerrand
F;Léa
M;Leny
M;Jessy
F;Lili
M;Teddy
M;Dominique
F;Alix
F;Éloïse
F;Lilie
M;Viggo
M;Milan
F;Beya
F;Deborah
F;Olympia
M;Sohan
M;Souleymane
M;Joseph
F;Éloïse
M;Mahdi
F;Manel
M;Maxime
F;Laya
F;Victoire
M;Nahïl
M;Louison
F;Aissata
F;Ilyana
F;Zeinab
F;Bianca
F;Malia
M;Abel
M;Leo
F;Sana
F;Colombe
F;Ghalia
M;Zayd
F;Khadidja
M;Nahël
F;Lucy
F;Alizée
F;Zohra
F;Jana
F;Nessa
F;Elsie
F;Assil
F;Layel
F;Jannah
M;Isaïah
M;Kamil
F;Maram
F;Madeleine
M;Mouhamed
F;Flora
M;Qassim
F;Noya
M;Joaquim
F;Nour
F;Elena
F;Paloma
F;Louna
F;Athena
M;Elyo
F;Luce
F;Martha
M;Louaï
F;Marina
F;Alma
F;Cécile
F;Mélinée
M;Nour
F;Elya
M;Lino
F;Ninon
F;Maëva
F;Jane
M;Rahim
F;Valentine
F;Claire
F;Nelya
M;Nathaniel
F;Chayma
M;Elouan
F;May
M;Ariel
F;Christine
F;Claudia
M;Nolhan
F;Roxanne
M;Yani
M;Igor
M;Teddy
M;Sidy
M;Xavier
M;William
F;Maïssa
F;Emy
M;Ilyès
M;Karim
M;Brahim
F;Charlène
F;Hannah
F;Imène
M;Grégoire
F;Maryam
F;Elyssa
M;Tom
F;Ariane
M;Louis
F;Nélia
M;Sasha
M;Alpha
M;Kamil
F;Sacha
M;Théodore
M;James
F;Lucile
F;Marine
M;Mathias
F;Aïcha
F;Camille
M;Abel
M;Théodore
M;Ahmed
M;Amos
M;Souleymane
M;Stéphane
M;Yoann
M;Zinedine
F;Alicia
F;Isis
M;Rubens
M;Loris
F;Marguerite
F;Nadine
F;Emeline
F;Khadija
F;Laïa
F;Leïa
M;Alban
M;Anis
M;Elon
M;Jonah
M;Marc
F;Zahra
M;Kays
M;Malek
F;Lou
M;Hippolyte
M;Dylan
M;Dimitri
F;Héléna
F;Auriane
M;Étienne
M;Mael
F;Anita
M;Matteo
F;Aurélia
M;Nolhan
M;Cyprien
F;Olivia
F;Houda
M;Loan
M;Joan
M;Simon
F;Mélissa
F;Andréa
M;Vianney
F;Ernestine
F;Amélie
M;Lior
M;Alexander
F;Aminata
M;Enzo
F;Eugénie
F;Haby
M;Gabriele
M;Jules
M;Julien
M;Marcel
F;Juliette
F;Nouha
M;Luca
F;Aylin
F;Maissa
F;Caroline
F;Frida
F;Elizabeth
F;Sara
F;Aby
F;Anne-Marie
F;Mellina
M;Bastien
M;Nathaniel
F;Louise
M;Théodore
F;Safa
F;Mariama
F;Clémentine
M;Wassim
M;Mohamed-Lamine
M;Baptiste
F;Capucine
M;Nabil
F;Salimata
M;Ryad
M;Tim
F;Aure
F;Camelia
M;Dany
F;Elena
M;Josh
F;Hajar
M;Ilyan
M;Liam
M;Jad
M;Loïs
F;Lilya
M;Martin
F;Mélina
F;Nada
M;Sacha
M;Mayron
M;Levi
F;Meryem
M;Léo
F;Elise
F;Maïssa
F;Tess
M;Yacoub
F;Léonie
F;Elisheva
F;Jennifer
F;Thaïs
M;Valentino
F;Fatim
F;Louane
M;Amine
M;Joris
F;Mélodie
F;Mila
F;Stella
F;Ysé
M;Dimitri
F;Hélène
F;Léonie
M;Loïc
M;Maé
F;Maïlys
M;Marcel
F;Carmen
F;Danaé
M;Rayan
F;Cléa
F;Ilona
M;Kylian
M;Mehdi
M;Souleyman
F;Abigaël
M;Bruno
F;Eugénie
F;Elsa
M;Arsène
M;Milann
M;Élias
M;Maho
M;Owen
M;Isaiah
M;Antonin
F;Marguerite
F;Marwa
M;Tidiane
M;Titouan
F;Isée
M;Thierno
M;Wael
M;Joaquim
M;Théophile
F;Anissa
M;Antoine
M;Lilian
F;Lou-Ann
M;Matthias
M;Nicolas
F;Cléa
M;Emilio
F;Lyna
M;Milan
F;Tina
M;Charles
M;Kylian
M;Marvin
M;Ryan
F;Liza
M;Pharell
F;Bintou
F;Elyne
F;Assiya
M;Samy
F;Charlotte
F;Domitille
F;Klara
M;Hélie
M;Alexander
F;Fatma
M;Josh
M;Nathaniel
F;Léopoldine
F;Elina
M;Soulayman
M;Théotime
F;Mathilde
F;Mayssa
F;Noa
M;Souleyman
F;Tasnim
F;Tess
M;Yazid
M;Ibrahima
M;Kenzi
F;Leila
M;Menahem
F;Noura
F;Emilie
M;Menahem
F;Gabriela
M;Clarence
F;Emilia
M;Eythan
M;Franck
M;Marvin
M;Ruben
M;Eugène
F;Amaya
F;Sonia
F;Fleur
F;Lahna
F;Maé
M;Nabil
M;Wael
M;Christian
F;Kim
F;Livia
M;Mathieu
F;Nora
M;Reda
F;Thanina
M;Djibril
M;Édouard
M;Jonas
F;Maria
F;Khadija
M;Octave
M;Amaury
F;Charlotte
M;John
M;Assil
M;Elliot
F;Mathilda
M;Zayn
F;Soline
F;Eléa
M;Zacharie
F;Ayline
M;Brayan
M;Paul
F;Axelle
F;Marylou
M;Jordan
M;Souleymane
F;Violette
M;Ismael
M;Alex
M;Youri
M;Ilyane
F;Charlène
M;Ernest
F;Mina
F;Yasmine
F;Armance
M;Armel
M;David
M;Leandro
M;George
M;Malone
M;Ghali
M;Omar
M;Moïse
F;Layana
M;Jonathan
M;Maxim
F;Elina
M;Justin
F;Lola
F;Elina
F;Marguerite
F;Elise
M;Matt
M;Hassan
M;Killian
F;Khadija
F;Ophélie
M;Georges
F;Gisèle
M;Salim
M;Sofiane
M;Antonin
F;Charlotte
F;Lou
F;Marjane
F;Sophia
F;Wendy
M;Jonas
M;Amaury
F;Emmanuelle
F;Neyla
M;Ousmane
F;Céline
F;Hana
F;Line
M;Nohan
F;Daphné
F;Eléanore
F;Emilie
F;Maïssa
F;Élina
M;Noé
F;Mya
F;Léna
M;Leo
F;Maryam
F;Mila
F;Salomé
F;Cléa
F;Clotilde
M;Corto
M;Esteban
F;Shaïna
M;Mohamed-Ali
M;Patrick
M;Yani
F;Anjali
F;Cléophée
F;Kimberly
F;Ada
F;Aurore
F;Cindy
F;Ludmila
M;Mickaël
F;Ambre
F;Salimata
F;Grâce
F;Henda
M;Karamoko
F;Célia
M;César
M;Dan
F;Céleste
F;Line
M;Aloïs
F;Nada
M;Robin
M;Vadim
M;Hippolyte
M;Emilio
F;Bintou
M;Joud
F;Athena
M;Bastien
F;Béatrice
F;Lylia
M;Charlie
F;Lucile
F;Miya
F;Zineb
F;Amélie
M;Liam
M;Tim
F;Caroline
F;Céline
F;Eve
M;Lisandro
F;Lyna
M;Sam
M;Yacouba
F;Ana
M;Gary
F;Lara
F;Mellina
M;Nour
M;Vadim
M;Côme
M;Léandre
F;Loïs
F;Théa
M;Justin
M;Pierre
M;Valentin
F;Elena
F;Aicha
M;Neil
M;Dimitri
M;Yusuf
M;Eloi
M;Florian
F;Isabelle
M;Martin
F;Amaya
F;Olga
F;Ilana
F;Justine
M;Maximilien
F;Nina
M;Omar
F;Yona
M;Younès
M;Elio
F;Fatou
F;Gabriela
F;Jasmine
M;Marlon
F;Neïla
M;Szymon
M;Théophile
M;Zachary
F;Angèle
F;Béatrice
F;Emmie
F;Manon
M;Reda
M;Arthus
F;Clarisse
F;Cosima
M;Marius
M;Timéo
F;Maïmouna
M;Tristan
F;Joséphine
F;Roxane
F;Alyah
F;Violette
M;Swan
M;Arnaud
F;Perla
M;Ayman
F;Divine
M;Samir
F;Eliana
F;Khadidja
M;Philémon
M;Dan
F;Haya
F;Lya
M;Prince
F;Suzie
M;Timéo
F;Janna
M;Jean-Baptiste
M;Naël
F;Nelya
M;Selim
M;Enguerrand
M;Joachim
F;Milena
M;Sebastian
M;Tidiane
F;Aurélia
F;Océane
F;Soumaya
F;Ella
F;Lisa
F;Nora
F;Izia
M;Ibrahima
M;Sasha
M;Ayaan
F;Anne
F;Eline
F;Elise
F;Lucille
F;Nélia
F;Ramata
F;Assia
M;Cameron
M;Hadriel
M;Maé
F;Sara
M;Arthur
F;Ilana
F;Soline
F;Hana
M;Quentin
M;Thiago
F;Dalya
M;Demba
F;Juliette
F;Elya
M;Jason
F;Mia
M;Ange
F;Yara
M;Joaquim
M;Walid
M;Elliot
M;Joachim
F;Nicole
M;Ivan
F;Janelle
M;Jordan
M;Louis
M;Gaëtan
M;Jérémie
F;Norah
M;Zakaria
M;Evan
F;Zoé
M;Anas
F;Flora
F;Zoë
F;Antonia
F;Apolline
M;Christopher
F;Shaïma
M;Eddy
F;Bertille
F;Emy
F;Valentina
F;Romie
M;Gary
F;Isaure
M;Lamine
M;Amin
M;Jean
F;Jasmine
M;Iyed
M;Edmond
F;Elyana
M;Issa
M;Ismaël
F;Jennah
F;Délia
M;Kassim
M;Hélie
F;Diane
M;Simon
M;Eliott
F;Calypso
M;Harouna
M;Jack
M;Marin
F;Lyna
F;Lyne
M;Joan
F;Pénélope
F;Leila
M;Edgar
M;Adrian
M;Anton
F;Norah
F;Dana
M;Georges
F;Anaëlle
F;Ayana
M;Henry
F;Estelle
M;Abdou
F;Rita
M;Yossef
F;Éva
F;Mélissa
F;Suzie
M;Jacob
F;Alyssa
F;Éva
M;Nolan
F;Hortense
M;Jonas
F;Astrid
F;Eléonore
F;Hafsa
M;Samuel
F;Lauren
F;Maelys
M;Mickael
M;Milan
F;Auriane
M;Damien
F;Léane
M;Adrian
M;Amar
M;Aurèle
F;Liv
F;Meriam
M;Aloïs
M;Damien
M;Ibrahim
F;Jessica
M;Malik
F;Norah
F;Sacha
M;Steven
F;Althéa
F;Elona
F;Fatou
M;Ferdinand
F;Ariane
F;Cléa
F;Hermine
F;Lisa
F;Alizée
M;Léo-Paul
F;Maayane
F;Ninon
F;Ema
F;Flavie
F;Klara
F;Mariem
M;Dorian
M;Dylan
M;Iyed
M;Jad
F;Johanne
F;Sabrine
F;Sophia
M;Thibaud
F;Alix
M;Eliot
M;Jack
M;Erwan
F;Mya
F;Valentine
F;Camelia
M;Eren
M;Hedy
M;Tidiane
F;Rahma
M;Romeo
M;Gauthier
M;Tiago
F;Layla
F;Jannah
M;Souleyman
M;Thibault
F;Amani
F;Charline
F;Olympia
F;Siloé
M;Anes
M;Lukas
M;Kenzi
F;Anne
F;Fatim
M;Zayn
M;Naïl
F;Leïa
F;Camille
M;Thomas
M;Auguste
M;Ali
M;Theo
M;Gaston
F;Lyanna
F;Avril
F;Lea
M;Leo
M;Enzo
M;Roman
F;Noûr
F;Lou
F;Mayane
M;Brian
F;Kaïna
F;Leïla
F;Laurence
F;Luce
M;Maël
F;Leyna
F;Alexia
F;Althéa
M;Félix
F;Martha
M;Daouda
F;Stéphanie
F;Lila
F;Rachel
F;Salimata
F;Lauriane
M;Rayan
M;Tony
M;Louis
F;Sofia
F;Vanessa
F;Christina
M;Youssouf
F;Constance
F;Oona
M;Bradley
M;Hélio
M;Kevin
M;Francesco
M;Mathias
F;Rania
M;Elijah
F;Cécile
F;Félicie
M;Owen
M;Raphael
M;Harry
F;Johanna
M;Mael
F;Natalia
M;Merlin
M;Ilyess
F;Iris
F;Marianne
F;Cassie
F;Clothilde
F;Margot
F;Yamina
F;Siloé
F;Hana
F;Amelia
F;Mélissa
F;Hadja
F;Esther
F;Pénélope
F;Fleur
F;Léonor
M;Kayden
M;Emile
F;Diane
F;Sarah
M;Lamine
F;Énola
M;Aubin
F;Sacha
M;Maé
F;Eléa
F;Nora
F;Agnès
M;Mathieu
F;Noah
F;Serena
M;Abou
M;George
M;Sasha
M;Ibrahima
M;Levi
M;Henri
F;Mariame
M;Ynon
F;Marianne
M;Namory
M;Rémi
F;Billie
F;Khady
M;Henri
F;Israa
F;Eléna
M;Adams
M;Léo
M;Pablo
F;Lyana
M;Jack
F;Camélia
F;Imen
F;Jana
F;Soline
F;Tali
F;Amandine
F;Awa
M;Miles
F;Leïla
F;Naïla
M;Paul
M;Robin
M;Alexandre
M;Morgan
M;Logan
M;Logan
F;Adélaïde
M;Rafaël
F;Reine
F;Alyssa
M;Samuel
M;Naël
F;Clémentine
M;Frédéric
F;Nélia
M;Eddy
M;Amin
F;Artémis
F;Claudia
M;Haroun
M;Leandro
M;Mathys
F;Solène
F;Thalia
M;Tim
F;Valentina
M;Aristide
M;Adel
M;Amine
F;Ayah
M;Abdoul
F;Romaïssa
M;Zack
M;Achille
M;Andréa
F;Blanche
M;Constant
F;Emmanuelle
M;Joseph
M;Malick
M;Timothé
M;Ambroise
M;Zakarya
M;Paulin
M;Arthur
M;Jacob
M;Jacques
F;Léopoldine
M;Éric
M;Kelvin
M;Lohan
M;Sami
F;Sofia
F;Carla
M;Cyril
F;Léopoldine
M;Matthieu
F;Pauline
M;Philéas
M;Reda
F;Anastasia
M;Karl
M;Loïs
M;Nolann
F;Romane
M;Yanis
M;Alban
M;Franck
M;Guy
F;Angélina
M;Gaspard
F;Kahina
F;Lilas
M;Rodrigue
M;Yacouba
M;Yann
F;Lola
M;Oren
M;Ramy
F;Sabrina
M;Hélie
M;Macéo
M;Ewan
M;Jeremy
M;Saad
F;Alix
F;Laura
M;Matisse
F;Mara
M;Enzo
F;Safa
F;Aïda
F;Léa
F;Charlie
F;Mawa
M;Lysandre
M;Isaïah
M;Rayane
F;Nessa
F;Élia
F;Kiana
M;Vasco
F;Korotoum
M;Nassim
F;Raphaëlle
F;Aïda
M;Racim
M;Hamza
M;Mattéo
M;Léo
M;Amine
M;Antonin
M;Armel
M;Eugène
M;Ilyan
F;Lana
F;Melissa
F;Lydia
M;Kaïs
F;Maëlie
M;Kaïs
F;Nour
F;Liya
M;Malik
F;Marion
F;Aimée
M;Anir
F;Audrey
M;Lukas
M;Theodore
M;Lucas
F;Maeva
M;Mickaël
M;Néo
F;Wendy
F;Astrid
M;Nazim
F;Noha
M;Idan
M;Laurent
M;Matteo
F;Nathalie
M;Wandrille
M;Andy
F;Félicie
M;Georges
F;Lynn
M;Merlin
F;Maja
M;Alexander
F;Diana
F;Juliana
F;Lucie
F;Hana
F;Joy
F;Camila
F;Dania
F;Margaux
F;Sirine
M;Yossef
F;Philomène
M;Noé
M;Romain
F;Selena
M;Aliocha
M;Aurèle
F;Naïa
F;Layane
F;Leila
M;Zack
M;Maxime
M;Ézéchiel
F;Deva
F;Isabelle
F;Emma
M;Auguste
F;Assia
M;Imrane
F;Nélia
F;Brune
F;Leyla
M;Babacar
M;Arié
F;Manel
F;Emily
F;Jeanne
F;Romy
M;James
M;Edgar
F;Maylis
F;Colette
F;Noémie
M;Dali
F;Éléna
M;Walid
F;Emy
M;Éric
M;Matthieu
F;Alicia
M;Steven
M;Timéo
M;Zinedine
F;Christelle
M;Hippolyte
F;Lindsay
M;Rafael
M;Aboubakar
F;Abigaïl
F;Cléa
M;Émile
F;Jinane
F;Sacha
F;Adélaïde
F;Alexia
M;Anton
F;Arwen
F;Gaïa
F;Joey
M;Roman
M;Eytan
F;Fanny
M;Alexander
F;Audrey
M;Florent
M;Gaël
M;Michael
F;Sofia
F;Stella
M;Iyad
M;Mahamadou
F;Daria
M;Logan
M;Raphaël
M;Roméo
M;Abdoulaye
M;Abel
F;Cléophée
F;Firdaous
F;Inès
M;Maé
M;Yasser
M;Constantin
M;Idris
F;Mahaut
M;Marwane
M;Noam
M;Ylan
F;Latifa
F;Sakina
M;Téo
M;Constantin
M;Soren
F;Aliya
F;Julie
M;Lucas
M;Élias
M;Enzo
F;Tali
F;Clélia
M;Marceau
M;Jude
M;Gary
M;Joseph
M;Mattia
F;Livia
M;Adama
F;Mira
F;Anaya
F;Taline
M;Jonathan
F;Marthe
F;Nélya
M;Thomas
F;Léana
M;Baptiste
F;Jenny
F;Rose
M;Tony
M;Yassin
F;Johanna
F;Charlie
M;Hedi
F;Sarah
M;Léopold
F;Lyna
M;Abdallah
M;Laszlo
M;Alon
M;Logan
M;Stanislas
F;Aliyah
M;Camil
F;Émeline
F;Djeneba
M;Gaspard
M;Loïc
F;Solveig
F;Aya
F;Amel
F;Théodora
M;Youssef
M;Hedi
F;Estelle
F;Sira
F;Lily
F;Sana
F;Juliette
F;Tess
M;Abdoulaye
F;Anne
M;Calvin
F;Eloïse
M;Martin
M;Aboubacar
F;Aëlys
F;Luz
F;Lylia
F;Scarlett
M;Stanislas
M;Philippe
F;Sacha
F;Anaé
F;Lauriane
M;Macéo
M;Mehdi
M;Viktor
F;Domitille
M;Jalil
M;Selyan
M;François
F;Aïcha
F;Anne
M;Arthur
M;Elliott
M;Flavio
M;Lino
F;Nada
F;Solenn
F;Amel
F;Nicole
F;Isaure
M;Maxence
M;Nolhan
F;Sirine
M;Hocine
M;Michel
F;Eulalie
M;Matthieu
F;Nina
M;Marc
M;Théophile
F;Oumou
M;Edouard
M;Ilian
F;Anaelle
F;Célestine
F;Inès
M;Mahamadou
F;Camelia
M;Joachim
F;Lorette
F;Rosa
M;Joshua
M;Warren
F;Pauline
F;Léa
F;Maeva
F;Rosalie
M;Hélio
F;Jessica
F;Marie
F;Yousra
M;Colin
F;Oumou
F;Rachel
F;Abby
F;Annabelle
M;Laszlo
F;Rose
M;Justin
M;Eloi
M;Elyas
M;Marlow
M;Santiago
F;Paloma
M;Edouard
F;Éloïse
M;Oussaid
F;Malika
F;Jannah
M;Adam
F;Maïmouna
M;Gaspard
F;Emilie
F;Isis
F;Lucile
M;Ugo
F;Inna
M;Matthias
M;Naël
M;Félix
F;Noura
F;Sasha
M;Tao
M;Fares
M;Naor
F;Paula
F;Zaynab
F;Éline
F;Alyssa
F;Sienna
M;Sacha
F;Kadiatou
F;Rosie
F;Tahira
F;Khadija
M;Louka
M;Giorgio
M;Angelo
M;Cyril
F;Manelle
F;Sasha
M;Artus
F;Tess
F;Amy
M;Emilien
F;Erin
F;Léontine
M;Adama
F;Louna
M;Samba
M;Gabriel
M;Max
M;Emir
F;Lyana
M;Yohann
M;Alexis
M;Aurélien
M;Elias
F;Shaïly
M;Alessandro
M;Leonardo
F;Louisa
M;Maël
F;Énora
F;Isaure
M;Jawad
F;Justine
F;Marguerite
F;Jana
M;Zyad
M;Henry
F;Lola
M;Amadou
F;Kayla
M;Zakariya
M;Solal
F;Jana
M;Orso
F;Chiara
F;Selma
F;Claire
F;Flavie
F;Héloïse
M;Emmanuel
M;Kilian
F;Maé
M;Sasha
F;Kadidja
F;Anouck
M;Artus
M;Swann
F;Violette
M;Luis
M;Marwan
F;Alexia
F;Eliana
F;Hind
F;Hannah
F;Mariama
F;Adélaïde
F;Marnie
M;Léandro
F;Suzie
F;Khady
M;Samy
M;Cheick
M;Matias
F;Fatim
F;Marie-Lou
M;Mattéo
M;Habib
M;Noé
M;Karl
F;Shana
F;Cassandre
M;Franck
M;Gaétan
F;Hiba
F;Talia
M;Basile
F;Madeleine
F;Yona
F;Bahia
M;Foucauld
M;Joachim
F;Lilie
F;Asia
F;Marie-Ange
M;Mark
M;Anas
F;Charlotte
M;Emile
F;Liza
F;Maïlys
M;Anatole
F;Isis
F;Lucia
F;Elyssa
M;Giulian
F;Lylia
F;Jennah
F;Nina
M;Teodor
M;Khalil
M;Milhane
M;Darius
F;Louise
F;Tara
F;Mélina
F;Baya
F;Fatima
F;Ramata
M;Dorian
M;Nils
F;Marie
M;Balthazar
M;Jean-Baptiste
F;Helena
M;Louka
F;Luna
F;Nesrine
M;Wissem
M;Abd
M;Maxime
M;Loup
M;Robinson
M;Aymane
M;Benoît
F;Mélusine
F;Carla
M;François
M;Idrissa
F;Andréa
M;Jean
F;Emy
M;Bastien
F;Laurène
F;Coumba
F;Eglantine
F;Fanny
F;Lorena
M;Maxence
M;Souleymane
F;Tiffany
F;Bouchra
M;Dali
M;Kenzo
M;Raphael
M;Titouan
F;Emna
F;Valentine
F;Myriam
M;Florian
M;Abdoul
M;Guilhem
M;Gaoussou
M;Ilias
F;Mira
F;Naïla
M;Paul
M;Georges
F;Divine
F;Elise
F;Irène
M;Lyam
M;Mahé
M;Paco
F;Jade
F;Lou-Anne
M;Lukas
M;Marceau
M;Nabil
F;Nine
M;Amadou
M;Lucas
M;Sekou
M;Warren
M;Andréa
F;Ariane
M;Djibril
M;Édouard
F;Noa
M;Tom
M;Léonard
M;Mathias
F;Mila
F;Tal
M;Victor
M;Gabriel
M;Mamadou
M;Warren
F;Anouk
M;Arthur
M;Balthazar
F;Dounia
M;Youssouf
M;Aboubakar
M;Anas
F;Bella
M;Bilel
M;Célestin
M;Abdallah
F;Alexandra
F;Elena
M;Isaïah
M;Jean
M;Giovanni
F;Jasmine
M;Théophile
M;Aksil
M;Armand
M;Félix
F;Lili
M;Youssouf
F;Hanya
M;Lévi
F;Safiya
F;Aurore
M;Chris
M;Marcus
M;Barnabé
F;Bérénice
F;Blanche
M;Mickaël
F;Maëlle
M;Sofiane
F;Aïssa
M;Yoel
M;Aimé
M;Guillaume
M;Karim
M;Mendel
M;Noham
F;Zoé
M;Cristiano
M;Enzo
M;Joey
F;Nelia
M;Roman
F;Aïda
F;Chaden
M;Khaled
F;Hortense
M;Éloi
M;Étienne
F;Mariam
M;Sébastien
F;Alessia
F;Anaïs
M;Édouard
F;Shira
F;Morgane
M;Ousmane
M;Gary
M;Sandro
M;Souleymane
F;Kristina
F;Leïna
M;Luc
M;Ewen
M;Simon
M;Damian
F;Judith
F;Mélanie
F;Célestine
M;James
F;Pauline
F;Hortense
M;Germain
M;Warren
F;Chelsea
M;Justin
F;Mariame
M;Morgan
F;Noor
F;Béatrice
F;Hannah
M;Joe
F;Mariama
F;Lili
F;Romane
M;Tancrède
F;Victoire
F;Élodie
F;Lilya
F;Haya
F;Oumou
M;Axel
M;Anas
F;Elia
F;Miya
F;Zeinab
M;Leonardo
M;Salif
M;Adam
M;Auguste
F;Aya
F;Sofia
M;Maxence
M;Milo
M;Lenny
M;Aurèle
M;André
F;Noya
M;Ulysse
M;Samy
F;Kelly
M;Tom
F;Ayline
F;Imen
M;Timéo
M;Anatole
M;Jonas
F;Léa
F;Lara
F;Naïa
M;Célestin
F;Elizabeth
F;Garance
F;Isaure
F;Joana
F;Lena
M;Sabri
F;Safiya
F;Victoria
F;Elie
M;Haï
F;Ambre
M;Ilies
M;Erwann
M;Georges
M;Léo
M;Roméo
M;Yossef
M;Ron
F;Amélie
F;Claire
F;Maïwenn
F;Antonia
F;Ora
M;Eyden
M;Ismaël
M;Yassine
M;Balthazar
M;Melchior
M;Harold
F;Marthe
M;George
M;Adel
F;Dalia
F;Pauline
F;Léa
F;Lola
M;Isaiah
M;Thibaut
M;Fabio
M;Brahim
M;Hassan
M;Marlon
F;Athénaïs
M;Balthazar
M;Bastien
M;Hugo
F;Salma
M;Sven
M;Amaury
F;Angelina
M;Gad
F;Gaëlle
F;Gabrielle
F;Alya
F;Jana
M;Jacob
M;Younes
M;Loïc
F;Maud
M;Alban
M;Bryan
M;Richard
M;Yann
M;Andy
M;Evan
F;Ora
M;Tenzin
M;Milhane
F;Coumba
M;Archibald
F;Oriane
F;Ivana
M;Maël
M;Samba
F;Violette
F;Mayssa
F;Nell
M;Noam
F;Vanessa
F;Fatima
F;Hélèna
F;Alma
F;Amy
M;Virgile
M;Jamal
M;Guillaume
F;Lucie
F;Marthe
M;Antonio
M;Mathieu
F;Sharon
M;Tobias
F;Camille
F;Cléo
F;Salma
F;Bella
M;Emil
M;Nael
M;Viktor
M;Guillaume
M;Qassim
F;Sofia
M;Valentin
M;Zacharie
F;Salomé
F;Océane
F;Sybille
F;Aïsha
F;Fatou
M;Virgile
F;Léo
F;Michelle
F;Inaya
F;Maëlle
M;Aboubakar
F;Sofia
F;Romane
M;Léandre
M;Noa
F;Shirel
F;Laetitia
F;Liliana
M;Loup
M;Titouan
F;Calypso
F;Marwa
F;Rita
F;Yara
M;Younès
M;Lewis
F;Maëlle
M;Nathanaël
M;Clovis
F;Félicité
M;Henri
M;Kaïs
F;Léa
F;Maëva
M;Michel
F;Amani
M;Armand
F;Elisa
M;Léon
F;Jordane
F;Lilia
M;Joshua
M;Tidjane
M;Gauthier
F;Léanne
M;Lucien
F;Aliénor
F;Cléophée
F;Clothilde
F;Kadidiatou
M;Milo
M;Théodore
M;Liron
F;Clara
M;Mathys
F;Imany
M;Nahel
M;Abraham
F;Miral
M;Alpha
F;Neïla
F;Pia
M;Max
M;Sasha
M;Eden
M;Axel
M;Abdullah
F;Amélia
F;Abby
F;Angela
F;Rosalie
M;Alexander
M;Malcolm
F;Mya
M;Aaron
M;Yannis
F;Noémie
M;Côme
F;Dalia
F;Gisèle
F;Olive
M;Oskar
M;Alfred
F;Dania
M;Léandre
M;Malek
F;Ashley
F;Gloria
F;Estelle
F;Gemma
M;Gustave
F;Aïcha
F;Judith
F;Janna
F;Lehna
F;Emeline
F;Kiara
F;Bianca
F;Meriem
F;Esther
F;Awa
M;Brice
M;Sylvain
M;Ewen
F;Aglaé
M;Aloys
F;Gabriela
F;Nesrine
M;Issa
M;Mendel
M;Rémy
M;Salim
F;Syrine
M;Zayd
M;David
M;Kenzi
F;Assia
F;Marwa
F;Maxime
M;Elijah
F;Luna
M;Élias
F;Emna
F;Mariam
M;Younes
F;Anne
F;Irina
F;Isis
M;Ismaël
M;Silas
F;India
M;Noah
F;Georgia
M;Mathieu
F;Keïla
F;Rosa
M;James
M;Thierry
M;Eli
F;Marie-Lou
M;Matheo
M;Maxence
F;Anayah
M;Albert
M;Raphaël
F;Gloria
F;Halima
F;Enola
F;Fanta
M;Jacques
F;Anaya
F;Gisèle
M;Michael
M;Adam
F;Elyssa
F;Naïa
M;Nathan
F;Luisa
M;Léo-Paul
F;Maïssa
F;Martha
M;Nizar
M;Titouan
F;Ayline
F;Éléa
M;Abdel
F;Aïsha
M;Ilyes
M;Malone
F;Sira
M;Hadrien
F;Carla
F;Farah
F;Léonore
F;Marthe
F;Angélina
M;Curtis
M;Ilias
F;Samia
F;Sirine
M;Gaël
F;Kessy
F;Léa
F;Manelle
F;Valentine
M;Ayoub
F;Calie
F;Faustine
M;Philippe
F;Safa
M;Zakarya
M;Dylan
M;Filip
M;Tidiane
M;Yaniv
F;Alyssia
F;Ania
F;Hermine
M;Nolan
F;Oriane
M;Younes
F;Amira
F;Annaëlle
M;Victor
F;Livia
M;André
M;Rafaël
M;Hakim
M;Alistair
F;Norah
M;Nathanaël
F;Aurore
M;Adriel
M;Nolan
F;Julie
F;Océane
M;Aziz
M;Constant
F;Elya
F;Léane
M;Sofiane
M;Célestin
F;Daphné
M;Lyam
F;Hind
M;Joan
M;Léo
F;Liv
M;Mady
F;Ombeline
M;Sidi
M;Tim
F;Divine
F;Elly
F;Halima
F;Lyne
M;Abel
M;Arnaud
F;Ramata
M;Corentin
F;Elise
F;Safiya
F;Cloé
M;David
F;Lia
M;Baptiste
F;Manel
F;Aliénor
M;Ewen
F;Lily-Rose
M;Oussayd
F;Esma
M;Ghali
F;Sanaa
F;Enora
F;Joana
M;Eyad
F;Léone
F;Maddalena
M;Chahine
F;Beya
M;Melchior
F;Haya
F;Cécile
F;Carmen
F;Shaïli
M;Idir
F;Ines
F;Karine
F;Shaïna
F;Valérie
F;Loubna
F;Perrine
M;Saïd
M;Jérémie
F;Maureen
F;Salma
F;Tali
F;Fanny
M;Fantin
F;Melina
F;Naïla
M;Youssouf
F;Apolline
F;Cassandra
F;Dahlia
F;Julie
M;Mathurin
M;Pierre-Louis
F;Adriana
M;Achraf
M;Anass
M;Constant
M;Giovanni
M;Adrian
F;Jessica
F;Namizata
F;Coralie
M;Ezra
M;Ilyas
M;Isaac
M;Jaden
M;Leonardo
F;Camelia
M;Ibrahima
M;Joaquim
M;William
M;Anass
M;Jack
F;Léane
M;Mansour
F;Paola
M;Alexander
F;Aline
F;Annabelle
M;Cyril
M;Eliott
F;Gabrielle
M;Liam
M;Nolan
M;Aldo
F;Juliette
M;Aydan
M;Ilian
F;Safia
F;Aïssata
M;Ben
F;Dana
M;Dani
F;Sandra
F;Ysée
M;Ibrahim
M;Daniel
F;Lana
M;Yacine
M;El
M;Aymeric
M;Colin
M;Albert
M;Gael
F;Amalia
M;Bilal
M;Elio
F;Lula
F;Maëlys
M;Mohamed-Amine
M;Léo
M;Nino
M;Andréa
F;Ayah
F;Éléanore
F;Anaya
F;Laure
F;Nora
F;Ora
M;Gianni
M;Alessio
F;Lily-Rose
F;Nafissa
F;Lison
M;Elijah
F;Leila
M;Jacob
F;Ethel
M;Othman
M;Robin
F;Sara
M;Iyad
M;Ruben
M;Milhan
F;Alia
M;Amine
F;Diana
F;Elisabeth
F;Hawa
M;Yanis
M;Milo
M;Stanislas
M;Milhan
M;Idris
F;Aliya
M;Aurèle
M;Jaden
M;Joan
M;Marvin
M;Trystan
F;Ysée
F;Christine
F;Hania
M;Juan
M;Julian
M;Ryan
M;Safwan
M;Eliott
F;Hanaé
M;Alexander
M;Aden
M;Younès
F;Liya
F;Gloria
M;Robinson
F;Athénaïs
F;Marjane
M;Nathan
F;Patricia
M;Aloys
F;Amélie
F;Aurélia
M;Grégoire
M;Mateo
M;Ricardo
M;Ilhan
F;Lana
M;Mathieu
M;Anis
M;Tanguy
F;Flore
F;Ilana
M;Pierre-Louis
F;Safiatou
F;Salomé
M;Virgile
F;Lina
F;Mayar
M;Nil
F;Lehna
F;Capucine
F;Marianne
M;Ernest
F;Lilia
M;Célestin
M;Ferdinand
M;Priam
M;Evan
F;June
M;Nassim
M;André
F;Nola
F;Sira
F;Ariane
M;Armand
M;Emilio
M;Horace
F;Isra
M;Soren
F;Sofia
F;Aimée
F;Yaëlle
M;Silas
M;Aaron
M;Émile
F;Hanaé
M;Hakim
M;Lenzo
M;Mamadou
F;Lilia
M;Maximilien
F;Aïssata
M;Kader
M;Abderrahmane
F;Clémence
M;Felix
M;Kévin
F;Pauline
M;Sasha
F;Fatoumata
M;Nizar
M;Hédi
F;Zelda
M;Arnaud
M;Calixte
F;Alia
M;Mamoudou
F;Gabriela
F;Leonor
M;Thomas
M;Raphaël
F;Emmy
M;Jonah
M;Mathis
M;Yanis
M;Emilio
M;Ahmad
F;Alima
M;Jérémie
F;Alicia
M;Éloi
F;Camila
F;Eglantine
F;Éléonore
F;Eliza
M;Yanni
M;Elie
F;Erika
F;Maram
F;Athénaïs
F;Jade
M;Lilian
M;Léandre
F;Nine
M;Noa
F;Selena
F;Betty
M;Alexis
M;Noham
F;Suzanne
F;Rosalie
M;Yann
F;Alixe
M;Danny
F;Naïma
F;Serena
M;Alistair
F;Louna
F;Flore
M;Ismaïl
M;Mahdi
M;Emilio
F;Éléonore
F;Eurydice
M;Ari
F;Bertille
F;Maelys
F;Sibylle
F;Norah
F;Selena
M;Valentin
F;Chahinez
F;Éline
F;Émilie
F;Jade
F;Maeva
M;Malo
F;Nadia
F;Nour
F;Clémence
M;Rémi
F;Inaya
F;Awa
F;Sarah
F;Amina
F;Assia
F;India
M;Keziah
F;Lynn
F;Penda
F;Keren
F;Liza
F;Maëlys
M;Pierre
M;Yossef
F;Angèle
M;Balthazar
F;Charlène
F;Coumba
F;Gaëlle
M;Lukas
M;Nolan
F;Tiana
F;Cléa
M;Diego
M;Gaëtan
M;Ivan
F;Lyana
F;Tasnime
F;Chahinez
F;Ema
F;Emmie
M;Jad
M;Joshua
F;Liora
F;Mariam
F;Nayla
M;Aydan
M;Etienne
F;Maxine
F;Melina
F;Rosalie
F;Tal
M;Djibril
F;Élina
F;Halima
M;Kays
M;Lou
M;Milhan
F;Olympia
F;Philippa
M;Eddy
M;Sékou
M;Charly
F;Élisabeth
M;Nahel
M;Pierre-Louis
M;Robin
M;Noham
F;Eugénie
F;Flora
F;Awa
F;Dado
F;Lilwenn
F;Victoire
F;Cassandra
F;Maïmouna
M;Djibril
M;Chris
M;Johan
F;Nawel
M;Yanis
M;Benjamin
M;Ilan
F;Carmen
M;Esteban
F;Héloïse
M;Julien
F;Khadija
M;Loup
M;Saul
F;Sophie
F;Tia
M;Zakariya
M;Ahmad
M;Florian
M;Hamidou
M;Mohamed-Ali
M;Nil
M;Ruben
F;Élisa
F;Joy
F;Liana
M;Roch
F;Mahaut
F;Seyana
F;Naïma
M;Tom
F;Lisa
F;Hawa
F;Maëlys
M;Melvin
F;Flora
F;Gabriela
F;Sarra
F;Cassiopée
F;Eléna
F;Marie
F;Rania
F;Thelma
F;Hannah
M;Mamoudou
F;Fanny
M;Jacob
M;Maxence
M;Robinson
M;Aksel
F;Nada
M;Robin
F;Sasha
M;Seydou
F;Emilie
F;Ashley
M;Joseph
M;Jérémy
M;Kenzo
M;Karl
F;Layane
F;Ellie
M;Albert
F;Awa
M;Logan
M;Ange
M;Milhan
M;Dylan
M;Mohamed
M;Rayane
F;Nora
M;Thibault
M;Kaïs
M;Aksel
F;Louison
M;André
M;Arsène
M;Basile
F;Sacha
M;Allan
M;Eloi
F;Nadia
F;Nelly
M;Stéphane
M;Vadim
M;Fabio
M;Ismaïl
F;Lily-Rose
F;Linda
F;Fleur
F;Jenna
F;Auriane
F;Elissa
M;Issa
F;Layla
F;Lou
F;Malek
M;Rémi
M;Colin
F;Éléonore
M;Jonah
M;Nathan
M;Estéban
M;Ethan
F;Helena
M;Nathanaël
F;Nine
M;Solal
F;Alya
F;Shirel
M;Selim
M;Mateo
M;Vladimir
F;Constance
M;Moussa
M;Tom
F;Amalia
M;Jordan
F;Laurine
M;Lionel
M;Hadrien
M;Sebastien
F;Lyna
M;Teddy
F;Louane
M;Mahdi
F;Sana
F;Madeleine
M;Tayron
F;Amélie
M;Aïdan
F;Djeneba
F;Hanna
M;Mouhamed
M;Hayden
M;Joris
M;Elliott
M;Mario
F;Roxanne
M;Gauthier
F;Iris
F;Alya
F;Ilana
M;Curtis
F;Romane
M;Maxime
F;Fatima-Zahra
M;Valentin
M;Léopold
F;Juliette
F;Hana
M;Damian
F;Naava
M;Hassan
F;Liel
F;Frida
M;Ilyes
M;Youcef
M;Jérémy
M;Matis
F;Alessia
F;Aline
F;Alma
M;Thibaud
M;Aubin
F;Inès
F;Talia
F;Elisa
M;Ilyas
M;Jalil
M;Jérémy
M;Max
M;Yohann
M;Barnabé
M;Ilyas
F;Solveig
F;Alyssa
M;Aymen
M;Hamza
F;Anne
M;Célestin
F;Elisabeth
M;Kaïs
M;Zakariya
M;Amos
F;Bérénice
M;Johann
F;Tiphaine
F;Aude
F;Aylin
M;Ernest
F;Haby
M;Luca
F;Ophélie
F;Serena
F;Tara
F;Bintou
F;Rébecca
F;Camelia
M;Eden
M;Eric
F;Iman
M;Nael
F;Camille
M;Jean
M;Nino
F;Yaël
M;Yahya
M;Alec
F;Calie
M;Dimitri
M;Ilyas
M;Léon
F;Maéva
M;Octave
M;Sohan
M;Éloi
M;Alioune
M;Camille
M;Emile
F;Luce
M;Éloi
F;Flavie
F;Louve
F;Carmen
M;Imrane
F;Elie
M;Vianney
F;Anya
M;Yannis
F;Lison
F;Maïna
F;Meriam
M;Stanislas
M;Gaël
M;Matthew
F;Noor
M;Aris
M;Nathaniel
M;Edward
F;Kelly
F;Manel
M;Mouhamadou
M;Leo
M;Laszlo
M;Anis
F;Blandine
F;Éva
F;Juliette
F;Naëlle
M;Pacôme
F;Shaïly
M;Amaury
F;Inés
M;Swann
M;Théophile
F;Lydia
F;Rebecca
F;Samia
M;Tommy
F;Bertille
F;Lahna
F;Aurélie
F;Bintou
F;Christina
M;Elias
M;Constantin
F;Elisabeth
F;Mariama
M;Alexis
F;Lara
F;Alexane
M;Lorenzo
F;Fatoumata
M;Shaï
F;Léana
M;Michaël
M;Ali
F;Hanna
F;Lehna
F;Nathalie
F;May
F;Oumou
M;Romeo
M;Gaëtan
M;Viggo
M;Zayn
F;Ilyana
M;Quentin
M;Yohan
M;Djibril
F;Bintou
M;Lino
M;Daouda
M;Octave
M;Malo
M;Zayn
F;Saja
F;Azel
F;Wendy
M;Aloïs
F;Andrea
M;Iyad
M;John
M;Raoul
M;Sandro
M;Bryan
M;Ambroise
M;Imrane
M;Luka
F;Abigaël
F;Bérénice
F;Éloïse
M;Emilien
F;Inayah
F;Philomène
F;Victoire
M;Abdallah
F;Alexia
M;Baptiste
F;Eléonore
F;Jeanne
F;Aglaé
F;Aissata
M;Gary
F;Janna
M;Abdoul
M;Joseph
M;Bakary
F;Marnie
M;Eyal
F;Jade
F;Maëlie
F;Ombeline
M;Yoram
F;Djénéba
F;Jasmine
M;Corto
F;Lamia
M;Rayen
M;Hadrien
F;Rita
F;Tal
F;Anouck
M;Elior
M;Emmanuel
M;Henri
M;Léopold
F;Paris
M;Sami
M;Christophe
F;Erin
M;Karim
F;Luna
M;Tony
F;Brune
M;Ahmed
F;Eléonore
F;Aria
M;Bakary
F;Siena
M;Carl
F;Ashley
F;Carla
M;Samba
F;Rosa
F;Anaelle
F;Ava
F;Lehna
M;Octave
F;Olivia
F;Annabelle
F;Léana
F;Castille
M;Noa
M;Aaron
F;Ellie
F;Hawa
M;Issa
F;Uma
M;Emil
F;Mila
M;Vadim
F;Adélaïde
M;Miguel
F;Perla
F;Ethel
F;Loïs
M;Rémi
M;Saïd
M;Gianni
M;Anis
M;Calixte
F;Méline
M;Noé
F;Leonor
F;Aliyah
M;Selim
M;Idrissa
M;Siméon
F;Élia
F;Priscille
M;Or
F;Anita
F;Eve
M;Rayen
M;Yohan
F;Zoé
F;Eléna
F;Mathilde
M;Titouan
F;Agnès
M;Ayman
F;Faustine
M;Walid
M;Aksil
M;Bernard
M;Eden
M;Ismaël
F;Jessica
F;Laura
F;Natalia
M;Paolo
M;William
M;Abdoul
M;Bastien
F;Bérénice
M;Denis
F;Kayla
M;Liam
M;Malone
F;Paula
M;Thibaud
M;Antonin
M;Mustapha
M;Charlie
M;Christophe
F;Elvire
F;Odélia
M;Ricardo
F;Anouk
M;Charles
M;Emil
M;Ishaq
M;Abdoul
M;Arié
F;Bianca
M;Daniel
F;Imene
F;Jihane
F;Marta
F;Violette
F;Amandine
M;Emile
M;Malek
F;Aminata
F;Fiona
M;Ismael
M;Sasha
F;Blanche
M;Émile
F;Gabriella
F;Leah
F;Liel
F;Naïla
F;Naya
F;Sirine
M;Adriel
M;Archibald
F;Cécilia
F;Ilyana
M;Joris
M;Olivier
F;Théa
M;Andrea
F;Assa
F;Clotilde
F;Elinor
M;Yassin
F;Célia
M;Clément
F;Hélène
F;Julie
M;Lionel
F;Maïwenn
M;Adem
M;Bakary
F;Philippine
M;Yanis
F;Bonnie
F;Camille
F;Isis
M;Will
M;Elyes
F;Fatimata
F;Quitterie
M;Eliott
M;Soan
F;Ana
F;Hélène
M;Rayane
M;Luc
M;Eliel
M;Victor
M;Gauthier
M;Jaden
F;Sakina
M;Maëlan
M;Antony
M;Cameron
F;Lilas
M;Timéo
F;Alyssa
M;Aurèle
F;Cléo
M;Melvyn
F;Nour
M;Adam
M;Antonin
M;Ariel
M;Jonah
F;Louise
F;Rita
F;Solène
M;Swan
M;César
F;Clara
F;Joséphine
F;Kiara
F;Maëlys
M;Massil
M;Noham
F;Tasnim
F;Carlotta
F;Anouck
F;Blandine
F;Eden
F;Imene
F;Rahma
M;Raphael
F;Sandra
M;Théophile
M;Albert
M;Mehdy
F;Ashley
F;Christelle
F;Christine
F;Danaé
M;Pascal
M;Dominique
F;Lia
M;Yassine
F;Maylis
M;Richard
F;Zoé
M;Ethan
M;Iban
F;Ondine
F;Sarah
M;Yves
M;Anton
F;Aurélie
M;Mathieu
F;Aleksandra
M;Célian
M;Hédi
F;Niouma
M;Stefan
F;Lisa
M;Noa
M;Lorenzo
F;Elya
F;Lilas
M;Adam
F;Tia
M;Haron
F;Maïwenn
M;Léon
F;Maxime
M;Oskar
F;Rita
F;Clara
M;Issam
M;Kamil
F;Wiem
M;Mylan
M;Naïl
F;Suzanne
M;Angel
F;Arya
M;Matis
F;Mayssa
F;Noura
M;Yani
M;Georges
F;Imane
F;Léane
M;Marius
M;Yahya
F;Cléophée
M;Hugo
F;Israa
M;Matthias
M;Omar
F;Ophélie
F;Eléonore
M;Honoré
F;Justine
F;Lyne
M;Virgile
M;Yazen
M;Sohan
M;Hedi
M;Bryan
F;Loula
F;Paula
F;Béatrice
F;Ela
M;Kyle
M;Samuel
M;Boubacar
M;Ewen
F;Hanna
F;Joy
F;Lou-Ann
F;Ninon
M;Youssouf
M;Amaury
F;Asia
M;Imran
F;Lilas
M;Lukas
F;Sidonie
F;Sophia
M;Enguerrand
M;Nikita
F;Wendy
F;Amel
F;Talia
M;Tim
F;Amal
F;Valentine
F;Nava
M;Ilan
M;Eythan
F;Lara
F;Nayla
M;Solal
F;Alycia
M;Boubou
M;Nathanaël
F;Philippine
F;Hannah
M;Léon
F;Rita
F;Shayna
M;Selyan
M;Yann
M;Alexander
M;Corto
M;Donatien
M;Jérémie
F;Shayna
M;Ahmed
M;Israël
F;Eugénie
F;Hasna
F;Isabelle
F;Jenna
M;Jude
F;Lilia
F;Marianne
F;Mayline
F;Sarra
F;Ysé
F;Yuna
F;Abigaïl
F;Anaïs
F;Giulia
F;Neïla
F;Soumaya
M;Tristan
M;Yaya
M;Alessio
F;Faustine
F;Léna
M;Léopold
F;Léopoldine
F;Rosa
F;Aliénor
M;Christopher
F;Hannah
F;Miya
F;Elena
F;Ellie
M;Marvin
M;Swan
M;Yassin
F;Maéva
F;Nayla
F;Goundo
M;Elian
F;Levly
M;Sadio
M;Enguerrand
M;Loïs
M;Bruno
M;Marwane
M;Younès
F;Eléa
F;Joy
F;Enora
M;Fallou
M;Alassane
F;Jeanne
F;Khadija
M;Marin
M;Nolan
M;Wassim
M;Etienne
M;Ariel
F;Jihane
F;Mahaut
F;Marwa
M;Tidiane
M;Carl
M;Justin
M;Ali
M;Andy
F;Chloé
F;Faustine
M;Jessim
F;Loïs
F;Oumou
M;Youssouf
M;Vadim
M;Elyas
M;Yoan
F;Alba
F;Anaëlle
F;Céline
M;Eddy
F;Stéphanie
F;Florence
F;Sarah
F;Naomi
M;Dorian
F;Mathilda
M;Louison
F;Yuna
F;Ela
F;Zoé
M;Charlie
F;Aïda
M;Mahmoud
F;Haydée
M;Mendel
M;Otis
M;Mathis
F;Alexia
F;Eliza
M;Lukas
M;Cameron
F;Lindsay
M;Mamadou
F;Neela
M;Arnaud
F;Ava
M;Franck
M;Maxime
F;Cécile
M;Ibrahim
F;Candice
F;Dina
F;Prudence
M;Djibril
M;Fodé
M;Aly
M;Edward
M;Iliane
F;Anissa
M;Éthan
M;Evann
F;Eya
M;Joud
F;Noor
M;Georges
M;Henri
M;Tony
M;Andréa
F;Catherine
F;Félicie
F;Léonore
F;Olivia
M;Paolo
M;Sofiane
M;Valentin
F;Élise
M;Thierno
M;Lucien
F;Diane
F;Giulia
M;Vincent
M;Walid
M;Georges
M;Milo
F;Martha
F;Margot
M;Eren
F;Ines
M;Luka
M;Dimitri
M;Aimé
F;Sara
F;Jennah
M;Jalil
F;Loane
M;Melchior
F;Paola
F;Éva
M;Matthias
M;Tristan
F;Anaëlle
M;Elias
M;Naël
M;Pierre
F;Soline
F;Sara
M;Joaquim
M;Zakariya
F;Antonia
F;Angèle
F;Helena
F;Ayala
F;Anaya
F;Dana
F;Loane
F;Hermine
M;Hillel
F;Laetitia
F;Lana
M;Yanis
M;Loup
M;Erwan
M;Loris
M;Noah
F;Adélie
M;Aloys
M;Elijah
F;Maëlie
F;Rachel
F;Roxanne
M;Tim
M;Vianney
F;Elena
F;Isaure
M;Romain
M;Aymeric
M;Barnabé
F;Clothilde
F;Cynthia
F;Hasna
M;Zéphyr
F;Haya
F;Mayssane
M;Aboubacar
F;Mayar
F;Marilou
F;Chloé
F;Liyah
F;Mahaut
M;Samir
M;Aksel
M;Elliot
F;Paola
F;Rita
F;Salima
F;Sarah
F;Stella
M;Swann
F;Cassandre
F;Emna
M;Ladji
M;Mathis
F;Mélia
F;Anaé
M;Ayoub
F;Elyssa
F;Soraya
F;Andrea
F;Anissa
M;Dylan
F;Nava
F;Aline
F;Hafsa
F;Maëline
M;Nathanael
M;Noah
F;Rosalie
M;William
F;Mélissa
M;Andy
F;Augustine
F;Flavie
F;Théa
M;Marvin
F;Milla
M;Sean
F;Sophia
M;Baptiste
F;Héléna
M;Kenzo
M;Ibrahima
F;Émilie
M;Lior
F;Anita
M;Idris
F;Quitterie
M;Jérémie
M;Nassim
F;Aline
M;Lilian
M;Naor
F;Aysha
M;Aboubacar
F;Jane
F;Rita
F;Roxane
F;Laurine
F;Emily
M;Samuel
F;Tess
F;Amicie
M;Lucas
M;Jamil
M;Youssouf
M;Enaël
M;Max
F;Hermine
M;Melvil
M;Asser
M;Timothée
F;Maryam
F;Aïssatou
M;Mendel
F;Maëva
F;Assil
F;Grâce
F;Naëlle
M;Skander
F;Victoria
M;Ewen
F;Léonore
M;Lucas
F;Nahia
F;Fatoumata
M;Kenan
M;Marlon
M;Sasha
F;Anne
F;Ines
F;Mélodie
M;Olivier
M;Paolo
M;Saïd
F;Eléonore
M;Yazan
M;Kaylan
F;Célia
F;Maïssa
F;Tahel
F;Elyana
F;Ivy
M;Robinson
M;André
M;Éric
F;Carla
M;Mathys
F;Gabrielle
M;Malek
M;Melvil
F;Sara
F;Sara
F;Océane
M;Edwin
F;Éléonore
M;Willem
F;Vanessa
M;Matthieu
M;Moussa
M;Lino
M;Mouhamad
F;Sacha
M;Soan
M;Augustin
M;Roméo
F;Zohra
M;Arno
F;Enora
M;Haroun
F;Assia
M;Nolann
F;Mia
M;Nadir
M;Philippe
M;Alex
F;Lilly
M;Merlin
F;Laura
F;Rose
M;Thomas
M;Gael
M;Lucien
M;Daniel
F;Emna
F;Assiya
M;Lilian
F;Gaëlle
M;Amir
F;Dalia
M;Joan
M;Sacha
M;Carl
F;Awa
F;Donia
M;Timéo
F;Yamina
F;Pénélope
M;Léon
M;Owen
M;Kenan
M;Aviel
F;Émilie
M;Hamidou
M;Pierre
F;Soraya
M;Yaya
M;Adrien
F;Angelina
M;Lyam
M;Fares
F;Joyce
F;Lou-Anne
M;Tyron
M;Anton
M;Elliot
F;Hortense
M;Térence
F;Amel
M;Elyès
F;Lilia
M;Marc-Antoine
F;Mina
F;Natacha
F;Toscane
F;Jessica
M;Mathis
F;Roxane
F;Roxanne
F;Cindy
M;Matéo
F;Sarah
F;Tanya
M;Clovis
F;Lyna
F;Maud
F;Mya
M;Noah
F;Sibylle
F;Aïda
F;Anaïs
F;Élisa
M;Giulio
F;Tasnime
F;Esther
F;Jenna
F;Apolline
M;Joan
M;Oliver
M;Omar
M;Alban
M;Eugène
M;Mathis
M;Aurèle
F;Candice
F;Colette
M;Florent
M;Gaston
F;Ritej
M;Camille
F;Ava
F;Léonie
F;Maëlys
M;Ryad
M;Arthur
F;Astrid
M;Malone
M;Saïd
M;Ilyan
M;Ulysse
F;Cécilia
M;Mathis
F;Rose
M;Basile
F;Emmie
M;Philippe
F;Cécilia
M;Chris
F;Tsipora
F;Billie
F;Chiara
M;Loup
F;Anaëlle
F;Hafsa
F;Melina
M;Amara
M;Keziah
M;Sebastian
F;Chloé
F;Charlotte
M;Charles
M;Mathéo
M;Eyal
F;Rokia
F;Sia
M;Lucas
F;Alya
M;Hélie
F;Solange
F;Nell
M;Armand
F;Cécilia
M;Sebastian
F;Chloé
M;Eloi
F;Léana
M;Vianney
F;Nelly
F;Cindy
M;Cyril
F;Syrine
M;Dimitri
M;Valentino
M;Achille
F;Eléa
F;Éva
M;Gaspard
F;Nélya
F;Lara
M;Joseph
M;Ryad
M;Yannick
F;Amalia
M;Alexis
F;Élisa
M;Enguerrand
F;Ines
F;Inès
M;Lou
M;Leo
F;Michelle
M;Téo
M;Philémon
F;Yasmine
F;Thelma
M;Adrien
F;Camila
F;Agnès
F;Joséphine
M;Basile
F;Luna
M;Ibrahim
M;Joakim
F;Liora
M;Lou
F;Norah
F;Lya
F;Clarisse
F;Maeva
F;Elisabeth
F;Matilde
M;Harouna
M;Adam
F;Hermine
M;Alex
M;Constantin
F;Eléa
F;Faustine
M;Arthur
F;Céleste
F;Cléophée
F;Lilia
M;Noam
M;Philéas
M;Tiago
M;Aymen
F;Leïna
M;Youness
F;Béryl
F;Cléa
F;Elyssa
F;Fatoumata
M;Lazare
F;Sienna
M;Anis
M;Damian
M;Dylan
F;Léona
M;Alec
F;Inaya
F;Laure
F;Liliane
F;Romy
M;Stefan
F;Laurine
M;Theo
M;Bastien
F;Charline
M;Cyprien
F;Eglantine
F;Françoise
F;Gloria
F;Alma
M;Arsène
F;Farah
F;Jennifer
F;Mahault
F;Tiphaine
F;Mathilde
F;Leyna
F;Cassie
M;Assil
M;Rémi
M;Andria
F;Gabrielle
M;Adrian
F;Israa
M;Lamine
F;Awa
F;Louane
F;Lyana
F;Bianca
F;Emily
M;Maximilien
M;Raphaël
M;Tyron
F;Assia
M;Demba
M;Leny
M;Namory
F;Eya
F;Kadiatou
M;Mylan
F;Ombeline
F;Rose
F;Angelina
F;Augustine
F;Marie
M;Ilyes
M;Souleymane
M;Zachary
M;Levi
F;Ada
M;Ilan
F;Fanny
F;Leïla
F;Aliyah
M;Ayoub
F;Cataleya
M;Denis
M;Éthan
M;Jayden
F;Jennah
M;Mahdi
M;Youcef
M;Ruben
M;Aris
M;Christ
M;Francisco
F;Eydel
F;Lina
F;Augustine
F;Camille
F;Marguerite
F;Méline
M;Maxim
F;Aliénor
M;Thomas
F;Anaïs
M;Idriss
F;Layla
M;Yohan
F;Sophie
M;Sylvain
F;Héloïse
M;Matéo
F;Alyssa
M;Charles
M;Lohan
M;Blaise
F;Gaïa
F;Maelys
F;Talia
F;Abigail
F;Liyah
F;Thelma
F;Maelys
M;Eliot
F;Théa
M;Alix
F;Catherine
F;Safia
F;Camille
M;Oscar
M;Raphaël
F;Héloïse
M;Omar
F;Ivana
F;Maïwenn
M;Naïm
M;Nolan
M;Salim
F;Nesrine
M;Élio
M;Yoann
M;Macéo
F;Maelle
F;Elizabeth
F;Lyna
M;Cameron
M;Esteban
F;Sasha
F;Amel
M;Issam
F;Rivka
F;Adélaïde
M;Sidy
M;Neil
F;Ania
F;Amandine
M;Nissim
F;Lila
M;Ryan
M;Alone
M;Joaquim
F;Malak
M;Matis
F;Lahna
M;Titouan
F;Maxine
F;Shirel
M;Kenzo
F;Lehna
M;Léopold
M;Lucien
F;Aïna
F;Djena
M;Honoré
F;Lauren
M;Amir
F;Candice
M;Edgar
M;Mouhamadou
F;Quitterie
F;Aimée
M;Edouard
F;Sandra
F;Léna
M;Jessim
F;Louise
M;Raphaël
M;Alban
M;Bryan
F;Lily
M;Djibril
F;Alexandra
M;Hayden
F;Joy
F;Farah
F;Ayah
F;Loïs
M;Kingsley
F;Frida
M;Melvil
F;Meryem
M;Alessandro
F;Assya
F;Leïla
F;Leonor
F;Liyah
M;Marco
M;Noham
M;Marcus
F;Ilyana
M;Jack
M;Gaspar
F;Olympe
F;Satine
M;Emmanuel
F;Nicole
F;Rym
F;Andrea
M;Benoît
F;Ève
F;Eden
F;Éva
M;Jean-Baptiste
M;Lior
F;Marina
F;Alma
F;Fantine
F;Mona
F;Cassandra
F;Elizabeth
F;Elly
M;Jules
F;Nola
M;Sébastien
F;Alba
M;Francis
F;Gaïa
F;Grâce
M;Henry
F;Lilou
F;Madeleine
M;Timothé
M;William
F;Romane
M;Ethan
M;Hector
F;Hanna
F;Hortense
F;Khadija
M;Mehdi
M;Nils
M;Giulian
F;Agatha
M;Ulysse
M;Souleyman
M;Ayaan
M;Jaden
M;Constant
F;Mélodie
F;Rahma
F;Raphaëlle
F;Faustine
M;Viggo
M;Joël
F;Abigail
M;Jordan
F;Lily
M;Roman
F;Tasnim
M;Amaël
M;Meir
F;Thalia
F;Amel
F;Philomène
M;Victor
M;Elias
F;Léna
F;Andrea
F;Blanche
M;Walid
F;Aïda
M;Balthazar
F;Louisa
F;Solène
F;Gloria
M;Loris
M;Camille
F;Lila
M;Maxime
F;Suzanne
M;Eytan
M;Leonardo
F;Milena
M;Octave
F;Valentine
M;Gaspard
M;Pierre
M;Benjamin
F;Lara
F;Barbara
F;Kelly
M;Armand
M;Constantin
M;Romain
F;Layla
F;Ombeline
M;Alban
M;Alexander
F;Rebecca
M;Roland
F;Daria
F;Maria
F;Abigail
F;Ania
M;Jason
F;Yousra
M;Jonas
F;Isaure
F;Alya
F;Jane
M;Ayaz
M;Timothé
F;Imani
F;Coline
F;Léna
M;Nael
M;Mehdi
M;Timothée
F;Aïna
M;Malek
M;Souleymane
F;Isaure
F;Hidaya
F;Edmée
F;Joséphine
F;Joana
M;Yahya
M;Ziad
F;Evy
M;Gaétan
M;Melchior
M;Pierre
F;Amalia
M;Victor
F;Aya
F;Meryem
M;Robert
M;Tim
M;Yacouba
F;Ayla
M;Edgar
M;Isaac
F;Marie-Lou
M;Eloan
F;Lyana
F;Maïmouna
F;Ophélie
M;Pietro
M;Paul
F;Victoria
M;Alexis
F;Paola
M;Adel
F;Chaïma
F;Chayma
F;Francesca
M;Henry
M;Julian
M;Max
F;Michelle
F;Romane
F;Anita
M;Eliott
M;Josué
M;Karl
F;Leelou
F;Maïa
M;Félix
F;Kayla
F;Maëlys
F;Philomène
M;Anthony
M;El
M;Émile
F;Mélissande
F;Rym
F;Arij
M;Barthélémy
F;Shelly
M;Maurice
F;Aissatou
F;Adèle
M;Gustave
F;Nélia
F;Lital
F;Rania
F;Ilef
F;Zahra
F;Cloé
F;Daria
M;Frédéric
M;Ilias
F;Oriane
F;Prune
M;Tom
M;Alix
M;Sasha
F;Nelia
F;Melina
F;Mona
M;Noam
M;Aymen
F;Clélia
F;Zoé
F;Izïa
M;Eloi
M;Philippe
F;Julia
F;Gaïa
M;Zacharie
F;Kayla
M;Aubin
F;Clémence
F;Andrea
M;Milhan
M;Oren
F;Elyne
F;Anastasia
M;Camil
F;Fiona
F;Gabriella
F;Luce
F;Nora
F;Diane
M;Lukas
F;Castille
M;Moussa
F;Nadine
F;Serena
F;Fleur
F;Giulia
M;Ismaël
M;Jacob
M;Loïc
M;Tiago
F;Elsa
M;Zakariya
M;Zayn
F;Zineb
M;Bilal
F;Élisa
F;Enora
F;Lison
M;Uriel
F;Emilie
F;Louane
F;Mona
M;Sekou
M;Gabin
F;Esmée
M;Matthieu
M;Nour
M;Angel
F;Clarisse
M;Ibrahima
M;Laurent
M;Leo
M;Lirone
M;Naël
F;Sarah-Lou
F;Aïssata
F;Aïssatou
F;Chirine
M;Vladimir
M;Zachary
F;Lilya
M;Mathéo
F;Anaë
M;Côme
F;Lyne
F;Amira
F;Halima
M;Hippolyte
M;Yannis
F;Anne
M;Bradley
M;Johann
M;Mouhamed
F;Sharon
F;Alicia
F;Shana
F;Théa
F;Asma
M;Etienne
F;Maxine
M;Aloïs
M;Luca
F;Rose
M;Etienne
F;Clotilde
M;Gaspard
F;Ambre
M;Hamza
M;Mathys
F;Eline
F;Nélya
M;Adrien
M;Soren
M;Zakarya
M;Mael
F;Ayana
M;Jimmy
F;Erine
F;Stella
M;Eliot
F;Laetitia
F;Line
F;Milla
F;Vanessa
M;Christophe
M;Romain
M;Aristide
M;Mathéo
M;Matias
F;Tasnim
F;May
F;Raphaëlle
F;Aliénor
M;Auguste
F;Philippine
M;Ouriel
F;Samia
F;Axelle
F;Milena
M;Ugo
F;Aliyah
M;Kyliann
M;Zadig
F;Celine
F;Kassandra
F;Mahault
F;Thaïs
F;Anouk
F;Marthe
F;Siloé
F;Daphné
M;Elliott
F;June
F;Lia
M;Lyes
M;Sofiane
M;Yoan
M;Omar
F;Syrine
M;Abraham
F;Joy
M;Abdallah
M;Pablo
F;Tess
M;Lyham
M;Aidan
M;Fabio
M;Leo
F;Milena
F;Nélia
M;Abdallah
M;Ben
M;Jonah
M;Tony
M;Christopher
F;Ilona
M;Gauthier
F;Yousra
F;Elikya
F;Alia
M;Sam
F;Axelle
M;Rayan
F;Giulia
F;Camille
M;Leonardo
M;Moshé
M;Steeve
F;Éléa
F;Tatiana
M;Calixte
M;Théophile
M;Aidan
M;Aïssa
M;Emir
F;Loane
F;Shirel
F;Éloïse
F;Alicia
F;Hidaya
F;Sandra
M;Yaïr
F;Kadiatou
F;Adèle
F;Caroline
M;Clovis
M;Daouda
M;Kaïs
F;Shaïma
F;Yasmina
F;Lisa
F;Irina
F;Léana
M;Arié
F;Ranya
F;Lauren
F;Estelle
M;Wissem
F;Aude
M;Johan
F;Léonie
F;Swann
F;Laure
F;Talya
M;Marin
F;Romy
M;Étienne
M;Gaëtan
M;Alon
F;Coline
F;Diana
F;Gaïa
F;Livia
M;Merlin
F;Enora
M;Ilias
M;Ilyan
M;Ludovic
F;Maïwenn
F;Nour
M;Yanis
M;Adil
F;Halima
F;Keyla
F;Maria
F;Marie
F;Athéna
M;Félix
F;Clothilde
M;Yvan
F;Imen
M;Arié
M;Léonard
F;Mahaut
M;Abdallah
M;Imrân
F;Bertille
F;Arya
M;Elijah
M;Yassin
F;Aya
M;Léon
F;Mouna
F;Livia
F;Rachel
F;Anissa
M;Mattéo
M;Ephraïm
M;Axel
M;Hamidou
F;Isabella
M;Nino
F;Suzie
M;César
M;Matthias
F;Kadidia
M;Lino
F;Salimata
F;Tahel
M;Bruno
F;Célestine
F;Clothilde
F;Johanne
M;Maxim
M;Alassane
M;Angelo
M;Antonio
F;Eléa
F;Esther
F;Jihane
M;Menahem
F;Andréa
F;Melina
F;Aurore
M;Johann
F;Cécile
M;Emir
M;Jimmy
F;Sylvie
F;Tali
F;Noélie
M;Axel
F;Cindy
M;Lamine
F;Emi
F;Liel
F;Thelma
F;Valeria
M;Elyan
F;Assil
F;Naomie
M;Salim
M;Philippe
F;Talya
F;Rebecca
F;Amaia
F;Charlotte
M;Abdoulaye
M;Gaétan
M;Guilhem
M;Ewan
M;Sean
F;Lena
M;Ayden
M;Boubacar
M;Charly
M;Laurent
F;Malek
M;Imrane
F;Rania
M;Viktor
F;Zayneb
M;Mohammed
F;Nawel
F;Nélya
F;Célestine
F;Inaya
F;Naïs
M;Rayane
F;Kamila
F;Mazarine
F;Tasnime
F;Nabintou
F;Maeve
F;Anne-Sophie
F;Eléonore
F;Emmanuelle
F;Cléo
F;Mayssa
F;Marwa
M;Eden
F;Isis
M;Louka
F;Olivia
F;Éléa
M;Edmond
M;Eden
F;Pia
M;Milan
F;Aline
F;Tesnim
F;Violette
F;Aliya
M;Yaël
M;Johan
F;Marine
M;Allan
F;Barbara
M;César
F;Ella
M;Mamoudou
M;Alassane
F;Leïla
M;Marcus
M;Salomon
F;Cassandre
F;Leïa
F;Mélina
M;Pape
F;Soline
M;Aiden
F;Alicia
F;Ana
F;Anouk
M;Éden
M;Elie
M;Ismaïl
M;Souleyman
F;Elyana
F;Saskia
F;Éléna
F;Hélène
M;Armand
M;Mattia
F;Myla
F;Shahd
F;Simone
M;Bilal
F;Aliya
M;Leandro
M;Ahmad
F;Zara
M;Lazar
F;Nelly
M;Mohamed-Lamine
M;Solal
F;Lisa
F;Miya
F;Loïs
M;Alessio
M;Ambroise
F;Celia
F;Dora
M;Alone
F;Elodie
F;Hanaé
M;Ilian
M;Rayane
F;Marylou
M;Julian
M;Renaud
F;Angélique
M;Killian
M;Léonard
F;Neïla
F;Toscane
M;Yassin
F;Annaëlle
F;Sharon
M;Jan
M;Keziah
F;Manel
M;Ari
M;Joël
M;Raphaël
M;Abdelkader
F;Naïla
M;Nils
F;Clarisse
M;Cyprien
F;Tanya
F;Annabelle
F;Flore
M;Isaïah
M;Amadou
F;Bella
F;Rebecca
M;Grégoire
M;Joshua
M;Livio
F;Tasnime
F;Zélie
M;Dany
F;Maï
F;Matilda
M;Max
M;Soren
F;Alba
F;Clara
F;Jade
M;Luca
M;Nathanaël
M;Yusuf
F;April
F;Feryel
M;Imran
M;Alexis
F;Elyne
F;Meyssa
M;Aziz
M;Calixte
F;Ève
F;Eya
F;Meryem
F;Sybille
M;Aiden
M;Khalid
F;Antonia
M;Ales
M;Sami
F;Salma
F;Aure
F;Layana
M;Sanad
F;Neïla
M;Raoul
F;Aïssata
F;Yona
M;Augustin
F;Christina
M;Constantin
M;Nathaniel
F;Victoria
M;Maxime
M;Emmanuel
F;Sixtine
M;Aboubakar
M;Ilyès
F;Ida
M;Joshua
M;Lassana
F;Olivia
F;Safa
M;Anatole
M;Mahé
M;Mohamed-Amine
F;Anael
F;Elsa
F;Leïla
M;Lirone
M;Mathurin
F;Katia
M;Alfred
F;Anna
F;Chanel
F;Aminata
M;Hugues
F;Imen
M;Léon
F;Paola
F;Priscille
F;Ethel
F;Zahra
M;Daouda
F;Lucie
M;Émile
M;Enzo
M;Naïl
F;Aline
F;Fanny
F;Georgia
M;Abdel
M;Shay
M;Henry
F;Maïwenn
F;Thelma
M;Ambroise
F;Eloane
F;Gwendoline
F;Shelly
F;Zoé
F;Claire
M;Mamadou
F;Aïna
F;Justine
M;Idriss
F;Salomé
M;Adem
M;Mamoudou
F;Margaux
M;Sabri
F;Ingrid
M;Octave
F;Swann
F;Liyah
M;El
M;Anselme
F;Orlane
F;Carmen
M;Émile
M;James
M;Vianney
F;Cloé
M;Gabin
M;Gabin
M;Alex
F;Aline
M;Patrick
M;Aksil
F;Elisabeth
M;Emmanuel
F;Ondine
F;Priscille
F;Maëlyne
F;Tasnim
F;Assya
M;Aymeric
M;Edouard
F;Elissa
M;Yannick
M;Élias
M;Frédéric
F;Mélanie
F;Céleste
F;Maëlys
M;Rayane
F;Caroline
F;Bella
F;Eve
M;Ilhan
F;Lilia
M;Maximilien
M;Ayden
M;Samy
F;Clémentine
M;Alessandro
F;Halima
F;Imen
F;Kadiatou
F;Nayla
F;Coline
M;Ethan
F;Thelma
F;Talya
M;Élie
M;Eliott
M;Kyan
F;Maëline
M;Aksil
M;Karamba
F;Nadia
M;Dimitri
F;Ioana
M;Naïl
F;Alicia
F;Éloïse
F;Fleur
F;Naïla
M;Nikita
M;Tim
M;Anton
F;Mariama
M;Khalil
F;Colombe
F;Solveig
F;Adeline
M;Aurélien
M;Yacine
F;Hanaé
F;Thalia
M;George
M;Alessio
F;Ysée
M;Melvin
F;Pia
M;Raphaël
M;William
F;Yasmine
M;Aksel
F;Amelia
F;Inès
M;Jawad
M;Marin
F;Shayma
F;Aliénor
F;Anouk
F;Castille
F;Clarisse
F;Ortal
M;Florent
M;Nizar
F;Célia
M;Malo
M;Christian
M;Lubin
F;Hanaé
F;Louane
M;Marc
F;Grace
F;Aliyah
M;Stanislas
F;Annaëlle
F;Elinor
F;Amanda
M;Léonard
M;Jaden
M;Jules
F;Matilda
F;Orlane
F;Tessa
F;Faustine
M;Mamadou
F;Mathilde
F;Milla
F;Olivia
M;Victor
F;Jade
M;Nolhan
M;Steven
F;Elia
F;Assiya
M;Mattéo
M;Yann
M;Aron
M;Miguel
M;Zachary
F;Naïa
F;Victoria
M;Waël
M;Issa
M;Léopold
M;Paul-Emile
F;Yaël
F;Eugénie
M;Mamoudou
M;Alban
M;Lévi
M;Mario
F;Viviane
M;Oumar
F;Angelina
F;Annabelle
F;Elisabeth
M;Nathan
F;Albane
M;Sidy
M;Melvil
F;Bahia
F;Fatoumata
F;Yasmina
M;Amaury
M;Jonas
F;Maëly
M;Riyad
M;Sacha
F;Yuna
M;Anatole
F;Rosa
F;Aya
F;Garance
F;Inés
F;Joana
M;Joris
M;Louka
M;Briac
M;César
F;Laëtitia
F;Ema
F;Marie-Lou
M;Pol
M;Robinson
M;Félix
M;Ahmed
M;Artus
F;Khadija
F;Nicole
F;Angelina
M;Auguste
M;Harold
M;Virgile
M;Boris
M;Gustave
F;Lya
M;Levi
F;Akshaya
M;Edgar
M;Aloïs
M;Philippe
F;Naïla
M;Artus
F;Bérénice
M;Corentin
F;Louison
F;Lucie
M;Eric
M;Théophile
M;Amadou
F;Charlie
M;Dario
F;Leyna
M;Qassim
M;Axel
F;Céleste
M;Hector
F;Augustine
F;Hélène
F;Julia
F;Maïlys
M;Jonas
M;Kévin
M;Khalil
M;Isaac
F;Lina
M;Alix
M;Ismaïl
M;Aristide
F;Avril
M;Massyl
F;Agathe
F;Emmy
M;Frédéric
F;Rana
M;Yoann
M;Sékou
M;Ibrahim
M;Julien
M;Kévin
F;Linoy
M;Paul
F;Syrine
F;Violette
M;Jassem
M;Kays
F;Lilia
M;Maël
M;Melchior
F;Paloma
M;Swan
F;Saja
M;Adel
F;Daphné
F;Fatoumata
M;Haron
F;Jennah
M;Lucien
F;Nayla
M;Oren
M;Théo
M;Alan
M;Loïc
M;Dario
M;Leyth
M;Lucas
M;Liam
M;Adrian
F;Marilou
F;Eileen
M;Liam
M;Milo
F;Auriane
F;Elsa
F;Sarra
M;Charlie
M;Valentin
F;Agathe
F;Salomé
M;Vincent
M;Benoît
M;Erwan
M;Jayson
F;Kadidia
F;Pénélope
M;Amine
F;Eulalie
M;Melvin
F;Prudence
M;Virgile
M;Mohamed-Amine
F;Sarah
F;Elyssa
F;Sarah
M;Oumar
M;Lucas
F;Elina
F;Farah
M;Ayman
F;Carlotta
F;Cassandra
M;Etienne
F;Kyara
F;Lucy
M;Nicolas
F;Thalia
F;Camélia
M;Quentin
F;Yousra
M;Ange
M;Bradley
F;Clothilde
F;Marjane
F;Tasnim
M;Demba
M;Johan
F;Melina
F;Noélie
M;Yassin
M;Andy
F;Eya
F;Haby
M;Jayden
F;Noélie
F;Sephora
F;Sidonie
F;Sira
M;Augustin
M;Loris
M;Oren
F;Solène
M;Eloi
F;Hanaé
M;Alexandre
F;Alix
M;Clément
M;Pablo
M;Idriss
F;Yaël
F;Serena
M;Jed
M;Aboubacar
M;Adel
M;Melchior
M;Neil
F;Gabrielle
F;Paloma
F;Maëlys
F;Rebecca
M;Mouhamad
M;Arnaud
M;Etienne
F;Emy
F;Jill
F;Hermine
F;Mya
F;Naïa
M;Giovanni
F;Meïssa
F;Anouk
M;Élio
F;Diana
F;Astrée
F;Wendy
M;Menahem
M;Alassane
F;Lea
M;Paul
F;Mayline
M;Aymar
F;Camélia
F;Sonia
F;Khadidja
M;Marcel
F;Mariama
M;Niels
F;Nina
F;Tiffany
M;Yoan
M;Younes
F;Aaliyah
M;Charles
F;Léana
F;Camille
M;Elliot
F;Victoria
F;Eulalie
F;Mathilda
F;Maria
M;Yohan
F;Sacha
M;Hugo
F;Ambre
M;El
F;Méline
F;Mayane
M;Emilio
M;Lino
M;Nassim
M;Samba
M;Cyprien
M;Jimmy
M;Malo
F;Malika
M;Clément
M;Lassana
F;Sibylle
F;Clémence
F;Flavie
F;Nelya
F;Lilya
F;Gabriella
F;Ivy
M;Qassim
F;Djeneba
M;Eloi
F;Alessia
F;Domitille
M;Eugène
M;Skander
F;Valentine
F;Bénédicte
M;Charles
M;Jimmy
F;Maryam
F;Tosca
M;Mohammed
M;Aubin
F;Amicie
M;Alban
M;Ousmane
M;Kevin
M;Mahdi
F;Malika
F;Nell
F;Pia
M;Yasser
M;Hector
F;Liora
F;Yuna
F;Isabella
F;Emilie
M;Jacques
F;Maud
M;Zakariya
F;Antonia
M;Ferdinand
M;Camille
F;Alaïa
F;Hawa
F;Augustine
F;Inés
M;Roman
F;Thelma
M;Augustin
F;Nawel
M;Abdel
F;Lou
F;Louna
M;Xavier
F;Eden
F;Irène
M;Marceau
F;Sophia
M;Théo
F;Giulia
M;Marc
F;Blanche
F;Florence
F;Eve
M;Swan
F;Tess
M;Nolan
F;Daria
F;Kimia
F;Maud
M;Cosme
F;Fatima
F;Salma
F;Malak
M;Justin
M;Paul-Emile
F;Aïda
F;Dyna
M;Esteban
M;Issam
M;Kelyan
M;Tao
M;Anthony
F;Asma
M;Aymen
M;Ilyan
M;Nathaniel
F;Philippine
M;Benoît
F;Ethel
M;François
M;Jason
F;Éva
F;Anouk
M;Leyth
M;Noa
F;Éva
M;Idris
F;Lea
F;Milla
M;Ryad
M;Timéo
M;Mickaël
F;Georgia
F;Eline
F;Alessia
M;Angel
M;Abdoul-Aziz
M;Ilyas
M;Matéo
M;Emir
F;Joanne
M;Augustin
F;Liya
F;Philippine
M;Adriano
M;Cheikh
F;Marion
M;Shaï
F;Abigail
F;Amanda
M;Anis
M;Igor
F;Léanne
F;Mara
F;Shyrel
F;Dana
M;Kenny
F;Léonore
M;Thierry
M;Alix
F;Charlize
F;Inés
F;Maïlys
F;Manon
M;Stéphane
F;Anastasia
F;Chloé
M;César
F;Ela
M;Ben
F;Eliana
M;Dany
F;Amaya
M;Joud
F;Kiara
F;Melissa
F;Tasnim
F;Angela
M;Naor
M;Édouard
M;Qassim
F;Ariana
M;Mattia
M;Hamed
F;Mira
F;Sira
F;Elyssa
F;Clémence
F;Rachel
M;Mouhamad
M;Arnaud
M;Moustapha
M;Jonas
M;Marceau
M;Mohamed-Amine
M;Gabriel
F;Lilia
M;Pablo
M;Yassin
M;Nino
F;Aliyah
F;Hana
M;Milan
F;Nouha
M;Steven
M;Aly
F;Ania
M;Damien
M;Malick
F;Mathilda
F;Nathalie
F;Ysé
F;Aminata
F;Anne
M;Billal
M;Mathis
M;Menahem
F;Shayma
M;Adame
F;Agathe
M;Erwann
F;Félicie
F;Juliette
F;Naïla
M;Quentin
F;Amandine
F;Amélie
M;Aymen
F;Céleste
F;Charline
F;Dahlia
F;Kim
F;Maëline
M;Mehdi
F;Kenza
F;Louisa
M;Noa
M;Andréa
M;Aliocha
F;Ariana
M;Marlo
M;Martin
F;Sira
M;Yacoub
F;Coumba
F;Naïla
F;Amélie
M;Hadrien
F;Marthe
F;Tesnime
F;Asmaa
M;Mael
M;Mathéo
M;Rayan
F;Alina
F;Fatima
F;Fatou
M;Archibald
M;Eneko
M;Gautier
F;Léopoldine
F;Margaux
M;Marin
M;Lazare
M;Mouhamed
M;Ayden
M;Daniel
M;Antoine
M;Bryan
F;Astrid
F;Bertille
M;Jayden
M;Killian
F;Selma
F;Anaïs
F;Maxine
M;Jason
M;Hayden
F;Calie
F;Alyssia
M;Lucien
F;Mariana
F;Romane
M;Yasser
F;Fatim
F;Colombe
F;Tia
F;Sonia
M;Ron
M;Naïm
M;Habib
M;Ziyad
F;Philomène
F;Salma
F;Léna
F;Angela
M;Ilyess
F;Imane
F;Viviane
F;Flora
F;Johanna
M;Jordan
F;Lynn
M;Yoann
F;Angie
F;Malak
M;Marwen
M;Nicolas
F;Talia
M;Johan
M;Massyl
F;Lauren
M;Lenny
F;Kahina
M;Carl
F;Ambre
F;Fleur
M;Wael
M;Adama
F;Louise
M;Mady
F;Sienna
F;Mahaut
M;Mamadou
F;Kawtar
M;Alain
F;Irina
M;Luke
F;Méline
M;Arman
M;Samba
F;Rayhana
M;Alphonse
F;Mina
M;Barthélemy
F;Safa
F;Alyah
M;Jelani
F;Josephine
F;Tessa
M;Cristiano
M;Denis
M;Macéo
M;Merlin
F;Emma
M;Sami
F;Cléophée
M;Khalifa
M;Antonin
M;Yusuf
F;Selena
M;Issa
F;Irène
F;Cléa
M;Bastien
F;Maïna
F;Salima
M;Amaël
M;Anis
M;Dimitri
M;Fady
M;Liam
M;Ayaan
F;Héléna
F;Ines
F;Nada
M;Raphael
F;Séréna
F;Divine
F;Judith
M;Sami
M;Julien
F;Marion
M;Alexis
F;Elyssa
M;Haroun
F;Ilef
F;Jana
M;Louis
M;Naël
F;Bonnie
M;Luc
F;Mira
M;Nahil
M;Rafael
M;Ulysse
F;Mahault
F;Yuna
M;Elias
F;Enola
F;Livia
M;Paul
M;Côme
F;Erin
F;Léonore
F;Maïssane
M;Nathan
M;Oumar
M;Ruben
M;Yohann
F;Elina
F;Yuna
F;Assya
F;Clémentine
F;Emilie
F;Feryel
M;Louca
M;Marcel
M;Thibault
F;Evelyne
F;Albane
F;Angèle
M;Ari
M;Christian
M;Christophe
F;Rania
M;Kaïs
F;Lilou
M;Mohamed-Ali
M;Nolan
F;Ombeline
M;Pascal
F;Alice
M;Charles
F;Ambre
F;Khadija
F;Mélina
M;Aharon
M;Ilyan
M;Lévi
F;Roxane
M;Stanley
F;Diana
M;Evann
F;Lysa
M;Pierre-Louis
F;Lou
F;Ilona
F;Amy
F;Chayma
M;Dylan
F;Livia
M;Alan
F;Luna
F;Anaé
M;Terence
M;Aymen
M;Aydan
F;Gabrielle
F;Charlie
M;Ruben
M;Harry
F;Joy
M;Imran
F;Lea
F;Ilyana
F;Maylis
F;Khadidja
F;Raphaëlle
M;Aimé
M;Robin
F;Hajar
M;Salem
F;Inaya
F;Aimée
F;Marion
M;Jessim
F;Diana
M;Sofiane
F;Sirine
F;Zoë
F;Amandine
F;Amalia
M;Chahine
F;Athénaïs
F;Ilona
M;Anatole
F;Lila
F;Estelle
F;Celia
F;Léna
F;Luisa
M;Gabin
M;Hedi
M;Luka
F;Mélina
M;Selim
M;Tom
F;Margaux
F;Eléonore
M;Loup
F;Simone
M;Daouda
M;Clarence
F;Eléna
M;Steven
F;Tatiana
F;Aline
M;Brayan
F;Marwa
M;Saliou
M;Laurent
M;Yossef
M;Marceau
F;Alya
M;Zéphyr
F;Liya
M;Iyed
M;Marcel
F;Paloma
F;Emna
M;Souleyman
F;Serena
M;Ari
M;Ian
M;Mickaël
M;Marin
M;Rayane
F;Margaux
M;Artus
F;Linoï
F;Liv
F;Noa
F;Shanon
F;Adélaïde
F;Eya
M;Harry
M;Neil
M;Omar
F;Swann
F;Alice
F;Eléna
M;Max
M;Swan
F;Tania
M;Yvan
F;Zineb
M;Ali
M;Johan
F;Alycia
F;Garance
F;Assia
M;Maxim
F;Axelle
M;Gaspard
F;Célia
M;Lilian
F;Linoï
F;Marguerite
F;Cassandre
F;Julie
F;Angélique
M;Etienne
F;Margot
F;Michelle
M;Takumi
M;Arnaud
F;Cerise
F;Ema
F;Ines
M;Lamine
M;Leonardo
M;Maxence
M;Mike
F;Roxane
M;Younes
F;Adèle
M;Henry
F;Lyna
F;Mathilde
M;Souleymane
F;Cléophée
F;Lison
M;Yannick
F;Lili
M;Nour
F;Hannah
F;Amina
F;Arya
M;Eliot
F;May
M;Haron
M;Alessio
M;Anthony
F;Mélina
F;Nesrine
F;Ambre
F;Camelia
F;Fatou
F;Léna
F;Maïa
F;Nadia
M;Quentin
F;Baya
F;Kenza
F;Thalia
M;Wassil
F;Awa
M;Leo
M;Orso
M;Axel
M;Clarence
M;Bryan
M;Jayson
M;Mani
M;Samba
M;Tidjane
F;Ania
M;Arslan
M;Élio
F;Yara
F;Giulia
M;Maximilien
F;Ruth
M;Sébastien
F;Sérine
F;Hanna
F;Sonia
F;Jade
F;Ysée
M;Gabriel
M;Hicham
M;Ilyès
F;Ella
F;Romane
M;Aymen
M;Adel
F;Eugénie
M;Zéphyr
F;Aria
F;Ilyana
M;Mattéo
M;Grégoire
M;Ishak
F;Imani
M;Merlin
F;Ysé
F;Alissa
M;Lazare
F;Maxine
F;Aliyah
F;Clotilde
F;Pia
F;Ashley
F;Olympe
F;Quitterie
M;Théophile
M;Cyril
F;Ilana
M;Joseph
F;Luisa
F;Elyne
M;Fodé
M;Gaspard
F;Iliana
M;Louison
F;Sibylle
F;Angie
F;Meryem
M;Alexander
M;Ismaël
M;Kamel
M;Karamoko
M;Matthieu
F;Aurélie
F;Carmen
M;Enzo
F;Helena
F;Karolina
F;Laetitia
F;Elena
M;Hakim
F;Kahina
F;Leonor
F;Safa
M;Stanislas
M;Alexander
M;Balthazar
F;Chloé
F;Joana
M;Killian
F;Linda
F;Lyla
F;Nawel
F;Gloria
F;Rosa
F;Alba
F;Kayla
M;Nathanaël
M;Aylan
F;Célestine
F;Malak
M;Abdullah
F;Jessica
F;Margaux
F;Mellina
F;Valentina
F;Madeleine
M;Mateo
F;Axelle
F;Elizabeth
F;Yousra
M;Joshua
F;Alexandra
M;Alfred
F;Cindy
M;Damien
M;Geoffrey
M;Jacques
M;Karamba
F;Prune
F;Ariane
F;Carmen
F;Kenza
M;Mahé
M;Wissem
F;Youna
F;Aïssata
M;Auguste
M;Matteo
F;Olivia
F;Ania
F;Camélia
F;Fatim
M;Aïssa
M;Alexander
F;Émilie
M;Amaël
M;Timothé
M;Eli
F;Noélie
M;Romain
M;Léonard
F;Naomi
F;Anissa
F;Charlie
F;Lucie
F;Nine
M;Aboubacar
F;Léopoldine
M;Sören
F;Ava
M;Zakaria
F;Sidra
M;Élio
F;Mariame
F;Maélys
M;Milo
F;Rahma
M;Avi
F;Dahlia
M;Ilyès
M;Marc-Antoine
F;Rosalie
F;Dalia
M;Kenzo
M;Nael
M;Raoul
F;Sidonie
F;Neïla
F;Pénélope
M;Térence
M;Abel
F;Eve
M;Soren
F;Jodie
F;Razane
F;Marnie
M;Abdou
F;Domitille
M;Anass
M;Hugo
F;Liya
M;Matthias
F;Carla
M;Haron
F;Maria
F;Eden
F;Elisabeth
M;Lino
F;Maïa
M;Noah
M;Louis
F;Meriem
M;Rahim
M;Eli
M;Eyden
M;Marin
M;Mohammed
F;Tiphaine
M;Wassim
F;Zara
M;Bakary
F;Gaïa
M;Malone
M;Malick
F;Marine
F;Mara
F;Maëlys
F;Sélène
F;Manelle
M;Axel
F;Naomie
M;Ilyan
M;Othmane
F;Alba
M;Eloi
M;Ilian
M;Harold
F;Gabriela
F;Jenna
M;Louay
M;Xavier
F;Athénaïs
M;Alon
F;Justine
M;Edouard
F;Maeva
M;Edward
F;Maia
M;Noam
M;Steven
M;Bakary
M;Moussa
M;Adel
M;Ayman
F;Cassandre
F;Garance
M;Isidore
M;Jordan
F;Miya
F;Sara
M;Abdullah
M;Aiden
F;Alycia
M;Amaury
M;Aydan
F;Emmanuella
F;Jeanne
F;Sherine
M;Ali
F;Léonore
M;Ari
M;Edgar
F;Elodie
F;Léonore
F;Maïa
M;Naïm
M;Adrian
F;Clémentine
M;Laszlo
F;Perle
F;Stella
M;Calixte
M;Fodé
M;Lucien
F;Éléonore
F;Élisabeth
M;Timothée
F;Capucine
F;Kamila
M;Elyas
F;Hiba
M;Riyad
F;Djelika
F;Léah
M;Adonis
F;Aylin
F;Ilina
M;Samuel
M;Michel
M;Bastien
M;Gautier
F;Inès
M;Aloïs
M;Aviel
M;Léandre
M;Robin
M;Ezio
F;Léona
F;Marianne
F;Morgane
M;Thierno
F;Maeva
M;Matthieu
F;Mayssane
M;Yassine
M;Elie
M;Kassim
M;Leonardo
F;Fatoumata
F;Mélia
M;Tom
M;Walid
M;Yanis
F;Emmanuelle
F;Lahna
F;Livia
F;Nélya
F;Noémie
F;Sibylle
M;Gwendal
F;Fatimata
F;Klara
F;Melina
M;Wissem
F;Ines
M;Salim
M;Clovis
M;Willy
F;Lylia
M;Ben
F;Melina
M;El
F;Élise
M;Jordan
M;Marceau
F;Emmanuelle
M;Ilan
F;Lia
M;Siméon
M;Louay
M;Maé
M;Damian
F;Assiyah
F;Oriane
F;Ambre
F;Isaure
M;Ernest
M;Roman
F;Lennie
M;Eliot
M;Sean
M;Diego
F;Elia
F;Jennah
F;Athénaïs
F;Hidaya
F;Lina
F;Sibylle
M;Nassim
M;Nathan
F;Goundo
F;Ambrine
M;Gianni
F;Luna
M;Hadrien
F;Carmen
M;Alfred
M;Paolo
M;Hillel
F;Emy
M;Léonard
F;Marwa
F;Sandrine
F;Adèle
M;Georges
M;Jayson
F;Klara
M;Léon
F;Liora
M;Allan
F;June
F;Ludmila
F;Sadio
M;Hayden
F;Paula
M;Amir
M;Elio
F;Joanna
M;Malik
F;Norah
M;Robin
F;Victoria
F;Albane
F;Nesrine
M;Basile
M;Eloi
F;Avigaïl
F;Elisa
F;Andrea
M;Alassane
F;Simone
M;Xavier
F;Adriana
M;Benjamin
M;Jérémie
F;Loane
F;Aria
M;Sandro
F;Elizabeth
M;Maximilien
M;Aaron
F;Audrey
M;Noam
M;Yani
M;Constantin
M;Edmond
M;Ilan
F;Goundo
F;Aglaé
M;Anselme
F;Vanessa
M;Léandre
F;Carolina
M;Paul
M;Aurélien
M;Joe
F;Yousra
M;Qassim
M;Michel
F;Anissa
M;Valentino
F;Thalia
F;Nalya
F;Eléa
F;Yara
F;Aisha
M;Iyad
F;Fatma
M;Axel
F;Esther
F;Manelle
M;Ali
F;Jana
F;Kadiatou
F;Esther
M;Maceo
M;Vincent
M;Seydou
F;Tali
F;Alizée
F;Arielle
F;Ella
F;Mariam
F;Mariama
F;Mathilde
M;Nino
F;Violette
F;Zoë
F;Zohra
F;Alicia
M;François
F;Isra
M;Melvil
F;Prisca
M;Aïssa
M;Constantin
F;Kate
F;Rébecca
M;Kilian
M;Noé
M;Pacôme
F;Aicha
F;Khady
F;Mona
F;Romy
F;Dina
M;Jed
F;Léana
F;Nahla
M;Valentin
F;Yaël
M;Alessandro
F;Hermine
M;Ruben
M;Soan
F;Typhaine
M;Anis
M;Brahim
F;Castille
M;Roman
M;Édouard
F;Louna
F;Assa
F;Catalina
M;Camille
M;Célian
F;Hawa
F;Amelia
M;Etienne
M;Luis
F;Eline
M;Romain
M;Abdoul
F;Aisha
F;Élise
F;Lyna
F;Lise
M;Max
M;Romeo
F;Anissa
M;Frédéric
M;Gabin
M;Gabriel
M;Titouan
M;Axel
F;Isabelle
M;Simon
M;Eric
M;Esteban
M;Isaac
M;Aymane
M;Lior
F;Matilda
F;Rana
F;Annabelle
M;Matias
F;Maud
M;Dorian
F;Émilie
M;Ezra
F;Maia
M;Adama
F;Angelina
F;Cloé
F;Emma
F;Ania
M;Ishay
M;Ange
F;Djeneba
M;Thibaut
M;Henri
M;Léonard
M;Younes
F;Linda
M;Malick
M;Alistair
F;Cloé
M;Ismaël
M;Jed
F;Maëlis
F;Mélissa
M;Jonathan
F;Léa
M;Oren
M;Emmanuel
M;Nils
F;Liv
F;Madeleine
M;Ismaïl
M;Maximilien
M;Adriel
M;Dimitri
F;Cassandre
M;Ilias
M;Gauthier
M;Jérémie
M;Lucas
M;Luis
M;Matthieu
F;Djeneba
M;Marwan
M;Menahem
F;Paula
M;Elyas
F;Léonie
F;Mahault
M;Mayeul
M;Michael
M;Theodore
F;Angela
M;Balthazar
M;Hugo
F;Nesrine
F;Olympe
F;Sara
M;Arsène
M;Antoine
F;Maïly
F;Sibylle
F;Alexia
F;Éloïse
F;Hajar
F;Lahna
F;Lilas
M;Lounis
M;Nassim
F;Ayline
M;Boubacar
M;Mattéo
F;Mia
M;Adam
F;Agnès
F;Liora
F;Ophélie
M;Pharell
M;Tiago
F;Alaïa
M;Camille
F;Haby
M;Clément
F;Malak
M;Alfred
F;Sana
M;Yoann
F;Aurélie
F;Bintou
M;Fares
M;Noam
F;Maëva
M;Melchior
M;Nizar
F;Solveig
M;Amine
F;Sylvie
M;Wandrille
M;Mattia
F;Kadiatou
F;Océane
F;Mayssa
M;Warren
F;Eliana
F;Lya
F;Johanna
M;Aksel
F;Éléa
M;Saul
F;Rokia
M;Santiago
F;Siena
M;Saliou
M;Sasha
F;Rym
M;Yusuf
M;Mayron
M;Riyad
M;Dany
M;Téo
M;Dimitri
F;Grace
F;Lydia
F;Maéva
F;Pénélope
M;Younes
F;Ninon
F;Naya
M;Paul
M;Aloïs
F;Maé
F;Prune
F;Alexia
F;Soumaya
M;Olivier
M;Liam
M;Arsène
F;Andréa
M;Aurélien
F;Helena
M;Ezekiel
F;Abigaël
F;Mya
F;Syana
M;Abdourahmane
M;Elio
M;Idriss
F;Lévana
M;Zakaria
F;Annabelle
M;Idrissa
M;Sacha
F;Izia
M;Marc-Antoine
M;Badis
F;Israa
M;Leonardo
M;Soan
F;Clémence
M;Étienne
F;Léa
F;Perla
M;Aden
M;Eyal
F;Lara
M;Cyrus
M;Kader
M;Titouan
F;Dalia
F;Lylia
M;Matisse
F;Maryam
M;Zéphyr
M;Robin
F;Halima
F;Dora
M;Réphaël
M;Ibrahim
M;Luca
M;Michel
M;Aaron
F;Blanche
F;Keren
M;Ary
M;Bilel
F;Calista
F;Clémentine
M;Thomas
M;Ismaël
M;Kilian
M;Manuel
M;Mathis
M;Tancrède
M;Marcel
F;Rebecca
M;Georges
M;Adame
M;Sören
F;Gaëlle
F;Lily
F;Mona
M;Joshua
M;Olivier
F;Louane
F;Lucia
M;Mateo
F;Faith
F;Anna
F;Camille
F;Rania
F;Hanaé
F;Prune
F;Eva-Rose
M;Mayeul
F;Safia
F;Clarisse
F;Elif
F;Grace
F;Paloma
F;Sixtine
F;Elodie
M;Stéphane
M;Abdelkader
F;Jeanne
F;Sakina
M;Kenan
F;Hajar
M;Elhadj
F;Louise
M;Basile
M;Arthus
M;Isaac
F;Colette
F;Ina
F;Saran
M;Augustin
M;Demba
M;Matéo
F;Ayleen
F;Niouma
F;Siana
M;Ben
M;James
M;Paolo
M;Soren
F;Bonnie
M;Bosco
M;Joël
M;Damien
F;Lina
M;Nohan
M;Adil
F;Aïna
F;Aliya
F;Amélie
F;Hortense
F;Isaure
M;Timothée
F;Apolline
M;Mathis
F;Sophie
M;Titouan
M;Simon
M;Robinson
F;Aimée
F;Elyna
F;Lorie
M;Nino
F;Sokona
M;Jacques
M;Jean-Baptiste
M;Rayane
M;Aristide
F;Arwen
M;Aurèle
F;Emeline
M;Malik
M;Yacine
F;Nava
F;Fatou
F;Hana
M;Noha
M;Loris
F;Louna
M;Marwan
F;Valentina
M;Wael
M;Alan
F;Ilina
M;Owen
M;Lyam
M;Romain
F;Sienna
F;Adèle
M;Demba
F;Khadidiatou
F;Mahault
F;Luna
M;Kassim
F;Athénaïs
M;Killian
M;Louka
F;Assa
M;Ewen
F;Prune
M;Seydina
M;Matteo
F;Louane
F;Anna
F;Lison
M;Andrew
F;Maëlys
M;Sekou
M;Bilel
M;Constant
F;Judith
F;Zahra
M;Andy
M;Théo
M;Aylan
F;Liv
M;Armand
M;Aimé
M;Lazare
M;Elyam
M;Hector
M;Loan
F;Lya
M;Abel
F;Mayar
F;Gabrielle
M;Adel
M;Amaury
M;Constant
M;Maurice
F;Hanna
M;Swann
M;Timothée
F;June
M;Éric
F;Cerise
M;Ilyan
F;Maïa
F;Camelia
M;Gaspard
F;Mahault
F;Zoé
F;Cloé
M;Evann
F;Bettina
M;Boubacar
F;Valentine
F;Lison
F;Alizée
F;Lucie
F;Zita
M;Bastien
M;Damian
M;Adam
F;Tessa
M;Aïden
F;Eleonora
F;Alba
F;Noémie
M;Hayden
F;Naëlle
M;Lyron
M;Charles
F;Julie
F;Elina
M;Alan
F;Mayar
M;Mohamed-Lamine
F;Selena
M;Paulin
F;Aliénor
F;Manel
F;Aurore
F;Line
F;Séléna
M;Mahé
F;Miral
M;Marwan
M;Maé
M;Tristan
M;Rafaël
F;Malia
M;Alassane
M;Nolann
F;Abigaël
F;Nawa
F;Athéna
F;Hanaé
F;Alexandra
M;Eyal
M;Eytan
F;Giulia
M;Hédi
F;Liv
F;Amélie
F;Odélia
M;Calixte
F;Meriem
F;Rahma
M;Charly
F;Eleanor
M;Jassim
F;Jill
M;Luke
M;Noa
F;Ranya
F;Hermance
F;Martha
M;Melvil
F;Natalia
F;Tania
M;Ugo
F;Aïcha
M;Ariel
F;Dania
M;Ernest
F;Perla
F;Sohane
M;Gabin
F;Jessica
F;Mame
F;Rokia
F;Viktoria
M;Djibril
F;Hanna
F;Kiara
F;Maya
F;Soujoud
M;Eliott
M;Silas
F;Ada
F;Dalia
M;Mahamadou
M;Maximilien
M;Adame
F;Méline
F;Claudia
F;Marilou
F;Abigaëlle
F;Asma
M;César
M;Florian
M;Hedi
M;Oscar
M;Abdallah
F;Avital
M;Bakary
M;Kilian
F;Mathilde
M;Mathys
M;Abd
M;Ahmed
M;Constantin
M;Ilyess
M;Mohamed
F;Thalia
M;Andreas
F;Victoria
M;Idrissa
F;Hidaya
M;Amaury
F;Sibylle
F;Dahlia
M;Dany
F;Jade
M;David
M;Lorenzo
M;Nils
F;Amelia
F;Avril
M;Jacques
F;Isis
M;Khéphren
F;Isabel
M;Hector
F;Maria
M;Muhammad
M;Lévi
F;Eve
F;Mélissa
F;Zeinab
M;Ayman
F;Eliana
F;Chaïma
M;Sekou
M;Anis
F;Ella
M;Marwan
F;Mina
M;Jacques
M;Nabil
M;Maé
M;Elyes
M;Clément
F;Ariane
F;Raphaëlle
M;Milann
F;Assiya
F;Chloe
M;Camille
F;Castille
F;Lucile
M;Ghali
F;Arielle
F;Martha
M;Malo
F;Aïssa
F;Inaya
F;Constance
F;Pauline
F;Lucile
F;Sophie
M;Lewis
M;Ziyad
M;César
M;Honoré
M;Reda
F;Anaïs
M;Mendel
M;Dan
M;Liroy
M;Ayden
M;Elias
F;Élisabeth
F;Tesnim
M;Tiago
M;Oren
M;Sofiane
F;Délia
F;Médina
F;Faustine
M;Ilyes
M;Ryad
F;Félicie
F;Mahault
F;Soraya
M;Christ
M;Jonas
F;Manel
M;Philippe
F;Clarisse
M;Éloi
M;Ewen
M;Gary
F;Laura
M;Aboubacar
F;Hania
M;Johan
M;Adil
M;Edmond
M;Eliot
M;Elliott
F;Émilie
F;Myriam
M;Anton
M;Aylan
F;Céline
F;Elia
F;Malak
M;Olivier
F;Louise
F;Zoé
M;Lazare
F;Amandine
M;Corentin
M;Ismail
F;Yaël
F;Dounia
F;Manel
F;Quitterie
M;Tidiane
F;Jade
M;Andrea
F;Eden
M;Kenzo
F;Yasmina
M;Jean-Baptiste
F;Lynn
F;Maëlie
M;Corentin
F;Éva
M;Ilyes
F;Jessie
F;Liliane
F;Ava
M;Aviel
F;Colombe
M;Elyes
F;Katarina
F;Lilie
M;Matis
M;Simon
M;Téo
M;Ferdinand
F;Garance
M;Jules
F;Satine
F;Victorine
M;Aly
F;Baya
M;Demba
F;Louna
M;Max
M;Tiago
M;Henry
M;Jérôme
F;Katia
M;Liam
F;Lili
F;Lydia
F;Emilie
F;Ana
F;Cassie
M;Dayane
M;Emilien
M;Ilyan
F;Mariama
F;Sarah
M;Shaï
F;Aimée
M;Benoit
F;Binta
F;Kadidia
F;Anaïs
F;Emmy
F;Frida
F;Emmanuelle
F;Hélèna
F;Vanessa
M;Younes
F;Clémentine
M;Ishaq
F;Lucie
M;Mattéo
F;Mayar
M;Tim
M;Luca
M;Hamady
F;Lyne
M;Max
F;Marion
M;Thiago
M;Octave
F;Jenna
M;Badis
F;Lilas
M;Mika
F;Arielle
M;George
M;Amadou
F;Inés
F;Mathilda
M;Matisse
M;Sami
F;Adèle
F;Dina
M;Inza
M;Abel
M;Orso
F;Zayneb
M;Anaël
M;Naël
M;Ariel
M;Avraham
M;Younes
F;Maïssa
F;Aïssata
M;Mouhamadou
M;Bruno
F;Juliana
F;Félicie
M;Joël
F;Marilou
M;Matéo
M;Yann
F;Kadiatou
M;Aly
M;Eugène
M;André
F;Emna
F;Liv
M;Mendel
F;Aurélie
M;Arthus
F;Enora
M;Hector
F;Margaux
F;Océane
F;Eliane
M;Saad
F;Salomé
M;Sohan
F;Alyah
F;Ange
M;Kevin
F;Loïs
M;Ryan
F;Eloïse
F;Eva
F;Lea
M;Maël
F;Maryam
F;Valentina
M;Aris
F;Arwa
F;Fanta
M;Riyad
M;Ylan
F;Ève
F;Laetitia
F;Lise
M;Loïs
M;Rémi
F;Romy
F;Abby
M;Aly
F;Adèle
M;Kevin
M;Lev
F;Ruth
M;Alexandre
M;Noa
M;Anis
F;Elly
M;Gauthier
M;Marceau
M;Yasser
M;Adnane
F;Aïssata
F;Lilly
F;Sixtine
F;Evy
F;Eden
M;Isaïah
M;Mouhamed
F;Ornella
M;Timothée
F;Shirel
M;Axel
F;Jessica
F;Mariame
M;Matteo
F;Ornella
M;Téo
F;Eileen
F;Elisa
M;Malick
M;Rafaël
F;Rokia
M;Skander
F;Syrine
F;Axelle
F;Hélène
F;Mira
F;Éléa
F;Nayla
F;Nava
M;Marcel
F;Marion
F;Sara
M;Alexander
F;Alina
M;Lenny
F;Lilya
M;Andreas
M;Luc
M;Marcel
F;Rahma
F;Soraya
M;Axel
M;Léo-Paul
M;Mohamed-Lamine
F;Sandra
F;Adèle
M;Eli
F;Grace
M;Makan
M;Souleymane
F;Abigaëlle
M;Eliakim
F;Lena
M;Louison
M;Matthew
F;Selma
M;Alex
F;Shana
F;Alyssa
M;Malo
M;Joachim
F;Abby
M;Julien
F;Anita
F;Ashley
M;Bilal
M;Dimitri
F;Fatoumata
F;Lylia
F;Marina
F;Milena
F;Margot
M;Mathias
F;Lison
F;Jana
F;Lara
F;Natalia
M;Alban
M;Filip
F;Aicha
M;Izaac
M;Lucien
F;Maëlie
M;Charlie
M;Idris
F;Irène
M;Josué
F;Madina
M;Marc
M;Merwan
M;Younès
F;Gaïa
F;Loane
F;Louna
F;Manel
M;Mateo
F;Brune
M;Samuel
F;Solenn
F;Camille
M;Killian
F;Mellina
M;Samir
F;Solenn
M;Carlos
F;Emma
M;Foucauld
F;Roxane
F;Samantha
M;Marceau
F;Assil
M;Théodore
M;César
M;Ryan
M;Caleb
F;Nelly
M;Léo
F;Myriam
M;Aymen
F;Blanche
F;Baya
F;Bertille
M;Barthélémy
M;Islem
F;Frida
F;Flore
M;Logan
M;Silas
M;Jason
F;Rita
F;Zélie
F;Ludivine
M;Stanislas
M;Aurélien
M;Flavio
F;Lena
F;Élisa
F;Nourane
F;Paola
M;Marwan
M;Shady
M;Farès
F;Alexia
M;Mylan
F;Estelle
F;Anne
M;Mohamed
M;Victor
M;Loann
M;Nils
M;Elio
F;Simone
M;Viktor
M;Saphir
M;Andréa
F;Anastasia
M;Joël
M;Alix
F;Manel
F;Anaëlle
M;Elyas
F;Keren
M;Giovanni
M;Bastien
M;Gautier
M;Matias
F;Capucine
F;Charlotte
M;Emil
M;Felix
F;Liel
F;Coumba
M;Ismael
M;William
M;Wissem
F;Anne
M;Ivan
M;Mathys
F;Théodora
M;Hugo
F;Jannah
F;Maelys
M;Pedro
F;Ritej
F;Théa
F;Yuna
M;Yvan
F;Lana
F;Nelya
M;Zion
M;Mahé
F;Ysé
M;Sully
F;Oumou
F;Safia
F;Célia
F;Maé
F;Stella
F;Gaia
F;Sirine
F;Hadja
F;Kenza
F;Naomi
F;Noor
M;Oliver
M;Selim
F;Djeneba
M;Raoul
M;Téo
F;Thalia
M;Mathieu
M;Yossef
M;Ayman
F;Hawa
F;Maimouna
M;Adem
F;Carmen
F;Marguerite
F;Aby
F;Aline
F;Méline
F;Julia
M;Kaïs
M;Lucien
F;Rim
F;Célia
F;Eugénie
M;Aymane
M;Jack
M;Levi
F;Lahna
M;Eliam
F;Sira
F;Alessandra
F;Lyana
F;Adèle
M;Ezra
M;Mathéo
M;Ayan
F;Athéna
F;Célestine
F;Michelle
M;Rodrigue
M;Karl
M;Zachary
F;Arya
F;Liora
F;Arielle
M;Ayoub
F;Laura
M;Badis
M;Tim
F;Aliya
M;Dario
M;Mateja
M;Frédéric
F;Martha
F;Suzie
F;Paloma
F;Adélie
F;Camilla
F;Elvire
M;Elio
F;Kenza
F;Eden
M;Milan
F;Yaël
F;Fatima-Zahra
F;Yaëlle
M;Yacine
F;Amina
F;Dana
F;Isabella
M;Julien
M;Romain
M;Samuel
M;Tidiane
F;Michelle
M;Mohamed
F;Valeria
F;Evy
M;Gianni
M;Léo
M;Matthew
M;Yannis
M;Younes
M;Dan
M;Éden
M;Naïl
M;Soan
M;Aymen
F;Joyce
M;Nayel
M;Souleymane
M;Yann
M;Hamza
F;Rita
M;Victor
F;Yuna
M;Ayden
M;Axel
F;Charline
F;Fantine
F;Lili
M;Théophile
F;Aline
F;Maëva
F;Alice
F;Cheyenne
F;Emilia
F;Shaïna
F;Suzanne
M;Corto
F;Maryam
M;Rayan
M;Roland
M;Baudouin
M;Christian
M;Giovanni
F;Cléo
F;Eulalie
M;Yohan
M;John
F;Khadidja
F;Louna
F;Olga
F;Camila
F;Claire
F;Léane
F;Lise
F;Liv
M;Cyprien
M;Joachim
M;Roméo
F;Giulia
M;Ezra
F;Nola
F;Ayla
M;Martin
F;Olympe
F;Aïssatou
M;Nils
F;Paula
M;Edem
F;Mia
F;Manon
F;Gaïa
F;Émilie
F;Jamila
M;Arthus
M;Karl
M;Ennio
F;Anaïs
F;Imane
F;Victoria
F;Jasmine
M;Daouda
F;Aimée
M;Amara
M;Saad
M;Léo-Paul
M;Lionel
F;Agathe
M;Yassine
F;Kenza
F;Philippa
F;Lyne
M;Waël
M;Mohamed
F;Suzanne
M;Valentin
M;Benjamin
F;Léonore
M;Célestin
M;Archibald
M;Dylan
F;Nicole
F;Aysha
F;Nelly
F;Lou
M;Yaya
F;Hannah
M;Étienne
F;Mélodie
M;Eyal
F;Anna
F;Lily
M;Hédi
M;Kilyan
F;Lyna
M;Sekou
F;Doriane
M;Isayah
F;Morgane
F;Massandje
M;Selim
F;Noura
M;Timothé
M;Riyad
F;Rosalie
F;Blandine
M;Luca
M;Corentin
F;Aya
M;Pio
M;Timothée
F;Sixtine
M;Joud
F;Noura
F;Eva
F;Léonie
F;Leonor
F;Philomène
M;Dali
M;Antoine
M;John
F;Léa
F;Abigaël
F;Éline
F;Fatim
M;Mohamed
M;Vladimir
F;Aïssatou
F;Gabrielle
F;Iris
F;Ella
M;Malo
F;Élise
M;Elouan
F;Lea
F;Eléna
F;Faustine
F;Virginie
F;Mélusine
F;Nadia
F;Aïssatou
M;Noa
M;Yacine
F;Anaelle
M;Bakary
F;Aya
F;Garance
M;Abdallah
F;Nola
M;Salif
F;Aysha
M;Solal
M;Idriss
M;Nour
F;Talia
M;Jude
F;Laya
F;Dania
M;Ivan
M;Solal
F;Albane
M;Kylian
F;Asma
M;Zayan
F;Maïa
F;Elly
M;Lucas
M;Côme
F;Daphné
F;Joan
F;Yaël
M;Zéphyr
M;Abdallah
F;Cassandra
F;Elia
F;Hajar
M;Ismaïl
F;Neïla
M;Zacharie
M;Adrien
F;Alya
M;Guilhem
M;Jonas
F;Juliette
M;Ange
M;Gaspard
F;Lila
M;Noham
F;Philomène
F;Shana
M;Alpha
M;Aly
M;Célestin
M;Christian
M;Mickaël
F;Sirine
M;Yannis
F;Isaure
F;Lilas
F;Adèle
M;Blaise
M;Boris
F;Kadidiatou
M;Max
M;Mathis
M;Matthias
M;Anselme
F;Noor
F;Yaël
F;Gabriella
M;Walid
F;Sophia
F;Anissa
M;Martin
F;Sibylle
F;Solène
F;Giulia
F;Amélia
F;Hana
F;Maya
F;Thérèse
F;Coralie
F;Amélie
F;Shaïna
M;Anas
M;Célestin
F;Emilia
F;Calypso
M;Jassim
F;Layla
F;Nora
M;Aylan
F;Hidaya
F;Albane
M;Natan
M;Reda
M;Élie
F;Eloïse
F;Meriem
M;Alix
F;Angela
F;Ciara
F;Mariame
F;Inaya
M;David
M;Noam
F;Nelya
F;Anaelle
F;Mélissa
F;Lucia
F;Shanna
F;Lucile
F;Shana
F;Chaïma
F;Jeanne
M;Anaël
M;Axel
M;Leo
F;Malia
F;Ayna
M;Calixte
M;Nathanaël
M;Nahil
M;Mahé
M;Aksel
F;Élyne
F;Mélody
F;Ana
M;Léandre
F;Rébecca
M;Idir
F;Aïssatou
F;Izia
F;Auriane
M;Nayel
F;Anaëlle
M;Lior
M;Yacouba
M;Moshé
M;Jassim
F;Cosima
M;Haroun
F;Nélya
F;Candice
M;Sofiane
M;Hassan
M;Marceau
M;Moustapha
M;Nolann
M;Sandro
M;Tilio
F;Marianne
F;Adèle
F;Livia
F;Amandine
F;Israa
F;Adélie
M;Grégoire
M;Moussa
F;Solène
F;Soline
M;Tim
M;Antoine
M;Elijah
F;Telma
F;Lyne
F;Jasmine
F;Gioia
M;Moustapha
M;Harouna
F;Noa
M;Younes
F;Nelia
M;Ilay
F;Eloïse
M;Hicham
M;Edouard
F;Kady
M;Jean-Baptiste
F;Khadija
F;Avril
F;Amalia
F;Elvire
M;Abou
F;Louane
M;Ladislas
F;Enora
F;Khadija
F;Lily-Rose
F;Alexie
F;Annabelle
M;Balthazar
M;Leonardo
M;Nour
M;Mathias
F;Aïssatou
F;Clothilde
M;Élie
M;Abdel
M;Elijah
M;Rémi
F;Danaé
M;Daoud
F;Jeanne
M;Amjad
F;Athéna
M;Ewen
M;Lassana
M;Nelson
M;Djibril
F;Eléanor
M;Kamil
M;Akram
F;Antoinette
F;Emilia
F;Naëlle
M;Eliahou
F;Laura
F;Junon
F;Lya
M;Oliver
F;Isabella
F;Lou
M;Daouda
F;Arielle
M;Joey
F;Bianca
M;Orso
F;Sibylle
F;Sofia
M;Nael
F;Margaux
F;Noa
F;Tiphaine
M;Yannick
F;Leïna
M;Moustapha
M;Aurel
M;Boubacar
F;Maxine
F;Ora
F;Rachel
F;Razane
M;Abdallah
F;Estelle
F;Khadidiatou
M;Yassine
M;Ilyès
F;Mathilde
F;Irène
M;Tom
M;Edouard
M;Maxime
M;Saul
M;Issa
F;Olympia
M;Anas
F;Kenza
F;Naomie
M;Nassim
M;Adrian
F;Irène
M;Jacques
M;Edouard
M;Emile
F;Maé
M;Muhammad
F;Paola
M;Amaury
F;Melissa
F;Aïda
F;Béatrice
M;André
F;Flore
F;Éva
M;Evan
M;Georges
M;Hamza
M;James
F;Maelle
F;Oriane
F;Ayah
M;Youness
F;Agathe
M;Maxime
F;Naomi
F;Camila
F;Nayla
F;Aliyah
F;Capucine
F;Carla
F;Ethel
F;Flora
F;Khadija
F;Aïsha
M;Andreas
F;Elly
M;Filip
F;Nadine
F;Blanche
M;César
M;Erwan
F;Lara
M;Siméon
M;Théo
F;Maryam
M;Jonas
F;Elina
F;Ana
M;Baudouin
F;Dina
F;Louison
M;Marouane
M;Romain
M;Willy
F;Caroline
F;Eléonore
F;Éva
M;Loïc
F;Madeleine
M;Robinson
M;Ulysse
F;Emily
F;Maelys
M;Barnabé
M;Boubou
M;Eddy
M;Walid
M;Achille
F;Hortense
F;Rachel
F;Zaynab
F;Éléa
M;Zakariya
M;Isidore
F;Grâce
M;Adrien
F;Coline
M;Alassane
F;Bérénice
F;Manon
M;Isidore
F;Alexia
F;Margot
M;Younes
F;Mina
M;Lorenzo
F;Liv
M;Zachary
F;Abigaël
M;Elliot
F;Daria
F;Ambre
M;Damien
F;Ève
F;Jeanne
F;Rebecca
F;Anouck
F;Castille
M;Naël
M;Arthur
M;Adem
M;Qassim
M;Raphael
F;Tiphaine
F;Léah
M;Léonard
F;Nour
M;Achille
M;Ibrahima
F;Rosalie
M;Hippolyte
M;Luka
M;Younous
M;Nahyl
F;Elyana
M;Oussayd
F;Charline
M;Vadim
F;Hawa
M;Niels
F;Mélia
F;Gina
M;Hector
M;Ismail
F;Lilou
F;Perrine
M;Pierre
M;Samy
M;Cheikh
F;Isabelle
F;Lévana
F;Michelle
M;Angelo
M;Menahem
M;Zakarya
F;Aïsha
M;Christian
M;Alix
M;Aurélien
M;Guilhem
F;Kaïna
M;Mayeul
F;Safa
M;Théo
M;Charles
M;Gabriel
F;Maëlle
M;Théophane
M;Cyprien
F;Elina
F;Léana
F;Garance
M;Ian
M;Mael
F;Marie-Lou
M;Aboubacar
F;Amandine
F;Anaelle
M;André
F;Coralie
M;Joan
F;Meryam
M;Nahel
M;Elone
M;Florent
F;Abigaël
M;Florent
M;Mohamed-Lamine
F;Assil
M;Francesco
M;Ruben
F;Samia
F;Constance
M;Lior
M;Aubin
M;Baudouin
M;Lazar
M;Mohamed-Amine
F;Philomène
M;Moussa
M;Élie
F;Noura
F;Lisa
F;Perla
M;Michael
F;Fatim
M;Soan
F;Emilie
M;Élias
M;Paul
F;Liliane
F;Elizabeth
M;Mathis
F;Constance
M;Hélios
F;Aleyna
M;Esteban
M;Teodor
M;Diego
M;Mathéo
M;Mohammed
F;Paola
M;Aboubakar
M;Ayan
F;Zeynab
M;Julian
F;Eléa
M;Hamidou
F;Goundo
M;Wandrille
F;Irina
F;Marilou
M;Albin
M;Milo
M;Abou
M;Raphaël
M;Aksel
M;Djibril
F;Chiara
F;Bianca
M;Joshua
F;Lia
F;Hope
M;Oscar
M;Balthazar
M;Ishay
F;Camélia
F;Tahel
F;Ange
F;Anissa
F;Serena
F;Alyssa
M;Ryan
M;François
M;Hamza
F;Lise
F;Victoria
M;Matthias
F;Djeneba
M;Sandro
F;Clémentine
M;Tomas
M;Anas
F;Chahinez
M;Malo
M;Zakariya
F;Judith
F;Shaïly
F;Cécile
M;Flavien
F;Irène
M;Joaquim
F;Alissa
F;Farah
M;Rafael
M;Alexis
F;Bertille
F;Nelia
M;Dario
F;Gaïa
M;Timothée
M;Adan
M;William
F;Colette
M;Bilel
M;Carl
M;Zadig
M;Jason
F;Sana
M;Sacha
M;Ousmane
M;Gaston
F;Pauline
F;Lili
F;Max
F;Alya
M;Ilyan
F;Thelma
M;Ezio
M;Souhayl
F;Miya
M;Antoine
M;Idriss
F;Louison
M;Max
M;Abdallah
F;Aysha
F;Kamila
F;Sirine
F;Farah
F;Elizabeth
F;Aline
M;Mahamadou
M;Alessio
M;Loïc
F;Amalya
F;Joanne
F;Anna
M;Joshua
M;Raoul
F;Elyna
F;Rosalia
M;Valentin
F;Elsa
F;Giorgia
M;Yacouba
F;Fatimata
F;Rym
F;Sophia
F;Safiatou
F;Aïna
F;Octavie
M;Aïden
M;Kenzi
F;Iris
F;Ysée
F;Cléo
M;Thaddée
M;Cayden
M;Adama
F;Gisèle
F;Jennah
F;Félicité
M;Ismael
M;Ernest
M;Joachim
M;Florian
M;Mattéo
F;Sana
F;Ysée
M;Jonathan
M;Amadou
F;Lou
M;Sam
F;Clara
M;Marc
F;Oumou
F;Nour
M;Zakaria
F;Maëly
M;Iliane
M;Thibaud
M;Adam
M;Gary
M;Zakaria
F;Ophélie
F;Elina
M;Nahel
M;Allan
F;Melissa
M;Jed
F;Eléa
M;Flavien
M;Frédéric
M;Grégory
F;Yasmine
M;Aleksandar
M;Amara
F;Suzanne
M;Colin
M;Hélie
F;Jannah
M;Yacine
M;Emil
M;Idriss
M;Adrian
F;Maëline
M;Adama
F;Ariane
M;Clarence
F;Elyssa
F;Emilia
M;Sohan
M;Hamza
M;Léandre
M;Ludovic
M;Aïdan
M;Aris
F;Margot
F;Yasmine
F;Maya
M;Emmanuel
F;Léopoldine
M;Isaiah
M;Clément
F;Hélène
M;Sébastien
F;Danaé
M;Djibril
M;Mouhamed
F;Léonore
M;Quentin
M;Anselme
M;Joakim
F;Nayla
F;Stella
M;Abdoulaye
M;Andrea
M;Christopher
M;Darius
F;June
M;Liham
M;Maxim
F;Milena
F;Swann
F;Amélia
F;Hawa
M;Louay
M;Michaël
F;Naëlle
F;Nine
F;Sacha
F;Scarlett
F;Simone
M;Stéphane
F;Eline
M;Harry
M;Kenzi
F;Alessia
F;Eulalie
M;Hatem
F;Kayna
M;Rami
F;Syrine
M;Eden
F;Eloïse
F;Lison
M;Dario
F;Amel
F;Nana
F;Ayana
F;Nellia
F;Axelle
M;Muhammad
M;Orso
F;Soline
M;Oscar
M;Charles
M;Nino
F;Max
M;Eduardo
F;Hélèna
F;Eléna
F;Imene
M;Hatem
F;Isabelle
M;Lohan
M;Robinson
M;Riyad
M;Alexis
M;Arthus
M;Arié
F;Noah
M;Emile
M;Angelo
M;Enzo
M;Diego
M;Andréas
M;Lucas
F;Élodie
M;Andrea
M;Henri
F;Aurélie
F;Cerise
M;Marceau
F;Hafsa
M;Orso
F;Melody
M;Bastien
M;Abdoulaye
M;Bastien
F;Assya
M;Melvyn
M;Gaston
M;Robert
M;Ilian
F;Dahlia
F;Mara
M;Roméo
M;Steven
M;Adem
F;Dahlia
F;Louane
M;Mathys
M;Mattéo
F;Ayana
F;Elena
M;Eli
F;Eliza
F;Eva
M;Gabin
F;Madeleine
F;Billie
M;Solal
F;Carmen
M;Evan
M;Djibril
M;Emir
M;Enzo
F;June
F;Livia
F;Angèle
M;Chris
F;Hortense
F;Shérine
M;Tony
F;Binta
F;Lou-Ann
F;Marina
M;Bruno
M;Etienne
M;Jérôme
F;Garance
M;Marius
F;Marthe
M;Shaï
F;Kadiatou
F;Manelle
F;Ninon
F;Amy
M;Félix
F;Inès
F;Rébecca
M;Swan
F;Line
F;Meriem
M;Clarence
F;Lou
F;Manon
M;Matisse
F;Roxane
M;Malik
M;Yahya
M;Aydan
F;Alma
M;Lazare
M;Omar
F;Ines
F;Claire
M;Ayaan
M;Baptiste
F;Elina
M;Léo
M;Léonard
F;Maëva
F;Mama
F;Scarlett
F;Tosca
M;Aubin
M;Aymeric
F;Baya
F;Clémence
M;Jad
M;Mouhammad
F;Naomi
M;Roch
M;Sam
M;Vianney
M;James
F;Maëlle
M;Elliott
M;Adama
F;Anna
F;Bérénice
F;Clotilde
M;Filipe
M;Nassim
F;Rosa
M;Yassine
F;Naomie
F;Camille
F;Elya
F;Noha
M;Sabri
M;Souleyman
M;Albert
M;Baudouin
M;Cyprien
M;Idriss
F;Leslie
F;Sarah
F;Maïlys
M;Timothé
M;Akram
F;Héloïse
F;Jana
F;Lylou
F;Maeva
M;Jean-Baptiste
M;Christian
M;Corentin
M;Nizar
F;Ana
M;Yohann
M;Antoine
M;Johnny
F;Laure
F;Mélissa
M;Nabil
F;Angel
F;Maryam
F;Caroline
M;Clovis
M;Kenzy
F;Leia
M;Liam
M;Marlon
M;Mohamed-Amine
M;Mouhamed
F;Zélie
F;Eden
F;Khadidja
M;Samba
M;Basile
F;Emilia
M;Guillaume
F;Laurine
M;Zakaria
M;Sekou
M;Waël
M;Anas
M;Doron
M;Jayson
M;Maxim
F;Gabrielle
F;Mathilde
F;Castille
F;Aurore
F;Amelia
F;Agnès
F;Ania
M;Giulian
M;Yan
M;Hélios
F;Alice
F;Aimée
M;Ferdinand
F;Leyna
M;Jordan
F;Aminata
M;Naor
M;Hassan
M;Eneko
F;Julia
M;Marin
F;Zeyneb
M;Gustave
F;Maria
F;Jasmine
M;Dario
F;India
M;Caleb
F;Fleur
F;Ilana
F;Violette
M;Lyam
M;Xavier
F;Chahinez
M;Jacob
M;Maxime
M;Neil
M;Sekou
F;Mayssa
F;Brune
F;Audrey
M;Basil
M;Moussa
M;Adama
F;Alaa
M;Félix
M;Ismael
M;Aïden
F;Hanaé
F;Léonie
M;Sasha
M;Chris
M;Nahil
M;Nahil
F;Abby
F;Adriana
M;Arié
F;Astrid
M;Idris
F;Maïmouna
M;Clovis
F;Juliette
F;Mayane
M;Aviel
F;Éline
M;Carl
M;Mohamed-Amine
F;Amel
M;Félix
F;Marie
M;Milan
M;Paulin
F;Greta
F;Hanna
M;Noa
M;Solal
F;Anya
M;Aris
F;Garance
M;Jérémy
F;Lucia
F;Rosa
F;Brune
M;Issam
F;Léopoldine
M;Colin
F;Gabrielle
F;Goundo
M;David
F;Éloïse
F;Lucile
M;Ronan
M;Antonin
F;Sophia
M;Aymeric
F;Elena
M;Fares
F;Naïla
M;Abdou
F;Agnès
F;Camilia
M;Karim
F;Nesrine
M;Aurélien
F;Emeline
M;Kyllian
F;Marwa
M;Rafaël
M;Simon
M;Ylan
F;Ashley
F;Jasmine
F;Léonore
M;Cyrus
F;Assetou
M;Elliot
M;Vadim
M;Lou
M;Yahya
F;Lalla
M;Ayaz
M;Yanis
M;Amidou
F;Eléa
M;Valentin
M;Felix
F;Eugénie
M;Hélios
F;Sibylle
M;Milo
F;Maxime
F;Cassandre
M;Dimitri
F;Alyah
F;Meriem
F;Hafsa
F;Miral
F;Amy
F;Bertille
M;Haï
F;Clémence
F;Jill
M;Yasser
M;Younès
M;Auguste
M;Hippolyte
F;Léonore
F;Elise
M;Francis
F;Fatim
F;Johanna
M;Georges
M;Jacques
F;Joana
F;Aurélie
M;Clarence
F;Louise
F;Natalia
M;Virgile
F;Jana
M;Aloïs
M;Jaden
F;Laure
F;Lison
F;Arwa
F;Maxine
M;Oren
F;Pauline
M;Camil
F;Athéna
F;Neïla
M;Sohan
F;Maëlys
F;Isis
F;Lucia
F;Emy
M;Cédric
F;Nayla
M;Aaron
M;Dorian
M;Justin
F;Manel
F;Melina
M;Selyan
F;Sidonie
M;Téo
F;Angelina
F;Arielle
F;Ilana
F;Marina
F;Tali
M;Chris
F;Kimia
M;Mahé
F;Marine
M;Zakarya
F;Zoey
M;Chmouel
F;Pia
M;Richard
F;Adélaïde
M;Giacomo
F;Chayma
F;Fatima
M;Kamil
F;Tehila
M;Karl
F;Rime
M;Tiago
M;Adil
F;Shirel
M;Baptiste
F;Cyrielle
F;Eléa
F;Pauline
M;Théodore
F;Valérie
F;Yaëlle
F;Charlie
M;Gaston
M;Marin
M;Théo
M;Zadig
M;Cyril
F;Farah
M;Ismaïl
M;Israel
M;Kenzo
M;Samba
M;Aksel
M;Brieuc
F;Daria
M;Léo
F;Talia
F;Tania
M;Edouard
M;El
M;Mahé
M;Pierre
M;Reda
M;Térence
M;Tiago
M;Youcef
F;Fleur
F;Hiba
M;Idriss
M;Josué
F;Aïcha
M;Ethan
M;Avi
M;Charly
F;Clarisse
F;Safa
F;Antonia
F;Solange
F;Ariane
F;Coline
F;Héléna
M;Gustavo
M;Stefan
F;Hayden
F;Lilou
F;Fleur
F;Swann
F;Maya
M;Moulay
M;Flavio
M;Killian
F;Mathilde
F;Noa
M;Ilyes
F;Dina
F;Aïssata
F;Fiona
M;Philéas
M;Ilyès
F;Marie
M;Joseph
M;Calixte
M;Guillaume
F;Maureen
F;Ashley
F;Emilie
F;Enora
F;Satine
M;Albert
F;Alysson
F;Ava
F;Jessica
F;Lorraine
M;Mateo
M;Steven
F;Mazarine
F;Mélissa
F;Paula
F;Albane
F;Lila
F;Ninon
M;Albert
F;Liv
F;Morgane
M;Saul
F;Sidonie
M;Stéphane
M;Amara
F;Johanna
F;Liya
F;Nesrine
F;Viviane
F;Johanna
M;Lazare
M;Marco
M;Mayas
M;Nael
M;Owen
M;Vadim
M;Clément
F;Aïssatou
F;Alexia
F;Joséphine
F;Mélissa
M;Tony
M;Alpha
M;Camil
M;Eliott
F;Ellie
F;Emy
F;Ilyana
M;Zachary
M;Alexandre
M;Hillel
M;Orso
F;Clarisse
M;Ilya
M;Sandro
M;Erwann
F;Ashley
F;Lilly
F;Sonia
F;Marion
F;Daphnée
M;Ryan
F;Aïsha
F;Diane
F;Fanta
M;Mohammed
M;Pietro
M;Gaël
M;Ibrahima
F;Lola
F;Célina
F;Malika
F;Marylou
M;Anatole
M;Daniel
M;Joël
F;Loane
F;Maïmouna
M;Mohamed
M;Yannis
F;Cassandra
F;Eugénie
F;Lilia
M;Rafael
M;Ronan
F;Sabrina
F;Hanna
M;Harry
M;Tommy
F;Brune
M;Elio
M;Yanis
M;Youssouf
M;Bryan
M;Daouda
M;Darius
M;Zacharie
F;Aïda
M;Pablo
M;Loup
F;Isabelle
F;Olympia
F;Fiona
M;Ahmed
F;Nesrine
F;Alexandra
M;Cheick
F;Joy
M;Kyllian
F;Lyna
M;Emile
M;Otto
F;Angelina
F;Aïssata
F;Aurore
F;Béatrice
M;Célestin
F;Rania
F;Sienna
M;Ange
M;Cyprien
F;Elisa
M;Jeremy
F;Joanne
M;Khalil
F;Amandine
F;Bertille
F;Elsa
M;Josh
M;Marius
F;Oriane
M;Vadim
F;Ariana
M;Salman
M;Nael
M;Noam
F;Ania
M;Joaquim
M;Archibald
M;Eugène
F;Nathalie
M;Loup
F;Iman
F;Jennifer
F;Nathalie
M;Samba
M;Yahya
F;Emna
M;Gaspar
F;Imane
M;Nil
F;Elyssa
M;Jean
F;Margot
F;Abigaëlle
F;Adélie
F;Amina
M;Marin
M;Anton
F;Emilia
F;Cassandre
F;Gisèle
M;Leopold
F;Priscille
M;Ahmad
F;Alessia
F;Camélia
F;Gloria
M;Philippe
M;Ron
M;Bilel
F;Daria
F;Pénélope
F;Sienna
F;Lydia
M;Lou
F;Sasha
M;Balthazar
F;Tamara
F;Yuna
M;Allan
M;Gaspar
F;Maëly
F;Anaïs
F;Ethel
F;Maïa
F;Maÿlis
M;Timothé
M;Grégoire
F;Marianne
F;Marilou
F;Shira
M;Marcus
F;Aliyah
F;Tara
M;Loïs
F;Lea
M;Vladimir
M;Ambroise
F;Janna
F;Caroline
F;Divine
F;Hana
F;Ella
M;Elyes
F;Emma
M;Ewan
M;Idriss
F;Anta
M;Arnaud
F;Léopoldine
M;Sasha
F;Castille
M;Sandro
M;Caleb
F;Ciara
F;Rahma
M;Roch
M;Abdel
F;Bianca
F;Lilya
F;Noémie
M;Saïd
M;Ahmed
F;Catherine
M;Nour
F;Eliora
F;Flore
M;Ayman
M;Daniel
M;Mattia
F;Elisabeth
F;Théodora
F;Sadio
M;Archibald
M;Arié
M;Soën
F;Beatrice
F;Ariane
F;Israa
M;Aubin
F;Elyssa
M;Fabio
M;Lorenzo
M;Nadir
F;Tiguida
F;Tina
M;Virgile
M;Augustin
F;Éva
F;Lison
M;Sean
M;Wilson
M;Giacomo
F;Sibylle
F;Eulalie
M;Gaspard
M;Juan
F;Ysée
M;Leandro
M;Martin
M;Nizar
M;Timéo
F;Adama
F;Assiya
M;Josué
F;Marguerite
F;Ritaj
M;Selim
F;Aïcha
F;Bérénice
M;Etienne
M;Hector
M;Ivan
F;Razane
M;Sacha
M;Youssouf
F;Aïsha
F;Mariya
M;Michaël
F;Quitterie
M;Augustin
F;Divine
F;Lucie
F;Adama
F;Aglaé
M;Aron
F;Barbara
M;Issa
M;Kenny
M;Kenzi
F;Myriam
M;Quentin
M;Samy
M;Romain
M;Yazid
M;Ladji
M;Mahdi
F;Zoé
F;Rym
M;Avi
F;Nessa
F;Emmanuelle
M;Aliou
F;Inès
M;Alec
M;Max
M;Armand
M;Mouctar
F;Abigail
F;Ayla
M;Dayan
F;Eline
M;Milo
M;Ely
M;Ziyad
M;Oumar
F;Victoria
M;Anass
M;Hamidou
M;Hamza
M;Téo
F;Charlie
M;Henri
F;Inès
M;Thibaut
F;Tiana
F;Ayah
F;Kenza
M;Léandro
M;Racim
M;Lyam
M;Dorian
M;Leandro
F;Lucile
F;Deborah
M;Jack
M;Sofian
F;Agathe
M;Ambroise
M;Ethan
F;Diana
M;Louison
F;Naïla
M;Alphonse
M;Dylan
M;Abdallah
F;Janna
F;Marianne
F;Lucille
F;Lily
F;Thaïs
M;Yannick
M;Charlie
F;Khadija
F;Aicha
M;Gauthier
F;Adélaïde
F;Lucy
F;Adélie
M;Mouhamed
M;William
F;Prune
M;Anes
M;Nadir
F;Thaïs
M;Théo
F;Myla
F;Aylin
M;Yacine
M;Sandro
M;Pacôme
F;Klara
M;Théodore
F;Isaure
F;Imany
F;Alina
F;Marina
M;Daniel
M;Djibril
F;Ana
M;Ewen
F;Océane
F;Neyla
M;Timéo
M;Archibald
M;Foucauld
F;Emily
F;Amanda
M;Saïd
F;Mélya
M;Hadrien
M;Alix
M;Alpha
M;Rafael
F;Lison
F;Ania
M;Elouan
M;Younes
F;Andréa
F;Clélia
F;Margo
M;Alex
M;Aloïs
F;Lucy
F;Mona
M;Nikola
F;Nadia
M;David
M;Matthieu
M;Nathanaël
F;Liya
M;Soan
M;Bilal
F;Margot
F;Mariame
M;Quentin
M;Samba
M;Simon
M;Anthony
F;Coumba
M;Raoul
F;Aliyah
F;Gaïa
M;Killian
F;Toscane
M;Anthony
M;Emir
F;Mayar
F;Amélia
F;Eléna
M;François
M;Florent
F;Hortense
F;Nawel
F;Naya
M;Yassine
F;Amaya
F;Ambrine
M;Nour
M;Georges
M;Louis
F;Thaïs
M;Jonas
F;Amalia
M;Virgil
M;Ezechiel
M;Arlo
M;Georges
F;Blanche
F;Naïla
M;Alpha
F;Lia
M;Pol
F;Aurélie
F;Céleste
M;Emile
M;Ilyès
F;Jihane
F;Lina
M;Mouhamed
M;Adil
M;Kévin
F;Leyna
M;Romeo
M;Eden
M;Elia
M;Ismael
M;Theo
F;Brune
F;Ema
M;Otto
M;Souleyman
F;Ava
M;Darius
M;Issam
F;Nina
M;Nino
M;Yoann
M;Achille
F;Jannah
F;Helena
F;Mariama
M;Idris
M;Ivan
F;Dahlia
F;Malak
F;Nélya
M;Abdullah
F;Swann
M;Ali
M;Baptiste
M;Vadim
M;Wassim
F;Tessa
F;Adélie
F;Clarisse
F;Grâce
M;Nadir
F;Meriem
F;Anaïs
F;Dounia
M;Salim
F;Domitille
M;Jayden
M;Anton
F;Eden
M;Curtis
F;Emmanuelle
F;Linoï
F;Annabelle
F;Céline
F;Malia
F;Carmen
M;Térence
M;Vassili
M;Charly
M;Bradley
M;Vincent
M;Alan
F;Arya
F;Pauline
F;Elissa
M;Hassan
F;Mayar
F;Ariana
F;Julie
M;Evan
M;Andréa
F;Camélia
F;Cléo
M;Sohan
F;Alix
F;Diane
F;Flore
M;Jean-David
M;Marceau
F;Adriana
F;Albane
M;Christopher
M;Gustave
F;Isis
F;Laurine
F;Lilya
M;Raphaël
M;Téo
M;Yannis
F;Kenza
F;Andrea
F;Catherine
M;Richard
M;César
M;Lazare
F;Joana
M;Natan
M;Liam
M;Adem
F;Nelia
F;Philippine
M;Stanislas
M;Albert
M;Mateo
F;Elsa
M;Léon
F;Nana
F;Hanna
M;Haroun
F;Alia
F;Calie
M;Virgile
F;Anaëlle
F;Maëlys
F;Vanessa
F;Julia
M;Loïc
M;Émile
M;Riyad
F;Lina
F;Raphaëlle
M;Elyes
F;Lisa
F;Maylis
F;Olivia
M;Prince
F;Ava
F;Clara
F;Kayla
F;Lauren
F;Léana
M;Luca
M;Grégoire
M;Issa
M;Matthias
M;Sébastien
F;Imène
M;Léonard
F;Oriane
M;Sacha
M;Nicolas
F;Rebecca
M;Ismail
M;Alessandro
M;Hamza
M;Tomas
F;Victoire
M;Mamadou
F;Ophélie
F;Samia
M;Pablo
F;Fanny
M;Leandro
F;Yosra
F;Yousra
F;Amani
F;Léana
M;Farès
M;Enzo
M;Jean-Luc
F;Tamara
F;Celia
M;Gauthier
F;Lévana
M;Adama
M;Alon
F;Kathleen
F;Adélie
M;Aristide
F;Assa
M;Felix
M;Rémi
M;Ilyès
M;Joaquim
F;Marianne
F;Melina
M;Michaël
F;Blessing
F;Ines
M;Josh
M;Nikita
M;Raphael
M;Tomas
F;Eulalie
F;Leya
F;Coumba
M;Nael
M;El
F;Sara
F;Elissa
M;Boubacar
F;Ombeline
F;Louisa
M;Samuel
F;Eden
M;Ilyès
F;Milla
M;Moussa
F;Irène
F;Tal
F;Ayana
M;Thiago
F;Lara
F;Luna
F;Daphné
M;Elie
M;Léandre
M;Manuel
F;Salma
M;Tao
F;Zoé
F;Asma
F;Dalia
F;Maé
M;Michel
F;Thalia
F;Erin
F;Océane
M;Paolo
F;Victoria
F;Yousra
M;Aloys
M;Etienne
M;Ilan
M;Isaïah
M;Josh
M;Pablo
F;Castille
M;Daniel
F;Eve
M;Ferdinand
M;Josh
M;Oumar
M;Youssef
M;Alan
F;Anaëlle
F;Ayleen
F;Clara
F;Dahlia
F;Luz
M;Romeo
F;Sophie
F;Tasnim
F;Zita
M;Kylian
F;Andréa
F;Mariame
F;Sidra
M;Zachary
M;Grégoire
F;Angelina
M;Anis
F;Razane
F;Cali
F;Liya
M;Octave
M;Philippe
F;Célestine
F;Zeynab
M;Haron
M;Elie
F;Mahaut
F;Manelle
M;Yoann
M;Clovis
F;Isild
M;Karim
F;Yasmina
F;Cléo
F;Maéva
M;Tom
M;Ahmed
F;Chelsea
F;Elia
F;Soraya
M;Abdoulaye
F;Aïnhoa
F;Lauryn
M;Harry
M;Matéo
M;Pablo
F;Scarlett
F;Thaïs
M;Paulin
F;Leah
F;Olivia
F;Aïcha
F;Rita
M;Milhan
F;Clémentine
F;Sienna
F;Mariame
F;Shirel
M;Lassana
M;Laszlo
F;Tasnime
F;Zahra
M;Côme
F;Eulalie
M;Vladimir
M;Bryan
M;Edgar
F;Eunice
M;Gaël
F;Maïssane
F;Philomène
F;Elina
F;Helena
M;Marcel
M;Pierre
M;Haron
F;Isra
F;Myla
F;Naïa
F;Sandra
M;Yohann
M;Yossef
F;Chelsea
M;Sixte
M;Elias
M;Elijah
F;Izia
M;Mathéo
F;Nina
F;Salomé
M;Aden
F;Ana
M;Gaël
M;Matteo
F;Maud
F;Elly
F;Maya
M;César
M;Leonard
M;Constant
F;Fantine
F;Mélanie
F;Méline
M;Nino
F;Manal
M;Moustapha
M;Leonardo
M;Mahé
M;Cheikh
F;Chiara
F;Cindy
F;Hind
M;Tobias
M;Yohan
M;Alassane
M;Anton
F;Miya
F;Patricia
F;Alima
M;Axel
M;Mattéo
F;Amélie
F;Tina
M;Jassem
F;Nine
F;Lilou
M;Ryad
M;Ethan
F;Gaëlle
F;Sacha
M;Stéphane
F;Andréa
M;Bastien
F;Jannah
F;Ania
M;Ismail
M;Michel
F;Isra
F;Sophie
M;Auguste
F;Zélie
F;Rebecca
M;Shaï
M;Mady
M;Aloys
F;Maïa
F;Cléo
F;Eloane
M;Ibrahim
M;Lassana
M;Aslan
F;Alycia
M;Henri
F;Rachel
M;Raphael
M;Aymeric
F;Nelya
M;Aylan
F;Estelle
M;Ibrahim
M;Louay
F;Lucile
M;Alexis
F;Athénaïs
M;Roméo
F;Anaé
F;Carla
M;Enzo
M;Kays
F;Line
M;Salim
M;Ugo
M;Adonis
F;Erin
M;Sidy
F;Tesnim
F;Esther
F;Camélia
M;Marlon
F;Avril
M;Jibril
M;Lamine
M;Loup
M;Mathurin
F;Meryem
M;Rohan
F;Héléna
F;Liza
F;Zineb
F;Éva
M;Mohamed-Amine
M;Térence
M;Yacine
F;Félicité
M;Lino
F;Naomie
M;Aziz
F;Izia
F;Audrey
F;Lana
M;Sean
F;Tina
F;Nafissatou
F;Ema
M;Barnabé
M;Mahé
F;June
M;Eric
F;Grace
M;Yassine
F;Céline
F;Floriane
M;Abdallah
M;Mathurin
M;Mouhamadou
F;Nesrine
F;Tessa
M;Alexis
F;Candice
M;Eugène
F;Amélia
M;Ibrahima
F;Manon
F;Roxanne
F;Adèle
F;Binta
F;Lison
M;Théophile
F;Amanda
M;César
F;Manel
F;Violette
M;Youcef
M;Abdoul
F;Aliénor
M;Rayan
F;Sienna
F;Amelia
F;Salomé
M;Abdallah
F;Hanna
F;Lilia
F;Dina
F;Lahna
F;Lena
F;Lison
M;Léon
F;Natacha
M;Alphonse
F;Billie
M;Aylan
M;Élie
M;Leny
M;Matthias
F;Elina
F;Tara
M;Tao
M;Jeremy
F;Morgane
F;Narimane
M;Clovis
F;Assetou
F;Naëlle
F;Erin
M;Mory
F;Candice
M;Titouan
M;William
M;Youssouf
F;Angèle
F;Daphné
M;Andy
M;Serigne
F;Edmée
F;Melissa
M;Edouard
F;Lia
M;Elhadj
M;Milhan
F;Inès
F;Khadija
F;Amélia
M;Paolo
F;Miya
M;Emmanuel
M;Colin
F;Rym
M;Côme
M;Théotime
M;Yassine
F;Tasnim
M;Adil
F;Blandine
M;Mady
M;André
M;Titouan
M;Walid
M;Alban
F;Fatoumata
F;Nora
M;Jonas
F;Nada
F;Naya
M;Noa
F;Estelle
F;Celia
F;Perla
M;Adib
M;Simon
M;Youness
M;Antoni
F;Ilyana
F;Lena
M;Melvin
F;Ornella
M;Robinson
F;Adama
F;Alia
M;Aron
M;Grégoire
F;Alice
M;Camil
M;Kyle
F;Laurine
M;Erwan
M;Hedi
F;Carmen
M;Noé
M;Loan
F;Anne
F;Ysé
F;Amalya
F;Isra
M;Yaya
M;Antonin
F;Zeyna
M;Jassim
M;Augustin
F;Ayla
F;Amalia
F;Carmen
F;Ethel
F;Emmy
M;Luc
M;Walid
F;Yasmine
M;Arsène
F;Cyrine
M;Ugo
M;Christophe
F;Romane
F;Haby
M;Logan
M;Virgile
M;Guilhem
F;Aria
M;Honoré
F;Lily
F;Léa
M;Omar
M;Nael
F;Eloïse
M;Daouda
F;Gala
F;Maïa
F;Georgia
F;Arielle
M;John
M;Mohamed
M;Imrân
M;Nassim
F;Adélaïde
M;Richard
F;Fatima
F;Ellie
M;Jad
F;Dina
F;Carmen
F;Ida
M;Victor
F;Chloé
M;Émile
F;Marie
F;Hortense
M;Yossef
M;Emil
F;Kira
F;Liliane
F;Aya
M;Mateo
M;Shaï
F;Marthe
F;Eva
M;Émile
M;Evan
F;Norah
M;Santiago
M;Éden
F;Ines
F;Beatrice
F;Aïssata
M;Clarence
M;Adan
M;Gaspard
F;Judith
F;Éléonore
F;Lison
M;Alex
M;Zoumana
M;Alphonse
F;Tessa
F;Haby
M;Édouard
M;Farès
F;Méline
M;Ali
F;Éva
M;Youssef
F;Zoé
F;Mia
F;Laure
M;Kamil
M;Pierre-Antoine
M;Mehdi
M;Rafael
M;Ayoub
F;Eva
M;Imran
F;Kadidia
M;Marin
M;Haroun
F;Camélia
F;Salomé
M;Liam
F;Valentina
F;Jana
F;June
F;Zahra
F;Salimata
M;Thierno
F;Artémis
F;Ariana
M;Barthélemy
F;Nahla
M;Gianni
F;Anna
M;Charlie
M;Florent
F;Maryam
F;Morgane
M;Théophile
F;Violaine
F;Victoria
F;Amicie
F;Janna
M;Milo
F;Élisa
F;Janna
F;Nawel
M;Yasser
F;Colombe
M;Andreas
M;Joachim
F;Lise
M;Muhammad
F;Paloma
F;Adélaïde
F;Athénaïs
F;Castille
F;Daphnée
F;Meryam
M;George
M;Jude
M;Théodore
M;Abel
F;Hafsa
M;Julian
M;Malick
M;Sam
F;Jade
F;May
M;Karim
M;Tristan
F;Amira
F;Awa
F;Mariam
M;Mathias
F;Nelia
M;Benoît
M;Meyron
M;Roméo
F;Daphné
M;Swann
M;Marlon
M;Aristide
M;Auguste
M;Ilhan
F;Amira
M;Elliot
F;Grâce
M;Ilyes
F;Sidonie
M;Wael
F;Wendy
M;Mickael
F;Nora
M;Selyan
M;Gabriel
M;Wilson
F;Ana
F;Hana
M;Kylian
F;Noor
M;Yaya
F;Juliette
M;Leonardo
F;Anna
F;Celeste
F;Julia
F;Lauren
M;Maksim
F;Nell
F;Salomé
F;Amelia
M;Basile
M;Ben
F;Celia
M;Charly
F;Maryam
F;Sasha
M;Aliou
M;Daouda
M;Wassim
F;Joanne
F;Ayna
F;Nell
M;Aboubacar
F;Zaynab
M;Yahya
M;Oscar
M;Dylan
F;Mélodie
F;Zainab
F;Juliette
F;Neyla
F;Eidel
F;Louisa
M;Raphael
M;Anthony
M;Maximilien
M;Rémi
M;Anatole
M;Raphaël
F;Jihane
M;Faël
F;Olive
F;Margaux
F;Paloma
M;Achille
M;Orso
M;Dany
M;Henri
F;Kawtar
M;Mylan
F;Rosa
M;Ryan
F;Ariane
M;Islem
M;Marco
F;Ranya
F;Isabella
F;Geneviève
F;Judith
F;Mélissa
M;Adonis
F;Madeleine
F;Lola
M;Robinson
M;Vladimir
F;Albane
F;Bettina
M;Calixte
M;Idrissa
M;Yoni
F;Brune
M;Ivan
F;Elisabeth
M;Aden
M;Zakariya
M;Julien
M;Naïl
F;Zita
M;Émile
M;Julian
M;Prince
F;Rivka
M;Maxime
F;Rania
M;Abou
F;Célina
F;Maelys
F;Anastasia
M;Emir
M;Luca
F;Lahna
F;Raphaëlle
F;Noémie
F;Georgia
F;Filippa
F;Camila
F;Sonia
F;Éléa
M;Nathanaël
F;Tesnime
M;Georges
M;Marvin
M;Emmanuel
M;Flavien
M;Hugo
F;Maïa
M;Noah
F;Céleste
F;Lena
F;Ndeye
M;Lysandre
F;Daniela
M;Kenzi
F;Neyla
F;Noa
M;Joud
F;Lou
F;Mariam
M;Mathurin
M;Olivier
M;Amir
F;Audrey
F;Firdaws
M;François
M;Joël
M;John
F;Malak
M;Ovadia
F;Rebecca
M;Yaya
M;Hayden
F;Layna
F;Line
M;Loris
F;Nicole
M;Sacha
M;Valentin
M;Alban
M;Azad
F;Léna
F;Shaïna
F;Andréa
F;Flore
M;Yaya
F;Gabriela
F;Khadidja
F;Myriam
F;Luce
F;Athéna
M;Constant
M;Georges
F;Giulia
M;Ilian
F;Naëlle
F;Aminata
M;Franck
F;Jenny
F;Keren
F;Saskia
F;Alexandra
M;Anatole
M;Armand
M;Marceau
F;Avril
F;Magdalena
M;Mateo
F;Myriam
M;Idris
M;Oscar
M;Saïd
M;Amara
M;Angelo
M;Nino
M;Hakim
M;Riyad
M;Nassim
F;Rosalie
M;Aimé
F;Angelina
F;Coline
M;Luke
M;Octave
F;Emeline
M;Lubin
F;Perrine
F;Mélissa
F;Nathalie
F;Isabelle
M;Johann
F;Luce
M;Naël
F;Sofya
F;Ayana
M;Jérémie
F;Kadiatou
M;Shay
M;Arthus
M;Brieuc
F;Cléa
M;Hédi
F;Lynn
F;Maeva
F;Raphaëlle
F;Charline
F;Gabriella
F;Joy
F;Lilou
F;Mathilde
M;Paul
M;Amadou
F;Lylia
M;Pascal
M;Aksil
M;Santiago
F;Mellina
M;Elias
M;Antoine
F;Sixtine
M;Malik
M;Elon
M;Sami
M;Amara
F;Deva
F;Sidonie
F;Lise
F;Lucille
F;Mathilde
M;Bilal
F;Natacha
F;Nour
F;Charlie
M;Constantin
M;Ilies
F;Lahna
M;Hugues
F;Chiara
M;Hubert
M;Luc
M;Roméo
F;Safia
F;Aliénor
M;Edgar
F;Liza
F;Ariane
M;François
F;Laëtitia
F;Noura
M;Célian
M;Gabriel
F;Léonore
M;Jibril
F;Lilia
M;Roman
M;Ishaq
F;Zélie
M;Adama
F;Isaure
M;Loup
M;Marwan
M;Rodrigo
F;Layanah
M;Albéric
M;Elouan
F;Malia
F;Meriem
F;Aliya
M;Eden
F;Evy
F;Sonia
F;Ysée
M;Axel
M;Farès
F;Giulia
M;Marvin
F;Mélanie
M;Mikaël
M;Seydina
M;Sofiane
F;Lena
F;Bérénice
M;Otto
M;Abdallah
M;Yohan
M;Clément
F;Divine
M;Matthias
F;Alessandra
M;Élie
M;Gauthier
F;Apolline
M;Ben
F;Cindy
F;Florence
F;Aliénor
M;Léo
F;Lahna
M;Yann
M;Sami
F;Floriane
M;André
M;Nino
F;Andrea
M;Abdoul
M;Aymeric
F;Bénédicte
F;Gabriella
F;Naïla
F;Talia
F;Carine
F;Colombe
M;Denis
F;Diane
M;Eliot
M;Emmanuel
F;Hayden
M;Léonard
F;Thelma
M;Barnabé
F;Eve
M;Idrissa
F;Julie
M;Nolann
M;Zakarya
F;Camélia
F;Charlotte
M;Clovis
M;Jacques
F;Sherine
M;Arthur
M;Charles
M;Constantin
M;Thierry
M;Tristan
M;Zakaria
M;Emilien
M;François
M;Hadrien
M;Harold
F;Louise
M;Mario
F;Tali
F;Karen
M;Ludovic
M;Carl
M;Jad
M;Karl
M;Youssouf
F;Aïssata
F;Awa
F;Ema
F;Lucy
M;Salim
M;Adrien
M;Aloïs
M;Gaston
M;Matéo
F;Nelya
M;Aboubakar
F;Andrea
F;Lital
F;Rokia
F;Théa
M;Jordan
M;Léo-Paul
F;Mariama
M;Yoni
F;Anita
F;Cléa
F;Elyana
M;Eyal
M;Harouna
F;Eryne
M;Farès
F;Lia
M;Ange
F;Eve
M;Ilyès
F;Ketsia
M;Loan
M;Marouane
M;Melchior
M;Abderrahmane
F;Gaëlle
F;Kimberley
M;Leandro
M;Luka
F;Raphaëlle
F;Kahina
F;Aya
M;Fabio
F;Aïssatou
F;Barbara
M;Benjamin
M;Matéo
M;Emile
M;Tidiane
M;Cédric
M;Kevin
F;Louna
M;Marin
F;Sonia
F;Madeleine
F;Marilou
F;Naïs
F;Noa
F;Viktoria
M;Calvin
F;Ophélie
M;Edgar
F;Haya
M;Sam
F;Sophie
F;Isadora
F;Anissa
M;Aron
F;Garance
M;Ilyès
F;Aïcha
F;Ayah
F;Eliana
F;Iris
M;Marlo
F;Constance
F;Roxane
F;Gabriella
F;Norah
M;Otto
M;Ari
M;Charly
M;Vasco
F;Erin
M;Octave
M;Eyden
M;Amara
F;Armelle
F;Emmanuella
M;Muhammad
M;Amin
F;Aliénor
F;Binta
F;Grâce
F;Maïssane
M;Timéo
M;Alexis
M;Lucas
F;Safia
M;Adam
M;Ezra
M;Malick
F;Perla
F;Fatou
F;Alia
F;Aria
M;Aïden
M;Thibault
F;Dora
M;Florian
F;Maelys
M;Elie
F;Justine
F;Kadiatou
F;Lola
M;Milan
M;Nahel
F;Selena
M;Zakariya
M;Adriel
F;Cléo
M;Kimi
M;Oskar
F;Anita
M;Yanis
F;Imene
M;Marvin
F;Anne
M;Henry
M;Nahil
M;Basile
F;Dune
F;Eline
F;Safiya
F;Marilou
M;Rayan
M;Salif
F;Alyah
M;Elian
F;Maïssa
F;Sophie
M;Gaël
M;Merlin
F;Enora
M;Ariel
F;Aurélia
F;Ariane
M;Kamil
M;Moïse
F;Raphaëlle
M;Said
M;Taym
F;Adeline
F;Angélina
F;Hanaé
F;Lehna
F;Louise
F;Lucile
M;Marcel
F;Héloïse
M;Ismael
M;Ismaïl
M;Maël
F;Alix
M;Damian
M;Filip
M;Gary
F;Isabelle
M;Jean
F;Laïa
F;Marguerite
M;Mickaël
M;Milan
M;Erwan
F;Flore
F;Diane
M;Erwan
F;Alix
M;Alpha
F;Claudia
F;Flora
F;Laëtitia
M;Lucas
F;Soraya
F;Aliya
F;Kenza
M;Mohamed-Amine
M;Pacôme
M;Chahine
M;Giovanni
F;Hanna
F;Kady
F;Minh
F;France
F;Yasmine
F;Léonore
M;Augustin
M;Jérémie
M;Jude
F;Samira
F;Anaé
M;Nabil
M;Eyal
M;Luc
M;Marwan
M;Cameron
F;Zelda
M;Robin
F;Joyce
M;Alex
F;Athéna
M;Ousmane
M;Lior
M;Hedi
M;Moustapha
F;Zeyneb
M;Gauthier
M;Moussa
M;Valentin
F;Adja
F;Anaïs
M;Nino
F;Nala
F;Tara
F;Aïssé
F;Céline
M;Ilyan
F;Mélina
F;Anaé
F;Eline
M;Arié
F;Aliénor
M;Idris
M;Mounir
M;Zeyn
F;Zina
F;Anastasia
F;Anya
M;Elliott
M;Henri
F;Marie-Lou
M;Nathan
M;Alain
F;Naila
F;Naelle
F;Noélia
M;Sandro
F;Hanaé
M;Aden
M;Alpha
F;Eléa
F;Éléanore
F;Garance
F;Fanta
F;Ayline
M;Franck
M;Amine
M;Mamadou
F;Théa
F;Adèle
F;Sirine
F;Béryl
F;Rebecca
M;Sohan
M;Michel
F;Natalia
M;Rafael
F;Eglantine
F;Francesca
M;Lewis
F;Alice
M;Ari
F;Diana
F;Agathe
F;Romy
F;Aliya
M;Amara
M;Léopold
M;Mathéo
F;Audrey
M;Elliott
M;Thierry
M;Antonin
F;Ludivine
M;Tancrède
M;Yacine
F;Alyssa
F;Sarah
F;Elise
M;Harry
M;Malek
M;Isaac
M;Joshua
F;Sofia
F;Célya
M;Jean-David
M;Mohamed
M;Harry
M;Maé
M;Nahil
M;Robinson
M;Sohan
M;Younès
M;Samy
M;Zayn
M;Mamadou
M;Malik
F;Scarlett
M;Robin
F;Sandra
M;Yoan
M;Joris
F;Norah
M;Samir
M;Lucien
M;Stéphane
M;Vadim
M;Aymeric
F;Esther
F;Sonia
M;Léandro
M;Lohan
F;Théa
F;Hortense
F;Lou-Ann
F;Nelya
F;Dana
F;Natalia
M;Ibrahim
M;Colin
M;Hassan
F;Daria
F;Camila
M;André
F;Binta
F;Mayane
M;Ulysse
F;Angelina
F;Enora
M;John
M;Loïs
M;Moustapha
F;Camilia
F;Clara
F;Stella
M;Gaston
M;Ian
M;Naël
F;Victoria
M;Samba
F;Matilda
F;Jeanne
F;Laura
F;Sixtine
M;Youri
M;Aurèle
F;Maëly
M;Zacharie
M;Mendel
F;Anna
F;Aisha
M;Salman
M;Ismaïl
F;Maëva
F;Mariame
F;Maxine
M;Rafaël
F;Sixtine
F;Clémentine
F;Emilia
F;Emmanuelle
F;Fatma
M;Henri
F;Camilia
F;Fatima-Zahra
M;Gustave
M;Lyam
M;Octave
F;Marguerite
F;Noha
M;Yanice
F;Juliana
M;Mory
F;Perrine
F;Charlène
M;Matis
M;Théotime
M;Adame
M;Nelson
F;Violette
F;Zeynab
M;Calixte
F;Isabelle
M;Jack
F;Liora
F;Liv
M;Quentin
F;Amélia
M;Côme
F;Lina
F;Mariama
M;Leandro
F;Candice
M;César
F;Florence
M;Rémi
F;Déborah
F;Kenza
M;Pierre-Antoine
M;Rudy
F;Clémence
M;Elliott
M;Ismael
F;Liv
M;Marco
F;Shirine
F;Bianca
M;Boubacar
M;Issam
F;Maxine
F;Sara
F;Saskia
F;Valérie
F;Emna
M;Hakim
M;Noah
F;Oriane
F;Safa
M;Youcef
F;Diane
M;Honoré
M;Lukas
F;Amel
F;Fleur
M;Aboubakar
F;Salma
F;Lynn
F;Astrée
M;Marley
M;Gino
M;Prince
M;Aïden
F;Bérénice
F;Marion
F;Lital
M;Matéo
M;Avi
M;Elie
M;Lazare
M;Calixte
F;Théodora
M;Rayan
M;Kamil
F;Aicha
M;Sekou
F;Émilie
M;Andrea
F;Angèle
F;Alba
M;Nour
M;Gabriel
F;Alix
M;Mamadou
F;Thaïs
F;Sibylle
F;Gemma
F;Zaynab
F;Viktoria
F;Armance
F;Isra
F;Naëlle
M;Matis
M;Raphael
F;Danaé
M;Albin
F;Alizée
F;Rebecca
M;Ayden
F;Imany
F;India
M;Siaka
F;Aminata
F;Anastasia
M;Milan
F;Tali
M;Alec
F;Malek
F;Théa
M;Alex
M;Maylone
M;Andy
F;Clarisse
M;Chris
F;Angèle
M;Kenzo
F;Lilya
M;Soan
M;Aylan
M;Guillaume
F;Jenny
M;Oren
F;Talya
F;Maria
M;Robin
M;Yacine
M;Zacharie
F;Ania
M;Célian
F;Klara
M;Zakariya
M;Léandro
F;Ada
M;Mouhamed
F;Olga
M;Armel
M;Jessim
M;Basile
F;Janna
F;Élisabeth
F;Max
F;Alissa
F;Ana
F;Clémentine
F;Sienna
M;Lazar
M;Habib
F;Tina
F;Uma
F;Alexandra
F;Éléonore
M;Lancelot
M;Mouhamed
M;Victor
M;Viktor
F;Charline
M;Edmond
M;Isaiah
F;Prune
F;Zahra
F;Calie
F;Ines
M;Morgan
F;Sara
M;Ali
F;Chloé
M;David
F;Joyce
M;Abdoulaye
F;Adeline
M;Jessim
M;Marley
F;Nour
M;Ruben
F;Livia
M;Moustapha
F;Marwa
M;Lassina
M;Téo
F;Célia
F;Eva
F;Hélène
M;Jonathan
F;Joyce
M;Malik
F;Manon
F;Valentina
M;Ariel
M;Emile
F;Johanna
F;Jeanne
M;Aurélien
M;Ezio
M;Amine
F;Cataleya
M;Guillaume
F;Liliana
F;Annabelle
M;Andréas
M;Aurélien
M;Andy
M;Rayden
M;Marcus
F;Helena
M;Michel
F;Tara
M;Soulayman
M;Victor
F;Lana
M;Jacques
M;Ariel
F;Céline
F;Nélia
F;Dahlia
F;Alya
M;Sohan
M;Aubin
M;Rémi
M;Damien
F;Elisabeth
M;Leonard
M;Malik
F;Aliya
F;Angela
F;Elinor
M;Xavier
M;Hassan
F;Imany
F;Lucie
M;Matéo
F;Coline
F;Kyara
F;Théa
M;Aymen
F;Shany
F;Mayssa
M;Zacharie
M;Hayden
M;Jules
F;Sophie
M;Lior
F;Lydia
M;Anatole
M;Tenzin
M;Alpha
F;Jessica
F;Esmée
M;Ahmed
M;Muhammad
M;Roy
M;Anass
M;Bruno
M;Curtis
F;Léa
F;Méline
F;Lehna
F;Maïssa
F;Rokia
F;Aissatou
M;Mattéo
M;Charly
M;Yusuf
F;Nova
F;Tenzin
F;Julie
M;Lilian
M;Robinson
M;Ian
F;Arielle
F;Joséphine
M;Nahel
F;Gabriella
F;Laura
F;Lyah
M;Ugo
F;Célia
F;Domitille
M;Oscar
M;Siméon
F;Éloïse
F;Hana
M;Eloi
F;Safya
M;Yassin
M;André
M;Elio
M;Giulio
M;Ishaq
M;Mael
F;Pénélope
M;Anthony
M;Jacob
F;Lucy
F;Malika
F;Wanda
F;Anaelle
M;Louis
M;Célestin
M;Timothée
M;Bilel
M;Jarod
M;Joaquim
M;Lior
M;Samy
F;Alix
M;Anas
M;Baptiste
F;Ysée
F;Christina
M;Issa
F;Jasmine
F;Myriam
M;Antonin
F;Liana
M;Loris
M;Wael
F;Joyce
F;Ethel
F;June
M;Tommy
F;Anya
F;Hafsa
F;Shaïna
M;Enzo
M;Quentin
F;Amanda
M;Maël
F;Giulia
M;Amine
M;Soren
M;Bryan
F;Linda
F;Emma
M;Orso
F;Mayssane
F;Élisabeth
F;Maxence
M;Riwan
M;Abel
M;Jason
F;Nada
M;Idriss
F;Fatim
M;Naël
F;Quitterie
M;Salim
M;Laurent
F;Naïs
M;Joey
M;John
F;Aïda
M;Daouda
M;Mahé
F;Shana
F;Aude
M;Thomas
F;Cindy
M;Clément
M;Virgile
M;Elone
F;Solveig
M;Kyle
F;Lauren
M;Wassim
F;Charlotte
F;Magdalena
M;Arnaud
F;Djénéba
M;Diogo
M;Francis
F;Sandra
M;Ézéchiel
F;Lucie
F;Yousra
M;Félix
M;Eric
M;Mickaël
F;Maïa
M;Lenny
M;Leonardo
F;Mariama
M;Mattéo
M;Waïl
F;Isra
F;Janna
F;Aimée
M;Alan
M;Luca
F;Cassiopée
F;Hatouma
F;Naomie
F;Roxanne
M;Eliott
F;Diane
F;Yaël
F;Naomie
M;Élie
F;Layana
M;Eden
M;Naïm
M;Georges
M;Ismael
F;Naïla
M;Romain
F;France
M;Rafael
M;Abdoul
M;Menahem
F;Ysée
M;Arsène
F;Elissa
F;Emily
M;Jim
M;Oliver
F;Romy
F;Yasmina
F;Éloïse
M;Igor
M;Johan
F;Tina
M;Yoann
F;Janna
F;Sienna
M;Yoann
F;Domitille
F;Madeleine
M;Marcel
M;Marius
M;Pietro
M;Gaston
F;Telma
M;Walid
M;Arthur
M;Bakary
M;Martin
F;Soumaya
M;Antonin
M;Ibrahim
M;Ismael
F;Maïa
F;Zeynab
M;Elyas
M;Matisse
F;Hafsa
F;Inna
F;Amelia
M;Christophe
F;Koumba
F;Cyrielle
F;Fatou
F;Keren
F;Manon
M;Nahil
F;Ornella
F;Séléna
F;Flore
F;Luisa
F;Aaliyah
F;Louna
F;Tahel
F;Kadiatou
M;Gaétan
F;Safa
F;Fatoumata
F;Domitille
M;César
F;Selma
F;Sibylle
F;Marie-Lou
F;Calypso
F;Chana
M;Ari
M;Moustapha
M;Malick
F;Lucile
F;Ruth
F;Caroline
M;Edgar
M;Tao
F;Anna
M;Lino
M;Élio
M;Côme
F;Asma
F;Matilda
M;Meyron
M;Sambou
F;Mona
F;Ana
M;Kylian
F;Amy
M;Mylan
M;Marc
F;Cosima
M;Lior
M;Maxence
M;Samy
F;Violette
F;Audrey
F;Charlotte
F;Tessa
M;Aurélien
M;Nizar
M;Pablo
F;Sasha
F;Shaïnez
F;Tessa
M;Ilyes
F;Laetitia
F;Rania
F;Cynthia
M;Jean
F;Serine
F;Asmaa
F;Aurélie
M;John
M;Laurent
F;Matilde
M;Nolann
F;Armelle
M;Lazare
F;Loan
M;Pierre
F;Rym
M;Alessandro
F;Lison
M;Youssouf
M;Angelo
M;Éloi
M;Mamadou
M;Timothé
F;Aliyah
F;Marianne
F;Odélia
F;Orlane
M;Éloi
F;Lily
F;Lou
F;Maïa
F;Maryam
F;Ada
F;Cléophée
M;Louis
F;Mahaut
M;Maher
M;Raphael
M;Rémi
M;Sebastian
M;Sébastien
F;Alma
F;Emy
F;Léa
M;Ulysse
M;Cheikh
F;Soumaya
M;Vassili
M;Lirone
M;Nathanaël
M;Tristan
M;Ulysse
F;Eléa
F;Jeanne
M;Nahil
F;Amy
M;Elouan
F;Jade
M;Riyad
F;Sofia
F;Élodie
F;Natacha
M;Raphaël
F;Tiffany
M;Daniel
M;Ayman
M;Seydina
F;Chiara
F;Émilie
M;Aloïs
F;Astrée
M;Tommy
F;Adélie
M;Alfred
F;Barbara
M;Fabio
M;Yunus
F;Nora
F;Aliénor
F;Laura
M;Esteban
M;Abdallah
M;Mathéo
M;Niels
F;Sofia
M;Maximilian
M;Nathan
M;Youri
M;Bradley
F;Linoy
M;Aaron
F;Rose
F;Élise
M;Adama
F;Maxine
F;Dayana
F;Mayssa
F;Camilia
M;Malick
M;Viggo
M;Jude
M;Kahil
M;Achille
F;Elvire
M;Elyes
M;Filip
M;Gaston
F;Hanaé
F;Lise
M;Marin
M;Frédéric
M;Gautier
F;Julie
M;Lyam
F;Méllina
F;Daphné
M;Hugo
M;Iyed
F;Mahault
F;Simone
F;Sophia
F;Zoé
F;Noah
M;Andy
M;Augustin
F;Billie
M;Cheikh
F;Elisa
M;Elyes
F;Helena
F;Laurine
M;Oscar
M;Sébastien
M;Thibault
M;Kylian
F;Leila
M;Louis
F;Sarah
F;Emmy
F;Grâce
M;Richard
M;Sacha
F;Daphné
M;Rayane
M;Vianney
F;Charlize
F;Victoire
F;Amira
M;Yannis
M;Baptiste
M;Jason
M;Melvin
M;Moustapha
M;Pierre-Antoine
M;Tanguy
F;Amanda
M;Rafaël
M;Firas
F;Hiba
M;César
F;Eve
F;Tiana
F;Awa
M;Mouhamed
M;Émilien
F;Jenna
F;Line
M;Matias
M;Camilo
M;Arthur
F;Rose
M;Wassim
F;Amira
M;Alpha
M;Auguste
F;Amy
F;Alya
F;Cindy
M;Clarence
F;Elena
M;Kevin
M;Jed
M;Joan
F;Elikya
F;Charlie
F;Sophia
M;Luca
F;Lara
M;Swann
F;Gabriela
F;Mariame
F;Marianne
F;June
F;Célia
F;Bintou
F;Assia
F;Carine
M;Joshua
F;Lila
M;Jan
M;Bilel
M;Macéo
M;Viktor
F;Ysé
F;Lilwenn
F;Ramata
M;Damian
F;Amira
F;Justine
F;Léonor
M;Luka
M;Mathéo
F;Michelle
F;Safa
M;Esteban
M;Jonathan
F;Mona
M;Alex
M;Bruno
F;Kamila
M;Leonard
F;Leyna
M;Mathys
F;Joséphine
F;Amina
F;Elyne
F;Lou-Anne
M;Waël
M;Joseph
F;Kayna
F;Naïa
F;Sihem
F;Thaïs
F;Eya
F;Grace
F;Marwa
F;Sasha
M;Clarence
F;Gina
M;Mikaïl
F;Imane
M;Nael
M;Charles
M;Ludovic
M;Yan
F;Yuna
M;Mahé
F;Rosa
M;Elie
F;Hania
M;Léopold
F;Meriem
F;Rose
F;Ayana
M;Camille
M;Melvin
F;Soline
M;Andréas
F;Mila
F;Sabine
F;Tamara
M;Younes
F;Lilas
F;Nathalie
M;Amadou
F;Ariana
F;Barbara
M;Brahim
M;Karl
M;Nil
M;Oscar
M;Vladimir
F;Emily
F;Leyla
M;Raphaël
F;Blanche
M;Evan
M;Hamza
F;Mélodie
M;Thomas
M;Adrian
M;Alessandro
M;Arié
M;Haroun
F;Marianne
M;Nolan
M;Alec
F;Mélina
F;Saliha
F;Salomé
M;Yannis
F;Zayneb
F;Helena
M;Loïc
M;Luis
F;Mahaut
M;Younès
M;Rayan
M;Nahil
F;Nélia
M;Noham
F;Grace
M;Honoré
F;Hope
M;Anatole
F;Lylia
M;Baudouin
M;Cyrus
M;Jordan
M;Kévin
F;Luce
M;Malik
M;Marko
F;Maÿlis
F;Romy
M;Alix
F;Amalia
F;Eliana
F;Maylis
M;Santiago
F;Tara
M;Tyron
F;Jana
M;Roman
M;Zack
F;Alima
M;Elon
M;Ismail
M;Paolo
M;Abdallah
F;Alixe
M;Ismaël
F;Sara
F;Coumba
M;Mendel
M;Rodolphe
M;Selyan
M;Constantin
M;Yohan
M;Giovanni
M;Thomas
M;Noah
F;Sakina
M;Léandre
F;Elly
F;Elina
F;Andréa
M;Éloi
M;Cheikh
M;Giovanni
F;Lucie
F;Madeleine
F;Romy
F;Ambre
M;Fabio
M;Hakim
M;Hippolyte
F;Liliane
M;Robert
F;Scarlett
M;Selim
F;Alba
F;Capucine
M;Jonas
F;Orlane
M;Alix
F;Djénéba
F;Éléa
F;Irina
F;Chaïma
F;Hana
M;Christopher
F;Katia
M;Ilian
M;Khalil
M;Diego
M;Hippolyte
F;Maylis
M;James
F;Laurine
F;Mayline
F;Sienna
F;Fatima-Zahra
F;Lena
F;Maïlys
M;Virgile
M;Yann
F;Alma
F;Anya
F;Emmanuella
F;Enora
M;Luke
F;Maria
M;Stéphane
F;Ciara
F;Lison
M;Vincent
M;Aimé
M;Fares
F;Fleur
M;Marius
M;Arthus
M;Charlie
F;Giulia
F;Ines
M;Ali
M;Dan
F;Fatima
M;Luka
M;Maxim
M;Flavio
M;Nazim
F;Rania
M;Valentino
F;Yaël
F;Anissa
F;Manon
F;Patricia
F;Pénélope
M;Boris
M;Arthur
F;Constance
F;Mya
M;Gaspard
F;Shayna
F;Rachel
M;Anatole
M;Youcef
M;Antony
F;Eugénie
F;Aurélia
F;Léane
F;Leïna
M;Romain
F;Chiara
M;Adil
M;Lior
F;Flore
M;Marco
F;Angèle
F;Sixtine
F;Maïwenn
F;Anaë
F;Domitille
M;Nael
M;Mamadou
F;Baya
F;Lyvia
F;Joan
F;Ayah
M;Térence
F;Célestine
M;Ugo
M;Adrien
F;Awa
F;Iris
M;Mahmoud
M;Ramy
F;Louisa
F;Paola
M;Harry
M;David
M;Farès
M;Terence
M;Camille
F;Lou-Ann
M;Thibault
M;Sylvain
M;Hamed
M;Côme
F;Katell
M;Rémi
M;Amaury
M;Youssouf
F;Amélia
M;André
M;Hector
F;Prune
M;Andrew
F;Gabrielle
M;Nahel
M;Roy
F;Aminata
F;Louna
F;Ruby
M;Virgile
M;Jean
F;Sana
F;Inayah
F;Marthe
F;Leyna
M;Aly
F;Eloïse
F;Lou-Ann
M;Wissem
M;Tony
M;Emile
F;Suzanne
F;Amani
M;Clément
M;Dany
F;Coralie
M;Issam
M;Matthias
F;Ysée
F;Milla
F;Olga
M;Angelo
F;Soumaya
F;Elyssa
F;Élia
F;Laure
M;Nathanaël
M;Hélie
M;Gustave
F;Imane
F;Amy
F;Léane
M;Filip
M;Quentin
M;Tom
M;Marcel
F;Ana
F;Daphnée
F;Kim
M;Gaspar
M;Anthony
M;Eliot
F;Florence
M;Nathanaël
F;Sidonie
M;Nathan
M;Adan
F;Ninon
M;Lirone
F;Enola
M;Farès
F;Fatim
M;Lazare
M;Swan
M;Jérémy
M;Marc
M;Ramy
F;Tesnim
F;Alicia
M;Johan
F;Lilou
M;Mahdi
F;Mariama
F;Mya
F;Nine
F;Elie
F;Naïa
F;Zoe
F;Aleksandra
F;France
F;Giuliana
M;Leon
F;Lilou
M;Amar
F;Andrea
M;Hadrien
M;Kassim
F;Léna
F;Oriane
F;Thaïs
M;Aristide
M;Ariel
M;Harouna
F;Lou
F;Naomi
M;Noah
M;Octave
F;Leana
F;Marine
M;Matisse
M;Mattéo
F;Anastasia
M;Cédric
M;Mohamed
F;Monique
F;Noor
F;Émilie
F;Marjane
F;Christine
F;Hanaé
F;Marylou
F;Nina
F;Ornella
F;Fleur
F;Grace
M;Lucien
F;Mahaut
M;Dominique
F;Oriane
M;Mickael
F;Lila
M;Noam
F;Eline
M;Alessandro
F;Izïa
M;Mohammad
F;Kamelia
M;Livio
M;Yassin
M;Lysandre
F;Élia
F;Éloïse
M;Hillel
F;Brune
F;Donia
M;Lino
M;Milo
M;Timéo
M;Yoann
F;Balkis
M;Elio
F;Julia
F;Hidaya
F;Emy
M;Daniel
M;Liron
M;Alan
M;Ali
M;Melvil
M;Idrissa
M;Jacob
F;Laly
M;Luis
F;Tal
M;Ange
M;Iyed
M;Augustin
M;Dorian
M;Maximilien
F;Nawel
M;Abdoul
F;Amina
M;Charles
M;Dario
F;Lili
F;Elvire
F;Alba
M;Aurélien
F;Aya
M;Lino
F;Marley
M;Neil
F;Ninon
F;Asma
M;Aymeric
F;Flora
F;Perla
F;Alexie
F;Junon
M;Yazid
M;Léopold
F;Elsa
F;Eloïse
F;Kayla
M;Naïm
F;Roxanne
F;Antonia
F;Mahault
F;Nada
M;Zakaria
F;Emilie
M;Sebastian
M;Archibald
M;Julien
F;Naya
M;Owen
F;Hava
M;Ousmane
F;Eléanore
M;Elouan
F;Milla
F;Samia
F;Soline
M;Henri
F;Bianca
F;Safiatou
F;Alma
F;Luna
F;Jenna
F;Imane
F;Cyrielle
F;Chelsea
F;Sara
M;Niels
F;Andrea
F;Melissa
M;Eliel
M;Omar
M;Asaël
M;Hugo
F;Clara
M;Hector
M;Gaël
F;Mayssa
M;Leon
M;Charlie
F;Nina
F;Ela
F;Habiba
M;Joseph
M;Lucien
F;Alycia
F;Andréa
F;Claudia
F;Ethel
F;Olga
M;Aliou
M;Alphonse
M;Arsène
F;Gaïa
F;Maxime
M;Yazid
F;Émie
M;Fahd
F;Rim
M;Tidiane
F;Clélia
F;Leonor
M;Terence
F;Jude
F;Maylis
F;Anaïs
F;Ellie
F;Mina
F;Scarlett
M;Timothé
M;Yahya
M;Ilian
M;Melvin
M;Ron
F;Sana
M;Kaïs
M;Ronan
M;Simon
F;Audrey
M;Clovis
F;Emmanuelle
M;Henry
M;Andrea
M;Soan
F;Aylin
F;Amélie
M;Miguel
M;Yanni
M;Matis
M;Souleymane
F;Violette
F;Lina
F;Fanta
M;Alexis
F;Maya
F;Camelia
M;Leonard
F;Paola
M;Matisse
F;Ayline
M;Gael
M;Lior
F;Zaynab
M;Salvador
F;Éléanore
M;Joseph
M;Lou
F;Rania
M;Léo
M;Kyan
M;Ari
M;Artus
F;Célia
M;Mahé
F;Naya
M;Hamza
M;Tom
F;Ania
M;Dylan
M;Enguerrand
M;Jérémy
M;Killian
F;Mélanie
M;Andrea
F;Emmanuelle
M;Hassan
M;Oskar
F;Chiara
F;Clotilde
M;Max
M;Nassim
F;Rosa
F;Aïcha
M;Alan
F;Eva
M;Michaël
F;Hawa
M;Vincent
F;Yuna
F;Cécile
M;Cyprien
F;Hélène
F;Hermione
M;Ilyas
F;Pia
F;Anastasia
M;Alan
M;Ibrahim
M;Iyad
M;Armel
F;Colette
M;Khalil
M;Marcus
F;Meriem
F;Olga
M;Achille
F;Anaelle
M;Arthur
F;Maïssa
F;Naëlle
F;Awa
F;Hadja
F;Hajar
F;Lili
M;Salman
F;Augustine
F;Aya
F;Keren
F;Khadidja
M;Nour
F;Anaé
F;Baya
M;Julian
M;Gaspar
M;Raoul
M;Solal
F;Albane
M;Evan
F;Thelma
M;Julian
M;Ewen
F;Mara
F;Arielle
F;Eleanor
M;Wael
F;Zayneb
M;Leo
F;Maé
M;Moustapha
F;Nelya
M;Noham
F;Jade
M;Lyam
M;Maël
F;Maëlyne
M;Marius
F;Elise
F;Carla
F;Molly
M;Aaron
F;Agathe
F;Ninon
F;Léone
M;Adrien
M;Yassine
M;Lino
F;Mélissa
M;Selyan
F;Samira
F;Nine
F;Sophie
M;Théophile
F;Arianna
M;Aurèle
M;Virgile
M;Amine
M;Arié
F;Emma
F;Maïwenn
M;Nael
M;Haroun
F;Isabelle
F;Linoy
F;Matilda
F;Sherine
M;Alphonse
M;Nabil
F;Ines
F;Safa
M;Adrian
F;Athénaïs
F;Faustine
M;Danny
F;Kaïna
M;Raphaël
M;Patrick
M;Salim
F;Victoria
M;Adem
F;Kelly
F;Maud
M;Sekou
F;Alma
F;Capucine
M;Mohammed
M;Tao
F;Céleste
F;Domitille
F;Erika
M;Esteban
F;Mathilde
F;Mélodie
F;Zeyneb
F;Myriam
M;Arié
F;Yasmina
F;Jannah
F;Amaya
M;Tao
M;Orphée
M;Moustapha
M;Giulio
M;Paulin
M;Stanislas
M;Amine
F;Roxanne
F;Cassandre
F;Daria
M;Yazan
F;Amelia
M;Ilan
M;Karim
F;Penda
M;Zachary
F;Zoë
F;Dounia
M;Jawad
F;Perla
F;Cassidy
M;Charly
M;Pascal
F;Ilana
M;Tobias
M;Noham
M;Tristan
M;Wesley
F;Hiba
F;Assa
M;Ayman
F;Maxime
F;Florence
F;Tal
M;Aly
F;Diana
F;Elora
F;Tara
M;Alfred
F;Jessica
M;Johan
F;Lital
M;Nahel
F;Malek
F;Louna
M;Stanislas
F;Naomie
M;Zakarya
M;Diego
M;Yoann
F;Khadidja
F;Lydia
M;Maxime
M;Calvin
F;Emmy
M;Josh
M;Léon
F;Maëlle
F;Paloma
F;Hortense
F;Kady
F;Maïa
F;Marion
F;Pétronille
M;Nour
F;Oliwia
M;Ulysse
M;Achille
M;Colin
F;Mélinda
F;Naya
F;Lili
M;Louka
M;Mehdi
M;Oumar
F;Déborah
F;Emily
F;Ivy
F;Aïssatou
M;Loïc
M;Matteo
F;Noura
M;Ramy
F;Lucy
M;Angelo
F;Gaia
M;Anis
F;Aurore
M;Giovanni
F;Lehna
F;Mariem
M;Marvin
F;Noor
F;Héloïse
F;Irène
F;Lital
F;Carla
F;Mathilda
M;Lino
M;Luka
M;Milhan
F;Rebecca
M;Ryad
F;Soumaya
M;Antoine
F;Assia
F;Ilyana
F;Éline
M;Henry
F;Anaya
F;Mila
F;Fatoumata
F;Isaure
M;Ambroise
M;Ilay
M;Carl
M;Nour
M;Mody
M;Michel
M;Julien
F;Liza
M;Matthéo
M;Rodrigue
F;Aïcha
F;Ariane
F;Emeline
F;Kim
M;Laurent
F;Maé
M;Siméon
M;Thibaut
M;Auguste
F;Binta
F;Julia
M;Loan
M;Yoël
M;Aydan
F;Kadidiatou
F;Kenza
F;Méline
M;Elie
F;Ema
M;Adama
F;Hanna
M;Jacques
M;Moussa
F;Nisrine
M;Nolan
F;Sana
M;Siméon
F;Stella
M;Marin
M;Eliakim
F;Ela
F;Morgan
M;Zacharia
F;Adélie
F;Rivka
F;Sixtine
M;Eyal
M;Mohammed
M;Siméon
M;Yanis
M;Boubacar
F;Kheira
M;Mohammad
F;Jessica
M;Thiago
F;Alissa
F;Emily
M;Nathaël
F;Noémie
F;Rébecca
M;Robin
F;Selma
M;Gary
F;Manelle
F;Valentina
F;Aisha
M;Hussein
F;Joanne
M;Gaël
F;Izia
M;Albert
F;Morgane
M;Louis
F;Assia
F;Augustine
M;Éloi
M;Hillel
F;Cléophée
M;Célian
F;Imène
F;Joëlle
F;Karolina
M;Pierre
F;Emma
F;Hadja
M;Oumar
M;Adel
M;Kyllian
M;Alexis
M;Gustave
F;Héléna
M;Ilan
F;Isabelle
M;Jacob
F;Prune
F;Yara
F;Aliyah
F;Mila
F;Athéna
F;Charlie
M;Élias
M;Louison
M;Oliver
M;André
M;Emilien
M;Skander
M;Ferdinand
M;John
M;Niels
M;Philémon
M;James
M;Kenzo
M;Lewis
F;Marguerite
F;Solveig
F;Amy
M;Camille
F;Charlotte
F;Joy
F;Maria
F;Assa
F;Ethel
M;Henri
M;Jamil
M;Adem
M;Aloïs
M;Edgar
M;Etienne
F;Haby
F;Tania
M;Théodore
M;Adrian
F;Perle
M;Artus
F;Erin
F;Astrid
M;Jérémy
M;Mady
F;Alexandra
F;Mariana
F;Blandine
F;Flore
F;Gabrielle
M;Juan
F;Justine
F;Sacha
F;Fatim
M;Jayan
M;Dylan
M;Noé
F;Ora
F;Abigaïl
M;Alex
M;Karamba
F;Lyse
F;Eléa
F;Sana
M;Pacôme
M;Fadi
F;Juliette
F;Lucille
M;Maxence
M;Nikola
M;Rafaël
F;Talya
M;Driss
M;Elias
M;Ilyes
F;Layla
F;Mariame
F;Mona
F;Sabrina
F;Allya
M;Côme
F;Lahna
M;Noham
F;Emna
M;Marc
F;Aïda
F;Anne
F;Céline
F;Eliana
M;Yassin
M;Adam
F;Ana
M;Andrei
F;Grace
M;Neil
M;Raphaël
M;Yanni
M;Yusuf
F;Maïa
F;Anaëlle
F;Émilie
M;Hubert
M;Menahem
M;Viktor
F;Zahra
F;Ema
M;Nino
F;Talia
F;Ana
M;Antony
F;Gabriella
M;Karim
F;Meïssa
F;Nesrine
M;Yassine
F;Daphné
F;Eva
M;Idriss
F;Ilona
F;Leyna
F;Aaliyah
M;Balthazar
F;Baya
M;Kenzi
M;Mamadou
F;Aïsha
F;Billie
M;Cyril
F;Elina
F;Sylvia
M;Zacharie
F;Lucia
M;Mahamadou
M;Maximilien
M;Nelson
M;Patrick
F;Sadio
M;Harouna
F;Goundo
F;Philomène
M;Issam
F;Celia
F;Mahaut
F;Marie
F;Sacha
M;Aly
F;Isaure
F;Maïwenn
M;Marcus
M;Moussa
M;Mayeul
M;Ilyes
M;Yoël
F;Ema
M;Hedi
M;Abraham
M;Aurel
F;Léna
M;Oussama
F;Angela
F;Emilia
M;Quentin
M;Tidiane
F;Alya
F;Laetitia
F;Lina
M;Luc
F;Nabintou
M;Elias
F;Oumou
M;Mahdi
M;Matthias
F;Pia
F;Hortense
F;Elise
M;Camil
M;Saïd
M;Rahim
F;Khadidja
M;Cyrus
M;Hélie
F;Lana
M;Mathias
M;Matthew
M;Hillel
M;Tom
F;Soumaya
F;Tina
F;Colombe
M;Corentin
M;Gael
F;Hajar
M;Winner
F;Bella
M;Elie
F;Madeleine
M;Zakary
F;Aaliyah
F;Colette
M;Enzo
M;Hedi
M;Malo
F;Maxime
F;Nélia
F;Neyla
F;Aminata
M;Ayman
F;Éloïse
F;Emilie
M;Kiyan
F;Maïwenn
M;Elliot
F;Estelle
M;Omar
F;Sasha
M;Timothé
M;Archibald
M;Fadi
M;Mateo
F;Alyah
M;Marcello
F;Nourane
M;Wael
M;Mark
M;Nassim
F;Victoire
F;Mona
F;Brune
F;Luna
M;Warren
F;Bianca
M;Cameron
F;Énora
M;Joachim
M;Ianis
F;Isabelle
F;Lise
F;Solène
M;Xavier
F;Adama
M;Baptiste
F;Éléa
F;Maïwenn
M;Adame
F;Alison
F;Farah
M;Grégory
M;Vadim
F;Djénéba
M;Louison
M;Matthieu
M;Jérémie
M;Josh
M;Isaac
M;Loup
F;Clémence
M;Jean-Baptiste
M;Kenzi
M;Kim
F;Olympe
F;Roxane
F;Johanna
M;Pablo
F;Amina
F;Amy
M;Mady
M;Elyo
M;Gaston
F;Cléo
F;Ysé
F;Esmée
F;Laurène
M;Rafaël
M;Sélim
F;Capucine
M;Dylan
M;Antoine
F;Tiphaine
M;Ibrahim
M;Liam
M;Aurélien
F;Margaux
M;Marius
M;Elouan
M;Selyan
F;Hawa
M;Sasha
M;Esteban
M;Ambroise
F;Blanche
M;Célestin
F;Emmanuella
F;Julia
F;Lou-Anne
F;Aimée
M;Naïm
M;Zachary
M;Waël
M;Cheick
M;Ernest
F;Mélanie
M;Ewen
M;Moïse
M;Ismaïl
M;David
M;Lazare
M;Yann
M;Yannis
F;Camila
M;Elouan
M;Élias
M;Ilyan
M;Eugène
M;Mike
F;Lilas
M;Sofiane
M;Lirone
M;Victor
F;Safia
M;Constantin
F;Assa
F;Emna
F;Dana
F;Nelly
F;Hidaya
F;Tsipora
M;Moussa
M;Anas
F;Oona
F;Ambre
M;Simon
M;Emil
M;Tao
M;John
M;Albert
F;Linda
M;Amara
F;Tanina
M;Augustin
M;Yohan
F;Christine
F;Aimée
M;Édouard
F;Anaïs
M;Seydou
M;Aurèle
F;Justine
F;Maïa
F;Manon
F;Neyla
M;Sam
M;Lucien
M;Taha
M;Jad
F;Antonia
F;Farah
F;Gabriela
F;Sixtine
M;Tim
F;Margaux
M;Sam
F;Tenzin
F;Freya
F;Kadidia
M;Fares
M;Noam
M;Ismaël
F;Ethel
F;Caroline
F;Noura
M;Amir
F;Anaïs
M;Anis
M;Célestin
M;Eliott
F;Fleur
F;Laureen
F;Sanaa
M;Carl
M;Maximilien
M;Tristan
M;Anselme
F;Helena
M;Jonas
M;Yacouba
F;Coumba
F;Irina
F;Janna
M;Mahé
F;Charlie
M;Ferdinand
M;Kévin
M;Mario
M;Augustin
M;Naïm
M;Aksel
F;Ayla
M;Tiago
M;Luis
F;Eva
M;Lenny
M;Karl
F;Binta
F;Esther
M;Diego
F;Judith
M;Tidiane
M;Anes
F;Mayline
M;Lancelot
F;Shirel
M;Alexander
F;Eloïse
M;Ewan
M;Khalil
F;Noémie
M;Wassim
M;Bilal
F;Céline
M;Charlie
F;Farah
F;Lily
M;Malek
F;Dounia
F;Emma
F;Marthe
F;Mélie
F;Swann
F;Lucy
F;Luna
F;Tali
M;Timothée
M;Aurèle
F;Lucille
M;Maximilien
F;Paola
M;Valérian
F;Ambre
F;Avital
F;Elena
F;Nélia
F;Noor
M;Olivier
M;Kylian
M;Leo
F;Ombeline
F;Paloma
F;Amélie
M;Aydan
M;Muhammad
M;Malone
F;Isra
M;Matisse
M;Thibault
M;Mattia
F;Pauline
F;Shayna
F;Chiara
F;Quitterie
F;Alyssa
M;Yossef
F;Mélodie
M;Aymeric
M;Gaspar
F;Lena
F;Marthe
M;Mohammad
M;Stan
M;Adem
F;Alba
M;Richard
F;Adama
F;Alexia
F;Khadidja
F;Luna
M;Balthazar
M;Amaury
F;Maxime
F;Gabriela
M;Mouhamadou
F;Ava
M;Bryan
M;Esteban
F;April
F;Axelle
M;Ayoub
M;Erwan
M;Jules
F;Keira
F;Alissa
M;Armel
F;Jasmine
F;Maram
M;Marcel
M;Ron
M;Eliot
M;Mouhamed
M;Alex
M;Amir
M;Amin
M;Dylan
F;Jenna
M;Maxim
F;Ysé
F;Agnès
M;Marc
M;Gabin
F;Mahault
M;Hélios
M;Samba
F;Philomène
M;Ismail
M;Sam
M;Armand
M;Edgar
M;Youcef
F;Carla
M;Ahmad
M;Ishak
F;Claudia
M;Gustave
F;Talia
F;Namizata
M;Amadou
F;Clarisse
F;Ness
F;Rose
F;Agnès
F;Bluma
F;Clémence
F;Inaya
F;Naelle
F;Assya
F;June
M;Waël
M;Amara
F;Jenna
M;Lior
M;Aboubacar
F;Isée
F;Rachel
F;Rokia
M;Olivier
F;Marion
F;Éloïse
F;Sana
F;Camila
F;Ramata
M;Jessim
F;Maeva
M;Pietro
F;Sherine
F;Adriana
M;Camil
M;Charlie
F;Daphné
F;Marina
M;Valentin
M;Ilian
F;Agnès
F;Kady
M;Ivan
M;Evan
F;Dina
F;Prune
F;Asma
F;Saran
M;Theodore
M;Ruben
M;Enguerrand
F;Gaëlle
M;Léonard
F;Marianne
F;Sarra
M;Sean
M;Johan
M;Joshua
M;Matteo
F;Perle
M;Samba
M;Warren
F;Alicia
M;Arto
F;Diane
F;Khadija
F;Maxine
F;Mina
F;Nathalie
M;Sofian
M;Amir
M;Cédric
F;Diaba
F;Line
M;Paco
F;Agnès
F;Fatma
M;Mahamadou
M;Andy
M;Hedi
F;Isis
F;Sofia
F;France
F;Imany
M;Fares
M;Ahmad
F;Stella
F;Lehna
M;Muhammed
M;Ali
F;Célestine
M;Maël
F;Maïna
F;Marina
M;Azad
M;Basile
M;Charles
M;Louka
F;Mayane
M;Youssef
M;Colin
M;Éliott
M;Orso
M;Paulin
F;Aurore
F;Cassandra
F;Coline
F;Fatimata
M;Leon
M;Lou
F;Diane
M;Edmond
M;Logan
F;Mira
M;Swann
M;Johann
M;Marcus
F;Nora
M;Rafael
M;Adem
M;Aimé
M;Hamed
M;Ishak
F;Joanne
F;Deborah
M;El
M;Jules
F;Marina
F;Rokia
F;Eya
F;Lamia
M;Mathias
M;Neil
M;Abdoul
M;Youssef
M;Élie
M;Yassine
F;Assa
F;April
F;Zelda
M;Ilyes
F;Faustine
F;Lilas
F;Sakina
M;Wissem
M;Joey
M;John
M;Lucas
F;Shana
M;Simon
F;Arielle
M;Esteban
F;Lana
F;Léonore
F;Léopoldine
M;Naël
M;Nahil
M;Ismael
F;Jacqueline
F;Alya
F;Halima
F;Syrine
F;Anne-Laure
F;Faustine
M;Redouane
M;Shaï
F;Léopoldine
M;Miguel
F;Malaïka
F;Alyah
M;Ayoub
M;Ishaq
M;Angelo
M;Aurel
M;Mahdi
F;Catherine
F;Inès
F;Maryam
F;Andrea
M;Vasco
M;Marlon
M;Rayane
F;Liv
F;Mahaut
F;Zélie
M;Dan
F;Leïla
M;Boris
M;Noam
M;Lorenzo
M;Théodore
F;Shérine
F;Céleste
F;Mahault
F;Joyce
M;Eliakim
F;Diana
F;Elynn
F;Cléa
F;Clémence
M;David
F;June
F;Lana
F;Manel
F;Naïma
F;Ambrine
M;Aymane
F;Mélodie
M;Michel
F;Mounia
M;Charly
F;Lilly
M;Lubin
F;Stéphanie
M;Alex
M;Alexandre
M;Ali
F;Céleste
F;Inaya
M;Joris
F;Sira
F;Annaëlle
M;Florian
M;Sofiane
F;Ellie
F;Louna
F;Sophia
M;Baba
F;Garance
F;Tiphaine
M;Keziah
M;Safwane
M;Kévin
F;Mélanie
M;Cyril
M;Imrane
M;Issa
M;Junior
F;Lilly
F;Maïmouna
M;Elyas
M;Jonathan
F;June
M;Raoul
M;Adam
F;Mayar
M;Morgan
M;Nathanaël
M;Nolan
F;Taïna
F;Félicie
M;Idir
M;Imad
F;Léonie
F;Mélisande
M;Rafaël
M;Robin
F;Sabrina
M;Tony
M;Christian
F;Fatimata
F;Louison
F;Matilde
F;Talya
F;Adélaïde
M;Charles
M;Jad
F;Lya
F;Yasmine
M;Edouard
M;Gabriele
M;Nathaniel
F;Selma
M;Siméon
F;Sophia
F;Yaël
M;Camil
F;Daniela
F;Louane
F;Nelya
M;Octave
M;Robin
M;Andrea
M;Arsène
F;Matilda
F;Farah
M;Basile
F;Delphine
M;Xavier
M;Ali
M;Anthony
M;Chris
M;Mathys
F;Matilde
M;Oskar
M;Amara
M;Ilias
M;Darius
F;Philippa
M;Eliam
F;Layan
M;Mazen
F;Alice
M;Henry
M;Issam
M;Elyas
M;El
F;Liyah
M;Cheikh
F;Esma
F;Catherine
F;Grace
M;Evann
F;Iris
F;Maeva
F;Ayem
M;Daouda
M;Gauthier
M;Jacques
F;Mélodie
F;Seynabou
F;Anna
F;Héléna
M;Karim
F;Lucy
M;Mattia
M;Anass
F;Assil
M;Maxime
M;Yacine
M;Yaya
F;Esther
M;Gaspar
M;Hélie
F;Hella
M;Jacob
M;Younouss
F;Emmy
M;Leny
F;Linda
M;Warren
F;Ema
F;Liya
M;Livio
M;Marin
M;Logan
M;Amine
F;Liora
F;Asma
F;Sophia
M;Camil
F;Amira
M;Thiago
F;Eliza
M;Elian
F;Ayleen
F;Keren
F;Maëlys
M;Dario
F;Lilou
F;Amaya
F;Maimouna
F;Feriel
F;Helena
F;Manuela
M;Marcel
F;Prisca
M;Christian
F;Emilie
F;Rahma
M;Hélie
M;Manil
F;Sacha
F;Julie
M;Nathaniel
F;Rachel
F;Samantha
F;Sibylle
F;Haby
F;Nahla
M;Pablo
F;Talia
M;Antonio
M;Eliakim
M;Eric
F;Fanny
M;Marcus
F;Juliette
M;Côme
M;Mehdi
M;Hassan
F;Bertille
F;Eliette
M;Ilan
F;Judith
F;Marjane
M;Amaury
F;Manel
M;Anton
M;Benoît
F;Maëlle
F;Monica
F;Pénélope
F;Colombe
M;Ethan
M;Florian
M;Arié
F;Barbara
M;Bilal
M;Djibril
F;Eloïse
F;Ilyana
F;Marwa
M;Mohammad
M;Pierre
F;Salomé
F;Alicia
F;Niouma
M;Tancrède
F;Angélina
M;Arsène
M;Gaël
F;Estelle
M;Kassim
F;Armance
M;Noah
M;Youssef
M;Stanislas
M;Fares
F;Janelle
F;Maram
M;Solal
M;Marwane
F;Joyce
F;Maëva
M;Melchior
M;Joachim
M;Skander
F;Suzanne
F;Thaïs
F;Goundo
M;Kiyan
F;Livia
M;Mylan
M;Saad
F;Sybille
M;Tom
F;Ève
F;Rim
F;Sarah
M;Kilian
M;Sam
M;Samba
M;Stéphane
F;Élise
M;Erwann
M;Farès
F;Léna
F;Coline
M;Dany
F;Jihane
F;Malia
F;Chaïma
F;Imène
M;Aboubacar
F;Lison
M;Marko
F;Mélissa
F;Serena
F;Annaëlle
F;Brune
M;Émile
M;Victor
M;Assad
F;Eva
F;Yuna
M;Saad
M;Michel
F;Mélia
F;Augustine
M;Emile
M;Julien
M;Nassim
M;Marvyn
M;Fabien
F;Fatoumata
F;Milla
F;Amel
F;Anouck
M;Dov
M;Antony
F;Cassandra
F;Constance
F;Dounia
F;Thalie
F;Inès
F;Iona
F;Léane
F;Eléna
F;Coline
M;Aylan
F;Elisa
M;Kelyan
M;Timéo
F;Lisa
F;Clémence
M;Ben
M;Elouan
F;Hadja
F;Malena
M;Yannis
M;Emilio
M;Federico
M;Niels
M;Pharell
M;Sébastien
F;Selena
F;Angela
M;Bakary
M;Loan
M;Camille
F;Elyssa
M;Hippolyte
F;Binta
F;Haby
M;Sebastian
F;Soumaya
F;Swann
F;Délya
F;Dieynaba
M;Malick
F;Myla
F;Rose
F;Fatima
M;Julien
F;Solène
M;Vasco
F;Camille
M;Loïc
M;Wael
F;Malika
F;Angélique
F;Haya
M;Mathéo
M;Emil
F;Héloïse
M;Marko
M;Naïm
F;Tamara
F;Thalia
F;Candice
M;César
F;Yasmine
M;Waël
M;Tenzin
M;Youri
F;Rim
F;Charlotte
M;Issa
M;Hadrien
F;Djamila
F;Emily
M;Fabien
F;Lyne
F;Evy
F;Irina
M;Ivan
F;Mélanie
M;Edward
F;Hélèna
M;Matthieu
F;Mellina
F;Nora
F;Ayline
M;Diego
F;Leyna
F;Romane
M;Clovis
F;Orlane
F;Viviane
M;Dante
F;Amélie
F;Éva
F;Maya
F;Sybille
M;Anthony
M;Eliot
F;Hélène
M;Ibrahima
M;Matys
M;Saad
M;Stanley
F;Amélie
F;Amina
F;Binta
F;Arya
M;Niels
F;Mélissa
M;Tao
F;Paloma
M;Franklin
M;Saül
M;Ariel
F;Clara
F;Sana
F;Maxine
M;Theo
M;Ladji
F;Bianca
M;Adel
F;Amandine
F;Anne-Lise
M;Sékou
F;Malak
M;Noé
M;Malik
F;Armance
F;Emily
F;Leonor
F;Loane
F;Marine
M;Philippe
M;Youcef
F;Asma
F;Awa
F;Séléna
M;Yanis
M;Ilan
F;Joana
F;Prune
M;Rayan
M;Corentin
M;Léo
M;Mamadou
M;Terence
M;Livio
F;Malia
M;Stan
F;Awa
F;Barbara
F;Aylin
F;Juliette
F;Louise
F;Nayla
M;Christopher
F;Sofia
F;Ikram
M;Ilhan
F;Ludivine
F;Tina
M;Ilyès
M;Matias
F;Emmanuelle
M;Giulio
M;Jason
M;Joan
F;Léonor
F;Mona
F;Eulalie
F;Maïmouna
F;Ombeline
M;Alpha
M;Andrew
F;Bérénice
F;Elina
F;Elyne
F;Lia
F;Lisa
F;Kendra
F;Matilde
F;Agathe
M;Joaquim
F;Léopoldine
F;Isée
F;Hélène
M;Youri
M;Nizar
M;Olivier
F;Inna
F;Johanna
F;Kayla
F;Léonie
M;Issa
M;Merlin
M;Aboubakar
M;Benjamin
M;Carl
F;Élise
F;Hortense
M;Muhammed
M;Noam
F;Nora
F;Sokhna
M;Grégoire
M;Kilian
M;Aymane
F;Baya
F;Eléa
M;Emile
M;Emmanuel
F;Esmée
M;Sandro
F;Sasha
M;Andrés
F;Axelle
F;Azélie
F;Coline
M;Éden
M;Hamza
M;Neil
M;Sasha
M;Thierno
M;Hayden
F;Chiara
M;Ivan
F;Fanta
F;Mariama
F;Rokia
F;Golda
F;Mahault
F;Rosa
F;Shirel
F;Sia
F;Catherine
F;Chiara
F;Fatou
F;Maimouna
M;Maksim
M;Michel
F;Selma
M;Amir
F;Eléanore
F;Firdaws
M;Ilyes
F;Laura
M;Mathéo
F;Laura
F;Azélie
F;Béryl
M;Achille
F;Lyna
F;Flore
M;Kevin
M;Mahamadou
M;Ilyane
M;Joaquim
M;Ayan
F;Livia
F;Maxime
F;Soline
M;Alessio
M;Camil
M;Hayden
M;Stanislas
M;Elliot
F;Lucy
F;Madeleine
M;Edgar
M;Hugo
F;Tasnime
F;Joséphine
F;Maeva
F;Violette
M;Bakary
F;Syrine
M;Adil
F;Anissa
F;Amalia
M;Célestin
F;Mélanie
F;Suzanne
F;Alma
M;Joseph
M;Zacharie
M;Archibald
M;Kiyan
F;Ella
M;Naïm
F;Djenna
F;Serena
F;Tal
M;Paul
F;Ella
F;Zoé
M;Aylan
F;Judith
F;Maé
F;Bonnie
F;Félicie
F;Ramatoulaye
M;Émile
F;Anastasia
F;Bérénice
F;Antonia
F;Maëlya
M;Matthias
F;Lune
F;Assia
M;Carl
M;Cyril
M;Ayoub
M;Carl
M;Johan
F;Loane
F;Ilana
F;Léane
M;Loris
F;Marina
F;Daphné
F;Lisa
F;Amandine
M;Safwane
M;Tancrède
M;William
M;Johann
F;Olivia
F;Orlane
F;Sabrine
M;Sadio
M;Virgile
M;Aksel
M;Alessandro
F;Auriane
F;Hind
F;Irène
F;Joséphine
M;Sohan
F;Alissa
F;Ava
M;Bogdan
F;Francesca
F;Hind
F;Hortense
M;Mehdi
F;Rosa
F;Sally
F;Assia
M;Clarence
M;Cyril
F;Georgia
M;Luc
F;Tessa
M;Anis
F;Ève
F;Aïssata
M;Emil
M;Eliott
F;Camélia
M;Harry
F;Ada
M;Tyler
F;Iris
M;Mahdi
F;Assil
F;Élina
F;Asmaa
F;Orlane
M;Thomas
M;Matteo
M;Ilyas
M;Livio
F;Adélaïde
F;Aria
M;Arthus
M;Demba
M;Ismael
M;Yoan
M;Youssef
F;Zoé
F;Colette
F;Kassandra
M;Louison
M;Moussa
F;Sofia
F;Farah
M;Honoré
M;Josué
M;Loïs
M;Nawfel
F;Pia
M;Thierry
F;Domitille
F;Mariam
F;Albane
M;Marlon
F;Naëlle
F;Angélina
M;Éliot
M;Guillaume
M;Arthur
F;Augustine
F;Aurore
M;Aharon
M;Gustave
F;Imane
F;Mellina
F;Milla
M;Dan
F;Elyne
M;Ilyane
M;Karl
M;Miguel
F;Noha
M;Yossef
M;Denis
F;Lily
F;Capucine
F;Valentina
M;Tenzin
M;Elias
M;André
F;Fiona
F;Gabriella
F;Mariam
M;Ismaël
M;Antony
F;Chayma
F;Fériel
M;Gustave
F;Lya
M;Thibaud
F;Clémentine
F;Gloria
F;Lital
M;Anaël
F;Cléophée
F;Eleanor
M;Iyed
M;Jean-Baptiste
M;Kylian
M;Mael
M;Rayan
M;Bakary
M;Kamil
M;Mathys
M;Balthazar
M;Théophile
F;Talya
M;Waël
M;Aïdan
M;Basile
F;Darine
M;Iyed
F;Tamara
M;Valentino
F;Enora
F;Halima
F;Sasha
F;Victoire
F;Albane
F;Éléonore
F;Émilie
F;Emna
F;Hana
F;Olympe
M;Aïdan
M;Gaston
M;Harry
M;Jérémy
M;Lohan
M;Mehdi
F;Cléophée
M;Ethan
F;Margot
M;Édouard
M;Elio
M;Gaspar
M;Guillaume
F;June
F;Laura
F;Lou
M;Youcef
M;Théo
M;Clément
M;Joachim
F;Maïssa
M;Thiago
F;Joy
F;Leya
F;Salma
F;Alicia
F;Safiya
M;Naïl
F;Sacha
F;Thalia
M;Adel
M;Cheick
F;Maéva
M;Malik
F;Olga
M;Abdallah
M;Gaël
F;Sarah
F;Serena
M;Amaël
M;Florent
M;Yann
F;Aylin
F;Amina
M;Anatole
F;Saskia
F;Ellie
F;Tara
F;Valentina
F;Niya
M;Nour
M;Kaïs
F;Sophie
F;Lilou
M;Adam
F;Élise
M;Youssouf
F;Tessa
M;Suleyman
F;Intissar
M;Dan
M;Yunus
F;Azel
F;Alma
M;Oumar
F;Janna
M;Naor
M;Elias
M;Anis
F;Rahma
M;Romeo
F;Tess
M;Anis
M;Aly
F;Eliana
F;Anna
F;Claire
M;Franck
M;Max
F;Meryem
F;Elia
M;Owen
M;Zachary
F;Assiya
F;Florence
M;Jack
M;Julian
F;Faustine
F;Selena
M;André
F;Mia
M;Aimé
F;Maimouna
M;Boubou
F;Chirine
F;Éloïse
F;Sandra
M;Yaron
F;Maëlle
F;Noha
M;Auguste
F;Inés
F;Léonore
M;Naïl
F;Ornella
M;Vadim
M;Jonah
M;Loris
M;Marius
M;Sofiane
M;Yvan
M;Kenzi
F;Matilda
F;Méline
F;Amelia
F;Aude
M;Aviel
F;Charlie
F;Ève
M;Foucauld
F;Katia
F;Isabelle
F;Keren
M;Macéo
F;Mélia
F;Nesrine
M;Valère
F;Alma
F;Margo
F;Alba
M;Imran
F;Ellie
F;Tasnim
F;Léa
M;Ivan
F;Marwa
F;Meriem
M;Vincent
M;Rafael
F;Leïla
M;Zachary
M;Joël
M;Melvyn
F;Tiffany
M;Ahmed
M;Léopold
M;Nassim
F;Soraya
M;Diego
F;Maelys
F;Ombeline
M;William
M;Antonin
F;Noor
M;Wael
F;Chaïma
M;Ewan
F;Lamia
F;Meriem
M;Roman
M;Evan
F;Jana
F;Rosalie
M;Adem
M;Enzo
M;Matisse
F;Mayline
M;Thaddée
M;Yacoub
M;Marius
M;Ibrahima
M;Elliott
F;Rania
F;Aminata
M;Bafodé
M;David
F;Maelys
F;Dune
F;Hawa
M;Mouhamed
F;Safia
F;Zayneb
F;Morgane
M;Sidi
M;Victor
F;Aïsha
M;Dan
F;Fanta
F;Anouk
M;Stanislas
F;Houda
M;Hubert
F;Sidonie
M;Tristan
M;Rémy
M;Fares
F;Taïna
F;Hatouma
M;Oren
M;Rayane
M;Yazid
M;Yohann
F;Lyne
M;Ulysse
M;Youcef
M;Balthazar
F;Hortense
F;Cécilia
M;Côme
F;Naomi
F;Avril
F;Cyrine
F;Ines
F;Paula
M;Tyler
F;Zita
F;Naava
M;Edouard
F;Noor
F;Mina
M;Lubin
M;Nahel
F;Elodie
F;Andrea
F;Lara
M;Luis
M;Milan
M;Abraham
F;Alissa
F;Melody
F;Shannon
F;Nicole
M;Abdoul
F;Gaia
F;Aurore
F;Dora
F;Lydia
M;Gabin
F;Aliénor
F;Blanche
M;Ismael
M;Maxime
F;Clara
M;Nathanaël
F;Lia
F;Alyssa
M;Eli
M;Yahia
F;Jannah
M;Mathias
M;Aliocha
M;Lucien
F;Philippine
F;Maud
M;Léopold
M;Mouhammad
F;Selena
M;Mohammed
M;Uriel
F;Malak
M;Aharon
M;Yann
F;Eléna
M;Swan
M;Siméon
F;Emma
M;Dorian
M;Gad
F;Alayna
M;Ryan
M;Mathias
F;Lyana
M;David
M;James
M;Nino
M;Swann
M;Yassine
F;Marta
F;Djeneba
F;Myra
F;Zélie
M;Kamil
M;Khalil
M;Kenzo
F;Sélène
F;Maïssane
M;Mayeul
F;Aïssatou
F;Elizabeth
F;Inayah
M;Matteo
F;Haby
M;Ghali
F;Nicole
M;Eyden
M;Nathanaël
F;Amélie
F;Bluma
M;Éden
M;Liham
F;Kadidiatou
M;El
F;Alice
M;Malik
M;Timothé
M;Ryad
F;Sarah
M;Soren
F;Layane
M;Alexandre
M;Mathieu
M;Anatole
M;Riyad
F;Celina
M;Kylian
F;Alizée
F;Maïssa
M;Sandro
F;Dina
M;Ibrahima
M;Lorenzo
F;Linda
F;Madeleine
F;Maëva
F;Arielle
M;Camil
M;Pacôme
M;Luca
M;Modibo
M;Evann
M;Hugo
M;Yacine
M;Darius
M;Esteban
F;Séphora
M;Anselme
F;Héloïse
M;Aristide
M;Idriss
M;Quentin
F;Siloé
F;Saskia
M;Rayane
M;Raoul
M;Sandro
F;Aissatou
M;William
M;Max
M;Loann
F;Anaëlle
F;Yara
M;Idrissa
F;Rosalie
F;Eliana
F;Camillia
F;Diana
M;Léandre
F;Anaël
M;Georges
M;Kylian
F;Lisa
M;Arthus
M;Basile
F;Kiara
M;Léo-Paul
F;Tali
M;Tidiane
F;Apolline
F;Binta
M;Sacha
F;Alizée
F;Angèle
M;Ernest
F;Caroline
F;Tenzin
F;Mariam
F;Abby
F;Asma
F;Émilie
M;Igor
F;Loïs
M;Naël
M;Théo
M;Ambroise
F;Maude
F;Philippine
F;Nola
M;Alfred
F;Gabriela
F;Tasnim
F;Éléonore
M;Eliot
M;Émile
F;Mahaut
F;Mila
F;Aline
M;Angelo
F;Olive
M;Gustave
M;Jude
F;Mia
M;Nicolas
M;Nikita
F;Perle
F;Aïda
F;Eloïse
M;Melchior
F;Tessa
F;Anna
F;Assia
F;Dania
F;Éléonore
M;Gaspard
F;Ramata
M;Arsène
F;Clotilde
F;Eline
F;Maylis
F;Maïmouna
F;Chaima
M;Élias
F;Luce
F;Paola
M;Youcef
M;Hector
F;Sarah
F;Théa
M;Henri
M;Ismael
F;Laëtitia
M;Leo
M;Lewis
F;Lucille
M;Marin
F;Vanessa
F;Alycia
F;Amanda
F;Aminata
F;Lilie
F;Lyana
F;Melissa
M;César
F;Christina
M;Côme
M;Solal
M;Gianni
M;Hakim
M;Ivan
F;Kelly
F;Mona
M;Théophane
F;Tania
F;Gloria
F;Justine
M;Nelson
F;Avital
F;Victoire
F;Djeneba
M;Cherif
M;Mathurin
M;Noham
M;Alexandre
F;Anne
F;Kayla
M;Emilio
F;Vittoria
M;Johan
F;Abby
F;Zeynab
M;Marius
M;Viktor
M;Rayane
M;Benjamin
F;Syrine
F;Elly
F;Jodie
M;Sean
M;Yani
M;Armand
M;Adriano
F;Esther
M;Lucien
F;Méline
F;Mira
F;Amelia
M;Elyan
M;Meyron
F;Romie
M;Dan
M;Ethann
M;Nelson
M;Prince
M;Zachary
F;Elizabeth
F;Mina
F;Océane
F;Zelda
F;Clémence
F;Fatimata
F;Leïna
M;Nadir
F;Nicole
M;Nils
M;Aboubacar
F;Adélaïde
M;Viktor
M;Allan
F;Amy
M;Anatole
M;George
F;Mariame
M;Sébastien
F;Solange
M;Younes
M;Cheick
F;Eléna
F;Jane
F;Zaynab
M;Arié
F;Emily
M;Leandro
F;Linda
F;Line
M;Ernest
F;Louise
M;Ethan
M;Elijah
F;Aleyna
F;Haya
F;Laya
M;Saul
M;Anton
M;Seydou
M;Salif
F;Amicie
M;Anatole
F;Elya
F;Joyce
M;Samuel
F;Bamby
F;Maïmouna
M;Ruben
F;Kadiatou
F;Tali
F;Abigail
M;Islem
M;James
F;Hafsa
F;Imany
M;Melchior
F;Elia
M;Armel
F;Maya
M;Marc
F;Léana
M;Baudouin
F;Elodie
F;Kim
F;Rosalie
F;Aïsha
M;Constant
M;Enguerrand
F;Israa
F;Lilia
M;Modibo
M;Ariel
M;Yassine
M;Aaron
F;Amel
M;Andrei
F;Blessing
F;Hanaé
M;Lamine
F;Lili
M;Mattia
F;Naomi
F;Nina
M;Anes
F;Nola
F;Dalya
F;Marianne
F;Elizabeth
M;Lazare
F;Maëlys
F;Maha
M;Lorenzo
M;Iyed
M;Andrew
F;Elora
F;Erine
M;Jonah
F;Julianne
F;Laure
F;Mahé
M;Walid
M;Aïdan
M;Aksel
M;Arnaud
F;Assia
M;Brandon
F;Cécile
F;Layla
F;Emma
M;Mathys
F;Maud
F;Nelly
M;Andreas
F;Khady
M;Robinson
M;Maxens
F;Philomène
M;Rami
M;Mahamadou
F;Kiara
F;Pénélope
M;Arsène
F;Héléna
F;Tahel
M;Sam
F;Haya
M;Thibaud
M;Iyad
F;Albane
M;Louka
F;Nine
M;Noam
M;Matthieu
F;Safiya
M;Mady
M;Yacouba
M;Léopold
F;Line
F;Liora
M;Selim
M;Vadim
M;Kenzi
F;Abigaël
M;Abderrahmane
F;Lylia
M;Henri
F;Yael
M;Emir
M;Arnaud
F;Assya
F;Ilyana
M;Ilian
F;Lena
M;Ryad
M;Elad
F;Hafsa
F;Ashley
F;Johanna
F;Miriam
F;Thaïs
M;Pierre
F;Charlotte
M;Roméo
F;Ayana
M;Ayoub
F;Norma
F;Dahlia
F;Eden
F;Laure
F;Sanaa
M;Esteban
M;Florian
M;Leo
M;Luka
M;Abishan
F;Aliyah
M;Cheick
M;Thierno
F;Clotilde
M;Ulysse
M;Bilal
M;El
M;Ernest
F;Malak
M;Nils
M;Thomas
M;Aloïs
M;Lucien
F;Yaël
M;Louison
F;Louna
F;Malia
M;Xavier
F;Judith
F;Yaël
M;Wassim
M;Alec
M;Armand
M;Tancrède
M;Maximilian
F;Jana
M;Dario
M;Gabriel
F;Dina
F;Ayline
F;Gaïa
F;Sasha
F;Neyla
F;Firdaws
M;Sam
M;Ousmane
M;Damian
F;Erika
M;Ivan
F;Lucille
M;Merlin
F;Tesnime
F;Théa
M;Amin
F;Yona
F;Kenza
M;Ibrahim
F;Elyne
M;Idris
M;Yazid
F;Camilla
M;Billy
F;Gaëlle
F;Ayline
F;Kadidiatou
F;Celia
M;Dario
F;Marilou
F;Nayla
M;Adonis
F;Estelle
M;Gaspar
M;Isaac
F;Loïs
M;Aylan
M;Idriss
M;Louis
F;Mélyna
F;Yara
F;Dounia
F;Liana
F;Yousra
M;Matéo
M;Seydou
M;Khalil
F;Aimée
F;Safa
F;Chloé
M;Étienne
F;Laura
M;Noam
M;Timéo
M;Maël
M;Imran
F;Daphné
M;Aurèle
M;Yoann
M;Wassim
M;Oumar
M;Karl
M;Toma
M;Yanis
F;Astrid
F;Ornella
F;Elena
M;Jacques
F;Enora
M;Warren
M;Kyan
M;Auguste
M;Safwan
M;Nathanaël
M;Zakariya
M;Timothé
F;Claire
M;Ambroise
M;Alassane
F;Nelia
M;Salim
F;Rokia
M;Taha
M;Zain
M;Nicolas
F;Aïssatou
M;Tobias
M;Tao
F;Amicie
M;Joseph
F;Alyssa
M;Mickaël
M;Charly
M;Kenzo
M;Marcus
M;Sahel
M;Noé
M;Yassine
F;Yael
M;Yannick
M;Noâm
F;Dana
F;Calie
M;Angel
F;Eloïse
F;Lia
M;Ange
M;Adrian
F;Binta
M;Félix
M;Amar
M;Raphael
M;Grégoire
M;Carl
M;Iyad
M;Ahmed
F;Mara
M;Neil
M;Prince
M;Samy
F;Elisa
M;Anes
F;Tessa
M;Mamoudou
M;Noham
F;Zahra
F;Kendra
F;Octavia
M;Sebastian
M;Skander
M;Yanis
M;Ronan
F;Chahinez
M;Daniel
F;Nour
F;Sylvia
F;Miriam
F;Amandine
M;Manil
M;Oumar
F;Léah
M;Ulysse
M;George
F;Clarence
M;Joël
M;Élie
F;Héloïse
M;Ivan
F;Zayneb
F;Diana
F;Lucia
M;Nathaël
F;Valentine
M;Angelo
M;Ylan
M;Ariel
M;James
F;Lana
F;Maéva
M;Idriss
F;Linda
F;Lia
M;Oumar
M;Youssouf
F;Leïa
M;Milhan
F;Romy
F;Céleste
M;Aksel
M;Hamidou
M;Leyann
F;Alicia
M;Hamza
M;Haroun
M;Noa
M;Abraham
M;Asher
F;Nadine
F;Olympe
F;Lila
M;Kenan
F;Ela
M;Dario
M;Anthony
F;Lyanna
M;Benjamin
F;Lyna
F;Estelle
F;Léana
M;Neil
F;Amina
F;Gaëtane
F;Lynda
F;Océane
F;Philomène
M;Alexis
F;Bérénice
F;Liora
M;Marwan
M;Mathurin
M;Edgar
F;Heidi
F;Ibtissam
F;Liv
M;Charlie
F;Théodora
F;Lynn
M;Elon
M;Taha
F;Lyah
F;Mayline
M;Lyam
F;Hélène
M;Kayden
F;Anita
F;Irène
M;Bakary
M;Soan
F;Mona
F;Hélène
M;Jason
M;Youcef
F;Talya
M;Benoît
M;Boubacar
M;Jules
F;Dania
F;Albane
F;Alicia
M;Jim
M;Louis
F;Abigaïl
F;Layla
M;Leyth
F;Colette
M;Archibald
M;Eren
M;Milann
F;Dana
F;Haydée
F;Yasmine
F;Ayah
F;Esther
F;Houda
M;Tristan
F;Irène
M;Imrane
M;Marin
F;Inaya
M;Moché
F;Vittoria
M;Nahil
M;Marcel
M;Soren
F;Arya
M;Vianney
F;Mira
M;Célian
M;Aubin
M;Ilian
M;Milan
F;Mayssa
F;Augustine
F;Rahma
F;Binta
F;Sérine
F;Cassandre
M;Célestin
F;Coumba
F;Nélya
F;Judith
M;Raphael
F;Lena
F;Éline
F;Fatoumata
F;Lily-Rose
M;Tom
M;Yahya
M;Corentin
F;Zeinab
F;Lya
M;Iyed
M;Élie
F;Maëva
M;Morgan
F;Alya
F;Aya
M;Lukas
F;Aliya
M;Tahar
M;Jonah
M;Ezra
F;Nayla
F;Hajar
M;Karim
F;Salomé
F;Oumou
M;Tristan
M;Lino
M;Valentin
M;Camil
M;Alessio
F;Florence
F;Arwen
M;Naïl
M;Tiago
F;Astrid
F;Ethel
F;Lili
F;Mariama
M;Selim
M;Iyad
F;Khadidja
F;Awa
M;Yohan
F;Valentine
M;Elyas
M;Liham
F;Mariam
M;Tom
F;Hana
F;Madina
F;Adélie
M;Mael
M;Mamadou
M;Khalil
M;Geoffrey
M;Marko
M;Hippolyte
M;Aylane
M;Kahil
F;Solveig
F;Esmée
F;Soumaya
M;Aboubakr
M;Cameron
M;Harry
F;Joséphine
M;Moustapha
M;Adrien
F;Jennah
F;Gabrielle
F;Gloria
F;Agathe
F;Melissa
M;Anas
F;Angelica
F;Anne-Sophie
F;Chaïma
F;Farah
F;Inés
F;Tania
F;Aminata
F;Mai
M;Marcus
F;Shirel
F;Maïa
M;Aylane
M;Firas
M;Andrea
M;Lazar
M;Timothé
M;Nils
F;Shirel
F;Enora
M;Gauthier
F;Ines
F;Cloé
M;Guillaume
F;Luna
F;Maé
M;Marwan
M;Ambroise
M;Dimitri
F;Hiba
F;Léane
M;Evann
F;Diane
F;Meïssa
F;Sirine
M;Yani
M;Zakariya
F;Agathe
M;Aurèle
M;Damian
M;Kenzo
M;Nicolas
M;Thibault
M;Ben
F;Olympe
M;Aaron
F;Melissa
F;Tessa
F;Elisa
F;Mila
M;Tom
M;Ahmed
M;Aron
F;Elif
M;Hayden
F;Maïmouna
M;Matthias
F;Melissa
M;Samuel
F;Eden
M;Mathieu
M;Mohamed-Lamine
F;Thalia
F;Eliana
M;Eyad
F;Lise
F;Maxime
M;Naïl
F;Nour
F;Thelma
F;Adèle
F;Valentine
F;Lyna
M;Josué
F;Tatiana
F;Nour
F;Livia
M;Seydou
F;Eléanore
M;Mouhamadou
M;Samson
F;Talia
F;Kamila
M;Aliou
F;Aurore
F;Eva
F;Kamila
F;Clémentine
M;Karim
M;David
F;Elisa
F;Jessy
F;Maryam
M;Saïd
F;Tara
F;Adeline
M;Timothé
M;Alban
M;Boubou
M;Jérôme
M;Adrian
M;Aiden
M;Alex
F;Bella
F;Ella
M;Marin
M;Adem
M;Bryan
F;Guillemette
F;Yaëlle
M;Ismaïl
F;Mariam
M;Ousmane
M;Rudy
M;Reda
M;Theo
F;Maryam
M;Isaïah
M;Kassim
F;Lilas
M;Makan
M;Mathieu
F;Aliya
F;Binta
F;Éline
F;Abigail
F;Annabelle
F;Éléa
M;Ilan
F;Livia
F;Dana
F;Daniella
F;Fatma
F;Amalia
F;Siham
M;Abd
M;Damien
F;Elisabeth
F;Éva
M;Jayden
M;Léonard
F;Liv
F;Loïs
M;Mathias
M;Nohé
M;Oscar
M;Gianni
F;Kadidia
M;Melvil
F;Aïcha
F;Armance
M;Ahmed
M;Balthazar
F;Hanaé
F;Dahlia
F;Nélia
M;Issa
M;Oscar
F;Asma
F;Julie
F;Castille
M;Léandre
M;Mayeul
F;Madeline
F;Tara
F;Awa
F;Céleste
F;Aya
M;Cheick
F;Fatima
M;Denis
M;Joan
F;Manon
M;Léon
M;Thibaud
F;Nelia
M;Yves
M;Ryad
M;Antony
M;Abraham
M;Chris
F;Amanda
F;Hannah
F;Elyne
F;Sabrina
M;Alfred
M;Tomas
M;Muhammad
F;Albane
M;Ousmane
F;Hortense
F;Shirel
M;Merwan
F;Sira
M;Pierre-Louis
M;Ayan
M;Tidiane
F;Lucile
M;Alfred
F;Kali
M;Hamza
F;Agnès
F;Haya
M;Charlie
M;Leonardo
M;Darius
M;Melvil
M;Melvil
M;Abdel
F;Nelly
F;Eva
F;Laurène
F;Fanta
M;Anselme
F;Auriane
F;Elisabeth
M;Hector
F;Thelma
F;Gabriela
M;Grégoire
F;Leyna
F;Maya
M;Aurèle
M;Riad
M;Emilio
F;Shirel
F;Liora
F;Tasnime
F;Maëlys
F;Lila
M;Marwane
M;Marko
F;Blandine
M;Mohamed-Amine
M;David
M;Cyriaque
M;Théophane
F;Eloïse
F;Héloïse
F;Baya
F;Eulalie
M;Ibrahima
F;Melina
F;Maëlis
M;Aksel
F;Ina
F;Ninon
M;Tommy
M;Clarence
F;Karine
M;Sylvain
F;Lilas
F;Anouk
M;Mamadou
F;Sonia
M;Walid
F;Fiona
M;Dario
M;Emile
F;Flora
F;Lindsay
M;Mendel
F;Natalia
M;Théo
F;Agnès
M;Abderrahmane
M;Aymeric
M;Ewen
F;Ninon
F;Diana
M;Jonah
F;Laure
F;Shaïna
F;Eline
M;Haris
F;Selena
F;Ambre
F;Leïa
F;Elisa
M;Jules
M;Lubin
M;Malek
M;Saïd
F;Sélène
M;George
M;Zayd
F;Mya
M;Emil
M;Ayrton
M;Tiago
F;Khadidja
F;Aïcha
F;Elissa
M;Tony
M;Jamal
F;Nicole
M;Alexy
F;Aurélia
M;Aymane
M;Christian
M;Damien
M;Nabil
M;Zacharie
F;Élodie
M;Fares
F;Louane
F;Viviane
F;Dana
M;Karl
F;Delphine
M;Ilhan
F;Iris
M;Mahamadou
M;Mehdi
M;Nolan
F;Norah
M;Thibaut
M;Bryan
M;Matthieu
M;Thibault
F;Alyah
M;Aubin
F;Eliana
M;Rémy
M;Elyas
F;Hélène
F;Johanne
M;Kenny
F;Tina
M;Ahmed
F;Maxime
F;Noura
M;Yacoub
F;Aylin
F;Liz
M;Louka
F;Inès
M;Youcef
M;Jean-Baptiste
F;Chaïma
F;Irina
F;Margot
M;Siméon
F;Tina
F;Adélaïde
F;Ana
M;Jean
M;Jude
M;Kamil
M;Leo
M;Nino
M;Olivier
F;Salomée
M;Amine
F;Andréa
M;Carl
M;Gabin
F;Charlie
M;Markus
M;Rémy
M;Xavier
M;Akram
F;Armelle
M;Charlie
F;Charlize
F;Fantine
M;Jérémie
M;Lenny
F;Mélissa
F;Mayline
M;Racim
M;Ariel
M;Marc
F;Imane
M;Warren
F;Dune
F;Elly
F;Kadidiatou
F;Naïa
M;Zakariya
F;Mila
M;Thomas
F;Éléonore
M;Dorian
F;Sakina
F;Sybille
F;Flora
F;Khady
F;Maylis
M;Nino
F;Orlane
M;Christopher
M;Lassana
F;Baya
M;Edouard
F;Inès
F;Maëlle
F;Zélie
M;Augustin
F;Gloria
F;Lola
F;Oumou
F;Tara
F;Balkis
M;Hassan
F;Maylis
M;Artus
F;Camilia
F;Ophélie
M;Ziad
M;Ishak
F;Sarah
F;Lily
F;Aminata
F;Fleur
F;Naomie
F;Charlène
F;Coline
F;Jenna
M;Romain
F;Sienna
M;Amir
M;Lucas
F;Alba
M;Aksil
F;Angèle
F;Margot
F;Paola
M;Gaston
M;Mathéo
F;Levana
F;Matilde
F;Moïra
M;Tristan
M;Jimmy
F;Shérine
M;Alessandro
M;André
F;Claire
M;Ramy
M;Shayan
M;François
F;Anaë
F;April
F;Azélie
F;Michelle
F;Loïs
F;Perle
F;Amina
M;Matthieu
M;Diego
M;Tobias
F;Adèle
F;Adama
M;Abraham
M;Alexis
M;Yohan
M;Emil
F;Lucie
M;Matias
M;Nathan
M;Rafael
M;Stanislas
M;Jean-Marc
M;Jérémy
M;Julian
F;Maria
M;Aksel
F;Daria
F;Aminata
F;Elsa
M;Robin
M;Ben
F;Farah
M;Lucien
M;Malo
F;Safiatou
M;Mouad
F;Élise
F;Angelina
M;Colas
M;Corentin
M;Gaspard
M;Prosper
M;Yohann
F;Anna-Rose
F;Delphine
F;Elora
F;Jane
F;Ornella
M;Swann
F;Youmna
M;Amara
F;Celia
M;Célian
F;Éloïse
M;Haïm
M;Ilyes
M;Preston
M;Yassin
M;Jean
F;Lina
M;Pacôme
F;Salomé
F;Athénaïs
M;Félix
M;Jordy
M;Thierry
M;Willem
F;Leila
F;Lola
M;Sandro
F;Lia
F;Solveig
M;Hélios
F;Élisa
M;Noam
F;Eléonore
F;Lili
F;Céleste
M;Enguerrand
F;Hania
M;Sacha
M;Yoan
F;Line
F;Maxine
M;Amin
F;Arwen
F;Dahlia
M;Hugo
M;Jeremy
M;Kenny
M;Léandro
M;Pharell
M;Boubou
F;Maya
F;Nora
F;Adja
F;Zahra
M;Ewen
M;Mahé
F;Naelle
F;Rym
F;Lydia
M;Max
M;Léo
F;Romane
M;Abel
M;Zakaria
M;Ben
F;Flore
F;Victoire
F;Lola
M;Gianni
F;Tali
M;Roch
M;François
F;Camelia
M;Johan
M;Naïm
M;Yann
M;Steven
M;Dario
M;Noah
F;Rayhana
M;Milo
F;Wendy
M;Mouhamadou
M;Armand
M;Emilio
F;Lucia
M;Hugo
M;Jalil
M;Ange
F;Clarisse
F;Clélia
F;Hania
M;Jacob
F;Layana
F;Nadia
F;Neyla
F;Clémentine
F;Élisa
F;Alice
M;Amine
M;Jacques
M;Joshua
F;Ella
M;Kamil
F;Assya
M;Saul
M;Hamidou
M;Marius
M;Abdoulaye
F;Maïmouna
F;Niamé
F;Meryl
F;Sidonie
M;Jonah
F;Lévana
F;Shanna
M;Thibaud
F;Maïssa
F;Raphaëlle
M;Thibault
M;Ari
M;Imrane
F;Lilya
F;Rosalie
F;Tia
F;Aby
F;Diane
F;Jane
F;Paula
M;Camil
M;Élio
M;Gary
M;Kevin
M;Mike
F;Salima
M;Youssef
F;Angèle
F;Aude
M;Gatien
F;Lily-Rose
M;Lino
M;Vincent
F;Elly
F;Mélinda
F;Salimata
M;Albert
M;Johann
M;Rayane
F;Adeline
M;Calixte
M;Elliott
M;Ivan
F;Tiana
M;Yoann
M;Ahmad
F;Alix
M;Zakaria
M;Romeo
F;Maeva
M;Arnaud
M;Sofiane
M;Hillel
M;Lilian
F;Eya
F;Matilda
M;Théo
F;Flora
F;Layane
F;Salomé
F;Yaëlle
F;Lara
M;Melchior
M;Ismail
M;Elliott
F;Alina
F;Tesnim
M;Théo
M;Adama
M;Salim
M;Lev
M;Mark
F;Annaëlle
M;Calixte
F;Éden
M;Ahmed
M;Levi
M;Youssef
M;Cameron
M;Sam
M;Ambroise
F;Félicie
F;Aliyah
M;Sidney
F;Billie
F;Stella
F;Cécilia
M;Lenny
F;Jane
F;Shirel
M;Jonathan
M;Mateo
M;Moussa
M;Oussama
F;Emmy
F;Loïse
M;Amani
F;Olympe
F;Eya
M;Elyo
F;Lahna
M;Charlie
F;Naïla
M;Ariel
F;Emmy
F;India
F;Kiara
F;Milica
F;Safiya
M;Taha
F;Carla
F;Kheira
F;Ludivine
M;Armand
F;Rafaela
F;Eva
M;Ulysse
F;Janna
F;Jessie
F;Assia
F;Jenny
F;Stéphanie
M;Demba
F;Émeline
M;Grégory
M;Issam
F;Ysée
M;Alessio
F;Célestine
M;François
M;Jad
M;Mayeul
F;Anne-Sophie
M;Ilyes
F;Karima
F;Salimata
F;Brune
M;Eden
F;Loane
F;Louanne
M;Malo
F;Dalla
M;Joan
F;Nina
M;Ilian
F;Aby
M;Leon
M;Masten
M;Foucauld
F;Sakina
M;Theo
F;Edmée
F;Fatoumata
F;Mila
M;Eytan
F;Gina
F;Nina
M;Solal
M;Sohan
M;Sébastien
M;Zion
M;Yacine
M;Souleyman
M;Issa
M;Aloïs
M;Theo
F;Yaëlle
M;Cheikh
M;Yanis
F;Céline
M;Issa
M;Hadrien
M;Nassim
F;Nicole
F;Constance
F;Marianne
M;Matei
F;Ilana
F;Mariama
F;Ranya
F;Camilla
F;Pénélope
M;Swann
F;Mayline
F;Béatrice
F;Emilie
M;Léandre
M;Ayan
F;Azélie
F;Camila
F;Rim
M;Mohamad
M;Alban
F;Isïa
M;Ayoub
M;Hillel
M;Maxime
M;Laurent
F;Anaé
M;Vincent
F;Ashley
M;Luka
M;Sekou
M;Zayan
F;Ashley
M;Hédi
F;Maïwenn
F;Théa
F;Billie
F;Lalya
F;Nola
M;Nathanaël
F;Paula
M;Amir
F;Lilou
F;Norah
M;Jonas
M;Mustapha
F;Shanna
M;Luca
F;Taïna
F;Esther
F;Lilou
F;Lucy
M;Robinson
M;Jérémy
M;Nils
F;Pauline
F;Léana
M;Sasha
F;Nadine
M;Maxime
M;Siméon
F;Suzanne
F;Neyla
F;Delphine
F;Maia
M;Zachary
F;Fatima
M;Nael
F;Naomie
F;Océane
M;Vladimir
M;Walid
M;Eyal
M;Shaï
M;Melchior
M;Florian
F;Solveig
M;Wissem
M;Akram
M;Alex
F;Clélia
M;Alistair
F;Kayla
M;Andreas
F;Laya
M;Yusuf
F;Emilia
M;Arié
F;Dahlia
F;Alina
F;Alix
M;Ibrahim
M;Kévin
M;Milan
M;Yvan
F;Louisa
M;Basile
F;Bianca
M;Mohamed
M;Aly
F;Julia
M;Sohan
F;Jenna
F;Clotilde
F;Maïssane
M;Abel
F;Céleste
M;Eddy
M;Elie
F;Léane
M;Lyes
M;Niels
F;Kate
M;Aloïs
M;Boubacar
F;Chayma
F;Naïa
M;Tommy
F;Zeynab
F;Aby
M;Baudouin
F;Hajar
F;Roxane
M;Ayman
F;Joy
M;Kassim
F;Béatrice
F;Clémentine
F;Dieynaba
F;Karen
M;Constantin
M;Esteban
F;Romane
M;Aksel
M;Alphonse
F;Leyla
M;Jad
F;Mayssa
M;Elliott
M;Mathias
F;Safia
M;Xavier
F;Camila
F;Delphine
F;Jessica
M;Marcus
F;Abigaël
F;Axelle
F;Camélia
F;Constance
F;Judith
M;Tim
F;Aliya
M;Anthony
M;Blaise
M;Fares
F;Halima
M;Isidore
M;Moussa
M;Naïm
M;Sam
M;Waël
M;Joey
F;Maryam
M;Mathis
F;Léonie
F;Leyla
M;Olivier
F;Léonor
F;Joudia
M;Matthew
M;Nikola
F;Anaya
F;Kenza
M;François
F;Miral
F;Ida
F;Leïla
F;Jenna
F;Ève
M;Hugo
F;Lya
M;Menahem
M;Viktor
F;Laure
F;Thelma
M;Albin
M;Mylan
F;Faustine
F;Dania
M;Sekou
F;Eden
M;Kenny
M;Matisse
M;Abdelkader
F;Carmen
M;Gaëtan
M;Isidore
M;Hamza
F;Khadidja
M;Tyler
F;Lucie
F;Hannah
F;Isis
M;Jonathan
F;Wendy
F;Gabrielle
M;Diego
M;Aboubakar
F;Louise
M;William
F;Julia
F;Safia
F;Maram
M;Julian
F;Leïla
F;Hania
F;Marie
M;Clément
M;Luca
M;Éloi
M;Nahyl
M;Vadim
M;Ariel
M;Haroun
M;Otto
F;Sanaa
M;Timothée
M;Eugène
F;Valentine
F;Alyssa
F;Assil
M;Salif
F;Loujayn
M;Ezra
F;Elya
M;Livio
F;Anaïa
M;Joseph
M;Chahine
M;Michael
F;Roxane
M;Arthur
F;Maëlys
M;Marlon
F;Kelly
M;Gaston
M;Zayd
F;Coumba
M;Ethan
F;Yara
F;Floriane
F;Eliora
M;Ilan
M;Moïse
M;Albert
M;Liam
F;Marnie
F;Ranya
F;Aby
F;Alya
F;Natalia
F;Océane
M;Alpha
M;Avi
F;Julia
F;Kadidiatou
F;Liora
F;Liz
F;Sherine
M;Elone
F;Emmie
M;Loïc
F;Natalia
M;Anes
F;Rokya
F;Selma
M;Guilhem
F;Imane
M;Wesley
M;Ibrahim
F;Jade
F;Maïra
F;Naava
F;Diana
F;Nayla
M;Athanase
F;Iris
F;Luisa
M;Pierre-Louis
F;Camélia
M;Lorenzo
F;Prune
M;Luka
F;Angèle
M;Hussein
M;Thomas
M;Mouhamadou
M;Lucien
F;Linda
F;Taly
F;Anya
F;Kamélia
F;Sacha
M;Djibril
M;Amara
M;Marouane
F;Emmy
M;Léandre
M;Nelson
F;Éléonore
M;Kaïs
F;Mira
F;Alyssa
M;Titouan
F;Sara
F;Shirel
M;Marwane
F;Maureen
F;Nicole
M;Paulin
F;Pia
M;Noham
M;Habib
M;Adil
F;Capucine
F;Elisabeth
F;Talya
M;Alphonse
F;Line
M;Taym
M;Elyan
M;Mathieu
F;Catherine
F;Colombe
M;Soren
M;Abdoul
M;Ayoub
M;Hadrien
M;Lenny
M;Mattéo
F;Adélie
F;Hind
M;Khalil
M;Thibaut
M;Jimmy
M;Luc
M;Lukas
F;Talia
F;Alycia
F;Amélia
M;Oscar
M;Pharell
M;Matéo
M;Oumar
M;Victor
M;Emeric
M;Hicham
F;Katell
M;Alon
M;Bilal
M;Erwan
F;Maïwenn
M;Marwan
M;Roy
F;Inaya
F;Ludivine
M;Robin
F;Ema
F;Honorine
F;Lylia
M;Matéo
M;Neil
F;Tina
F;Lune
M;Melvil
M;Nil
F;Prune
M;Yohann
M;Alessio
F;Anna
M;Kelyan
M;Kenzy
F;Mariame
F;Ninon
F;Pénélope
M;Eytan
M;Enguerrand
M;Imrân
F;Isra
M;Moïse
F;Zeynep
M;Djibril
F;Joy
F;Maxime
M;Rafael
F;Lola
F;Aïssata
M;Isaac
M;Joachim
F;Louisa
M;Mathéo
F;Néné
F;Farah
M;Paulin
F;Eve
M;Elyes
F;Anastasia
M;Matthias
M;Liam
F;Nour
F;Astrid
F;Rosa
M;Prince
M;Michaël
M;Hamidou
M;Sekou
F;Marta
M;Elio
F;Lehna
F;Layan
F;Marina
M;Nelson
M;Christian
M;Dylan
M;Maxence
F;Rosie
M;Jérôme
F;Shana
M;Tim
M;Adem
F;Lina
F;Mina
M;Clovis
F;Dina
M;Andreas
F;Elya
M;Corentin
M;Imrane
F;Shanna
F;Valentina
M;Sam
M;Youssef
F;Andréa
M;Jawad
M;Marcus
M;Mohammad
F;Anissa
F;Angèle
F;Halima
M;Armel
F;Lana
F;Manon
F;Lisa
F;Valentine
M;Haroun
F;Malak
F;Nine
M;Noé
F;Razane
F;Anaelle
F;Khadija
M;Kyllian
M;Leny
F;Viviane
M;Evan
F;Eglantine
M;Hassan
F;Aicha
M;Reda
M;Theodore
F;Nayla
F;Meïssane
F;Asma
M;Fabio
F;Olivia
M;Oliver
F;Vittoria
M;Losseni
F;Taly
F;Lyah
M;Melchior
F;Ritaj
F;Tiana
F;Awa
F;Priscille
M;François
M;Victor
M;Iliane
M;Thomas
M;Ulysse
F;Salima
F;Aminata
F;Elissa
F;Fatim
M;Fodé
M;Maximilien
M;Pedro
M;Mathis
F;Louisa
M;Peter
M;John
M;Emilien
M;Ezio
M;Jean-Baptiste
F;Lana
F;Emmanuelle
M;Aymen
M;Bastien
M;Jérémie
F;Éléanore
M;Abel
M;Bakary
F;Olympia
F;Hafsa
F;Maryam
M;Timéo
F;Fatim
M;Eric
M;Zayn
F;Grace
F;Aline
F;Roxane
F;Evy
M;Atlas
M;Kamil
M;Corentin
F;Emma
F;Ethel
M;Rayan
M;Youri
M;Andy
F;Elia
F;Sara
F;Tessa
M;Vladimir
M;Arthur
M;Idris
M;Maxim
F;Maïssane
M;Ayan
F;Bérénice
F;Mellina
M;Aloïs
F;Esther
F;Isabella
F;Leia
F;Nicole
F;Célestine
M;Gianni
F;Lina
M;Timéo
F;Zeinab
F;Alima
M;Bilel
M;Haroune
M;Hayden
F;Léna
F;Lou
F;Lyna
F;Ysée
F;Alix
F;Emilie
F;Eva
M;Moussa
M;Gaétan
F;Kendra
F;Louisa
F;Bianca
F;Firdaws
M;Ismail
F;Lana
M;Wassim
F;Anastasia
F;Emma
M;Gael
M;Mady
M;Tyler
F;Mila
M;Seydou
M;Théophane
M;Bandiougou
F;Nadine
M;Marwan
F;Hanna
F;Bérénice
F;Chiara
F;Amaya
F;Hiba
F;Élisa
F;Ruby
F;Clara
F;Anouk
M;Saul
M;Vincent
M;Amara
F;Gaby
F;Louane
F;Louison
M;Zakarya
F;Athena
F;Anissa
F;Aminata
F;Elise
M;Christian
F;Inés
M;David
F;Marie
F;Talia
M;Dan
M;Ismaël
M;Ruben
M;Amaury
M;Souleymane
F;Julie
M;Cheick
M;Lassana
F;Eléa
F;Nelia
M;Loan
M;Jed
M;Calvin
M;Dorian
M;Elias
F;Adeline
M;Jude
M;Orso
M;Adel
F;Adriana
M;Jules
M;Meziane
F;Laure
F;Prunelle
M;Félix
F;Fiona
M;Hamed
M;Hayden
F;Cali
F;Lena
M;Swan
M;Armand
F;Elora
M;Lassana
F;Luna
F;Maïly
M;Samy
M;Alix
F;Cléophée
F;Maud
M;Mohamed-Amine
F;Astrid
F;Jennah
F;Kimberly
F;Leslie
F;Yasmine
F;Alissa
F;Israa
F;Naomie
F;Sara
F;Diane
M;Ismael
M;Jack
M;Allan
F;Lila
F;Margaux
M;Mouhamadou
M;Ilian
M;Paul
M;Anas
F;Julia
M;Léandre
F;Tal
F;Anaëlle
M;Jayden
F;Margaux
F;Salimata
F;Dania
F;Fatou
M;Nabil
F;Capucine
M;Guillaume
F;Joyce
F;Lauriane
F;Assa
M;Aylan
M;Clarence
M;Alexandre
M;Damian
M;Julian
M;Kilyan
F;Eléonore
M;Louka
M;Mateja
M;Ugo
F;Fleur
M;Iban
F;Sharon
M;Ayman
M;Emmanuel
F;Karen
F;Isis
M;Kenan
M;Kevin
M;Kylian
F;Dounia
M;Luan
F;Lucie
F;Lylia
F;Lyna
M;Nizar
F;Séléna
M;Pierre
F;Kany
F;Charline
F;Julie
F;Shaïna
M;Guillaume
F;Aïcha
M;Adel
F;Céleste
F;Naomi
F;Thalia
F;Ilyne
F;Noa
M;Sidy
M;Fabio
M;Zion
M;Gaël
M;Ben
F;Hermine
M;James
M;Jaden
M;Elyas
M;Lancelot
M;Sékou
M;Aristide
F;Zayneb
M;Andy
F;Béryl
F;Johana
M;Vianney
M;Ilyes
F;Nell
M;Alessio
F;Éléa
F;Melody
F;Noor
F;Rosa
M;Ilyas
F;Mélissa
F;Iman
F;Myrtille
F;Séléna
F;Ornella
M;Arsène
M;Johan
M;Jayson
M;Jad
M;Bilal
F;Augustine
F;Sira
M;Wassim
M;Abdoul
M;Loan
M;Tyméo
F;Agathe
F;Mathilda
F;Augustine
F;Eléonore
M;Hector
F;Isis
F;Joséphine
M;Luis
M;Mamoudou
M;Niels
M;Adel
M;Armel
M;Jalil
F;Mellina
M;Aboubakar
M;Charlie
M;Fares
M;Lyam
M;Oumar
M;Aaron
F;Clarisse
M;Felix
M;Hector
F;Maïwenn
F;Paloma
M;Sofiane
M;Orson
F;Alya
M;Zakaria
F;Alyssa
F;Line
M;André
F;Halima
F;Lilia
M;Noé
M;Achille
M;Kays
F;Méline
M;Younès
F;Alexane
M;Angelo
F;Elly
F;Fantine
M;Mahdi
F;Swann
M;Antonin
F;Bintou
M;Brahim
M;Jibril
M;Aaron
F;Anita
F;Arwa
F;Lilia
F;Imani
F;Fleur
M;Viggo
F;Eline
M;Alassane
M;César
M;Eden
M;Marvin
M;Romain
F;Anaëlle
F;Alycia
M;Azad
F;Nina
F;Eléanore
F;Giulia
M;Danyl
F;Zineb
M;Jarod
M;George
F;Leonor
M;Mendel
F;Emma
F;Lou
F;Paola
F;Vera
M;Owen
F;Valentina
F;Éléonore
M;Gaëtan
F;Jade
M;Matheo
F;Swann
M;Alan
F;Safiya
F;Ashley
M;Isaiah
F;Ombeline
F;Angélina
F;Marion
F;Meriem
M;Aris
M;Ayden
M;Uriel
F;Esther
M;Lohan
F;Eulalie
M;Lukas
M;Siméon
M;Anas
F;Cléa
F;Irina
M;Mamadou
M;Virgile
M;Arsène
M;Hussein
M;Joris
F;Layana
F;Mayar
M;Mendel
M;Yacine
F;Olivia
F;Emilie
F;Layan
F;Celine
M;Samuel
M;Hugo
F;Giulia
F;Djamila
F;Zineb
F;Eden
M;Andréa
M;Adem
M;Charly
F;Ethel
F;Cali
M;Zakaria
M;Constantin
F;Inaya
M;Jalil
F;Rivka
M;Walid
F;Blanche
F;Hannah
F;Johanna
F;Alma
M;Ayaan
M;Corentin
M;Daouda
M;Sami
M;Samy
M;Ayden
F;Élisabeth
M;Maher
M;Basile
F;Margaux
F;Mélina
F;Yuna
F;Laura
M;Giovanni
M;Maé
F;Ariana
F;Céline
F;Mariame
M;Jean-Baptiste
F;Laura
F;Nadine
M;Yani
M;Adrian
M;Dylan
M;Ousmane
F;Lyah
M;Samy
F;Amel
M;Aurélien
F;Ève
M;Loïs
M;Yacoub
M;Lazar
M;Imran
F;Léonie
M;Mathieu
F;Angélina
F;Iliana
F;Thelma
M;Abel
M;Miguel
F;Serena
M;Leny
F;Clothilde
M;Raphael
F;Selma
M;Tao
F;Natacha
M;Jimmy
M;Artus
F;Garance
F;Aïssatou
M;Akram
F;Charlotte
F;Ariane
M;Ilyes
M;Barthélémy
F;Alice
F;Colette
F;Élisabeth
F;Myriam
F;Maïssa
M;Malone
M;Omar
F;Celia
M;Dani
M;Hayden
M;Younes
M;Ilyan
M;Ilyas
M;Leandro
M;Naïm
F;Aïsha
M;Camille
M;Elliott
M;Jonah
M;Lassana
F;Marylou
M;Lucas
F;Maëlyne
F;Mya
M;Solal
M;Idriss
M;Viktor
M;Nils
M;Livio
M;Jad
F;Méline
M;Roméo
M;Vadim
M;Alexandre
M;Ari
M;Bastian
M;Shawn
F;Aya
M;Chris
F;Leïla
F;Rokia
M;Souleymane
M;Joachim
F;Louann
F;Lucia
M;Adrian
F;Bonnie
F;Milla
M;Peter
M;Rayan
M;Maximilien
F;Lyne
M;Cheikh
M;George
M;Eliel
F;Apolline
M;Zacharie
F;Jana
F;Anaé
M;Enzo
M;Luca
F;Maylis
F;Mélodie
M;Ayden
M;Eliot
F;Safia
M;Matis
F;Ludivine
M;Mahamadou
F;Coralie
F;Lili
F;Louison
F;Maëlyne
F;Caroline
F;Célestine
M;Jason
M;Zadig
M;Amadou
M;Andy
F;Camélia
M;Charlie
F;Eden
F;Juliana
F;Armance
M;Dario
F;Nourane
F;Astrid
M;Maxence
F;Serena
M;Ilyes
M;Nolan
M;Racim
M;Simon
F;Amy
F;Enéa
F;Feriel
F;Léontine
M;Simon
M;Cheick
M;Damien
F;Maayane
M;Marlon
M;Pacôme
M;Aurèle
F;Lena
F;Coumba
F;Dalia
M;Wael
M;Ferdinand
F;Margaret
M;Félicien
F;Ranim
M;Kylian
F;Myla
F;Alima
M;Jason
F;Marnie
F;Asma
F;Augustine
F;Noa
M;Raphaël
M;Eden
M;Noa
M;Roman
M;Ewen
F;Fanny
M;Karim
F;Ella
M;Joey
M;Noha
F;Ondine
F;Feriel
M;Oren
M;Jarod
M;Bruno
F;Mya
M;Boubacar
M;Nolhan
F;Thelma
M;Priam
M;Kylian
F;Brune
F;Faustine
M;Maé
F;Théodora
M;Ibrahim
M;Mehdi
M;Eren
F;Irène
M;Andy
F;Aurore
F;Ilona
M;Kenny
M;Melvin
F;Myrtille
M;Paul
M;Arsène
F;Camille
M;Idris
M;Nelson
M;Ladji
F;Lola
F;Tara
F;Anita
M;Ulysse
F;Anissa
M;Eliott
M;Jordan
F;Prune
F;Safia
F;Lalya
F;Clara
F;Élisa
F;Salimata
F;Assiya
F;Isabelle
F;Izïa
F;Scarlett
F;Lyra
M;Balthazar
F;Mona
M;Boubacar
M;Paulin
M;Cheikh
F;Nour
F;Alba
F;Albane
F;Ellie
M;Lyes
F;Marine
F;Elise
F;Inaya
M;Mathis
M;Cameron
M;Clarence
F;Héléna
F;Ramata
M;Aksel
F;Albane
F;Faith
M;Felix
M;Rayane
M;Aksel
M;Benoît
M;Jordan
F;Kadidja
F;Lisa
M;Malo
M;Anis
M;Christophe
F;Daphnée
F;Déborah
M;Hugues
F;Alice
F;Elvire
F;Léana
M;Noah
F;Tara
M;Sam
F;Rita
M;Benoît
M;Célian
F;Nermine
M;Matis
M;Stanislas
F;Priscille
M;Stéphane
F;Alexia
F;Élise
M;Sam
F;Mila
M;Evan
F;Anya
F;Malika
F;Naëlle
F;Dayana
F;Mahault
F;Mélissa
F;Aline
F;Aliénor
F;Auriane
M;Elijah
F;Hermine
M;Yannick
F;Imane
F;Leslie
F;Alba
M;Melvin
M;Samy
M;Niels
M;Anatole
M;Yannis
F;Zaynab
F;Cataleya
F;Aya
M;Jean
F;Ayla
M;Baptiste
M;Eugène
M;Vladimir
M;Lucas
M;Elian
M;Hélie
F;Amel
M;Amin
F;Sonia
F;Margot
M;Théophile
M;Aloïs
M;Ugo
F;Maïa
F;Kylie
F;Annaëlle
M;Daniel
F;Diana
F;Eléanor
F;Maëlie
F;Magdalena
M;Lino
M;Zacharie
M;Aboubacar
M;Abel
F;Célestine
M;Eliot
M;Isaac
M;Makan
M;Marcello
M;Pierre
M;Cyril
F;Marie
F;Mayar
F;Olympe
F;Zoé
M;Abraham
M;Aïdan
M;Armel
M;Mehdi
M;Oren
M;Clément
F;Roxanne
F;Sabrina
F;Lou
F;Yasmine
M;Oumar
F;Emna
M;Souleyman
F;Cléa
M;Isaac
M;Gabin
F;Sylvie
M;Thibault
M;Yannick
M;Henry
F;Imane
M;Jad
F;Marie
F;Aïssata
F;Kiara
F;Sarah
F;Suzie
F;Lili-Rose
F;Linda
F;Lola
F;Thelma
M;Imran
M;Matteo
F;Dania
M;Felix
F;Colette
M;Demba
M;Aaron
M;Cheick
F;Emeline
F;Félicie
M;Joseph
F;Marianne
F;Alia
M;Lorenzo
F;Élise
M;Marlon
M;Elyes
M;Paul
F;Leyla
M;Ismaël
M;Asher
F;Leonor
M;Alex
F;Aimée
F;Héléna
F;Iris
M;Bilal
F;Camélia
M;Cyriaque
M;Léonard
F;Valentine
F;Aicha
M;Enzo
M;Anis
F;Auriane
M;Emile
F;Louison
F;Lucia
F;Noa
M;Tao
F;Annabelle
F;Daniela
M;Eric
M;Kenzy
F;Ambre
F;Déborah
F;Philippine
M;Roméo
M;Stanislas
F;Hanaé
F;Rachel
M;Raoul
M;Etienne
F;Johanna
F;Paola
M;Aydan
M;Driss
F;Maïlys
M;Martin
M;Téo
M;Théo
M;Cheikh
F;Elise
F;Eve
F;Zoé
M;Aymane
M;Basile
F;Yaël
F;Hadja
M;Alessio
M;Gaëtan
M;Edouard
F;Joanne
M;Milan
F;Liya
M;Marco
M;Ousmane
M;Damien
F;Dina
F;Karen
F;Paloma
F;Sarah
F;Capucine
M;Hippolyte
F;Safa
F;Sanaa
F;Solveig
M;Armand
M;Darius
F;Elina
F;Candice
M;Éloi
F;Lia
F;Mya
M;Saul
M;François
M;Henry
F;Jeannette
M;Julian
M;Karim
M;Mahamadou
M;Théophane
F;Aïko
M;Dante
F;Eugénie
F;Leya
F;Marie
M;Tom
F;Safiya
M;Siméon
F;Elsa
F;Coline
F;Rebecca
F;Asma
M;Farès
M;Aden
F;Selena
F;Sophie
M;Sixte
F;Arielle
M;Loris
F;Oumou
M;Ramy
F;Amy
F;Elina
M;Hugues
M;Léandre
F;Mayssa
M;Ilyan
M;Ahmed
F;Mona
M;Antonin
M;Moussa
F;Lital
F;Ayline
M;Eugène
F;Ilyana
F;Lennie
F;Marwa
F;Juliette
F;Eugénie
F;Mayla
M;Luis
F;Cara
F;Ana
F;Sara
F;Leïa
F;Janelle
M;Giovanni
F;Mouna
M;Félix
F;Naomie
F;Cassandra
F;Linda
F;Emilia
F;Léontine
F;Sirine
F;Ysée
F;Camille
M;Célian
F;Iris
F;Maïssane
M;Imad
F;Laëtitia
M;Robinson
F;Sofia
M;Darius
F;Maïmouna
M;Nelson
F;Sabrina
F;Lynn
M;Morgan
F;Olivia
F;Éléa
M;Ludovic
F;Andréa
F;Blanche
M;Nahel
F;Domitille
F;Éléna
M;Marwan
F;Evy
M;Nicolas
M;Darius
F;Ania
M;Liham
M;Albéric
M;Zakary
F;Elise
F;Ilona
M;Cédric
M;Noam
F;Suzanne
F;Alix
F;Jane
M;Loup
M;Abdoulaye
M;Ryan
F;Gina
M;Mazen
M;Sandro
F;Hiba
M;Tao
M;Alphonse
F;Ysé
F;Camille
F;Eva
F;Milena
F;Raphaëlle
F;Kiara
F;Laura
F;Divine
F;Faustine
M;Ilias
F;Lara
M;Matteo
M;Ryan
F;Judith
F;Aïcha
F;Lola
F;Lilly
F;Lou-Anne
F;Lya
F;Angela
M;Florent
M;Kévin
M;Maxim
F;Paloma
F;Déborah
F;Elya
F;Binta
F;Claire
F;Fantine
F;Éline
F;Gisèle
F;Kady
M;Ferdinand
M;Matisse
F;Dounia
M;Matthieu
M;Gaël
F;Carolina
F;Assil
M;Mikail
F;Aglaé
M;Joachim
M;John
F;Leila
F;Noemi
M;Adame
M;Aly
M;Charly
F;Luna
F;Nélia
M;Ronan
F;Selena
F;Aria
F;Aurélie
F;Manon
F;Maÿlis
F;Zineb
F;Alya
F;Eleanor
F;Gabriela
M;Ismaïl
F;Naïma
F;Hiba
M;Jonathan
F;Miya
M;Morgan
F;Chiara
M;Eymen
F;Naëlle
F;Romane
F;Sirine
F;Fatima
F;Élise
F;Laya
M;Hélio
F;Noa
F;Georgia
M;Darius
M;Yannis
F;Ruby
M;Marcus
M;Rémi
M;Mamadou
M;Mattéo
F;Olivia
M;Adama
M;Hugues
F;Léa
F;May
F;Olympe
F;Victoria
M;Kurtis
M;Mahamadou
F;Maxime
F;Félicie
M;Cheikh
M;Matéo
F;Maxime
M;Yaya
F;Christelle
F;Anaé
F;Maïssa
F;Youna
F;Savannah
F;Valentine
M;Omar
F;Célestine
M;Anthony
M;Jimmy
F;Adélie
M;Esteban
M;Karim
M;Leon
F;Leïla
F;Maïssa
F;Ayla
M;Mouhamed
F;Alina
M;Amara
M;Brieuc
M;Ernest
M;Stefan
M;Yanis
M;Yoni
F;Nora
F;Rachel
M;Rodrigue
M;Edouard
M;Timothé
F;Anaïs
M;Ibrahim
M;Yvan
M;Idrissa
F;Jehanne
M;Patrick
M;Gaël
F;Shyrel
M;Swann
M;Antoine
M;Bradley
F;Flore
M;Nicolas
F;Shirel
F;Thaïs
M;Aksil
F;Anna
F;Fatou
F;Lena
F;Angela
F;Camila
M;François
M;Alpha
F;Léo
F;Élise
F;Fatou
F;Rébecca
M;Brandon
M;Nelson
M;Alan
F;Assa
F;Katia
F;Maïmouna
M;Marcus
M;Oscar
M;Samy
M;Aboubakar
F;Anouk
M;Bruno
M;Imrane
F;Hermine
M;Loan
M;Marcel
F;Victoria
F;Cyrine
M;Élias
M;Gaston
M;Nathaniel
F;Fanny
M;Hakim
M;Hugues
F;Aïssatou
F;Anaëlle
M;Barnabé
F;Deborah
M;Luka
M;Owen
M;Valentin
M;Jack
M;Yann
F;Camila
F;Layla
M;Silas
F;Claudia
F;Alizée
F;Ashley
M;Dayan
M;Zayd
M;Victor
F;Andréa
M;Jawad
F;France
F;Catherine
F;Emie
M;Gabriel
F;Leila
F;Lily-Rose
F;Lola
M;Martin
F;Sira
M;Rafael
M;Andréa
F;Ethel
F;Liza
M;Michael
F;Rim
M;Waël
F;Lilou
M;Eugène
F;Haya
M;Jack
M;Jean
M;Lamine
M;Philippe
M;Wassim
M;César
M;Eliel
F;Emilia
F;Farah
M;Malo
F;Rachel
F;Alice
F;Claire
F;Andrea
M;Ishaq
M;Oren
M;Kaïs
F;Salma
F;Imani
M;Louison
M;Joel
F;Leïna
M;Mathieu
F;Isabella
F;Kadiatou
F;Paola
F;Rosa
M;Seydou
M;Sohan
F;Anna
M;Baptiste
F;Imane
F;Mathilda
F;Suzanne
F;Célia
M;Ismaïl
M;Aris
F;Elia
M;Badis
M;Calvin
F;Maylis
F;Mina
F;Stella
F;Aliyah
F;Anaé
F;Brune
M;Diego
M;Florent
F;Lucie
F;Manuela
M;Guilhem
F;Judith
M;Mickael
M;Saul
F;Stéphanie
M;Aboubacar
M;Darius
F;Georgia
F;Naëlle
M;Noham
M;Francesco
F;Ina
M;Aylan
M;Zayn
F;Awa
F;Selma
F;Lea
F;Yousra
M;Arthur
F;Maya
F;Aliyah
M;Ishaq
F;Aïssata
F;Gloria
F;Haby
M;Massyl
F;Aïssatou
M;Aden
F;Anaïs
M;Aylan
F;Hannah
M;Marley
M;Elias
F;Haya
F;Hind
F;Melina
F;Ornella
F;Sixtine
F;Suzanne
M;Gad
M;Lou
F;Maria
M;Salim
M;André
M;Eliel
M;Mathéo
F;Laya
F;Lyna
F;Katia
M;Gabin
M;Léni
F;Lia
F;Nora
F;Marilou
M;Farès
F;Lena
F;Estelle
M;Inza
F;Mina
F;Alix
F;Anaé
M;Diego
M;Adem
F;Melissa
F;Yousra
F;Anaëlle
M;Maximilian
M;Omar
F;Zeinab
F;Agnès
F;Isabelle
M;Nathaël
F;Charline
F;Hiba
F;Philippa
M;Alan
M;Hélio
M;Younès
M;Gianni
F;Pia
M;Matteo
M;Ian
F;Tahel
F;Inaya
F;Dina
M;Younès
F;Assia
F;Cynthia
F;Elsa
F;Esther
M;Jad
F;Juliette
M;Yannis
F;Yona
M;Alon
F;Amandine
F;Joanna
F;Elena
F;Célestine
M;Hippolyte
F;Clotilde
M;Luc
F;Djamila
M;Nathan
M;Alexander
M;Ramy
F;Anaé
M;Andreas
M;Elia
M;Abel
F;Janna
F;Kayliah
F;Salimata
F;Fanny
M;Leandro
M;Zinedine
M;Viktor
M;Emilio
F;Celia
M;Alejandro
M;Eythan
F;Line
F;Yaël
F;Antonia
M;Marius
F;Aïcha
M;Jérémie
F;Amy
F;Leïla
M;Elian
M;Théo
M;Alban
M;Luka
F;Leonor
F;Marta
F;Margaux
F;Apolline
F;Oumou
M;Gianni
M;Célestin
F;Dana
F;Avril
F;Milena
F;Sanaa
M;Yanni
M;Zack
F;Romy
F;Joey
F;Ilona
F;Lucy
M;Marc-Antoine
F;Olympe
F;Fatiha
F;Syrine
F;Barbara
F;Macha
F;Yuna
F;Zina
F;Fleur
M;Ambroise
M;Aron
F;Chloé
F;Gloria
F;Tamara
F;Yuna
F;Capucine
M;Maceo
M;Mahamadou
M;Farès
F;Isra
M;Thiago
M;Tomas
F;Andrea
M;Constant
F;Lina
M;Gabin
M;Amine
F;Kiara
M;Mayeul
F;Tess
M;Balthazar
F;Elissa
F;Lisa
F;Naomi
M;Camille
F;Charlène
F;Cyrielle
F;Philippa
F;Lyana
F;Marwa
F;Hafsa
M;Seydina
F;Valentine
M;Abderrahmane
F;Evy
F;Léane
M;Joshua
F;Maimouna
F;Samira
F;Joy
M;Nassim
F;Marilou
M;Nikola
M;Thierno
M;Ari
F;Candice
F;Joséphine
M;Philippe
M;Julian
F;Adélaïde
F;Saran
F;Gabriella
F;Marnie
M;Makan
M;Marius
M;Evan
F;Théa
M;Aïden
M;Jim
F;Justine
M;Tom
M;Antonin
M;Daniel
M;Lancelot
F;Louison
M;Swann
M;Priam
M;Nelson
M;Ziad
M;Raphaël
M;Pierre
M;Ryan
M;Michael
F;Milla
M;Ilyass
M;Malo
M;Mayeul
M;Ismael
M;Jeremy
M;Jonas
F;Nell
M;Alpha
M;Colin
M;Cyrus
M;Ewan
F;Line
M;Mohammed
F;Amel
F;Clélia
M;Gad
M;Ryan
M;Shaï
F;Téa
F;Marie
F;Mélina
M;Mouhamed
M;Riyad
M;Stéphane
F;Tessa
M;Yann
F;Adèle
M;Augustin
F;Bianca
M;Ewen
M;Jean
F;Raphaëlle
M;Cheick
F;Jade
F;Mai
M;Mateo
M;Zakarya
F;Ambre
M;Bilel
F;Laetitia
F;Louison
M;Owen
F;Cécile
F;Éléonore
M;Hadrien
M;Thibault
M;Chris
M;Elyes
F;Albane
M;Emilio
M;Louka
F;Lyna
M;Alexandre
M;Stefan
F;Suzanne
F;Wendy
F;Céline
F;Isra
M;Lorenzo
M;Malcolm
F;Salimata
F;Tiffany
M;Tylan
F;Victoire
M;Aaron
F;Chérine
F;Mahaut
M;Matthew
F;Roxane
M;Aden
M;Maximilien
M;Sean
M;Youcef
M;Achille
F;Aliyah
M;Cheick
M;Diego
F;Dune
F;Lola
F;Alima
M;Eloi
F;Fiona
M;Ilyas
M;Karl
F;Solène
F;Amandine
F;Lahna
M;Matys
F;Tyana
F;Charline
F;Martha
F;Noura
M;Léon
F;Abby
F;Inayah
M;Ezéchiel
M;Lilian
M;Melvyn
M;Pio
F;Amélia
M;Ilan
M;Yoan
F;Sonia
F;Anastasia
M;Matisse
F;Nahla
M;Samy
F;Sana
M;Térence
M;Viktor
M;Alexandre
M;Jules
M;Soren
F;Sylia
M;Eyal
M;Ilan
F;Laetitia
F;Sidonie
M;Morgan
F;Sophie
M;Tidiane
F;Clotilde
F;Constance
F;Meriem
F;Zoé
F;Colombe
M;Jassim
M;Jibril
M;Julian
M;Joshua
M;Sami
F;Alexandra
F;Nélya
F;Sirine
M;Boubacar
M;Mateusz
M;Richard
M;Ruben
M;Matis
M;Ilhan
M;Joachim
M;Martin
F;Aïssata
M;Kyllian
M;Mael
F;Olivia
M;Ryan
M;Siméon
F;Cyrielle
M;Joakim
F;Joyce
F;Maria
F;Sérine
F;Sixtine
M;Gaétan
M;Jad
M;Max
M;Santiago
F;Lyana
F;Elia
F;Naïa
M;Anass
M;Kamil
F;Noa
M;Sabri
F;Adélaïde
M;Calixte
F;May
F;Marianne
M;Abdellah
M;Bakary
F;Christelle
F;Ombeline
M;Salim
F;Tracy
F;Alba
M;Ayden
M;Dimitri
F;Sydney
F;Mélina
M;Nino
M;Pablo
M;Ramy
M;Chahine
M;Jassim
F;Patricia
F;Alice
M;Eden
M;Nicolas
F;Sophia
M;Yahya
F;Bianca
F;Elyne
M;Léo
F;Lilya
F;Serena
F;Aïssatou
M;Yasser
F;Thelma
M;William
M;Yossef
F;Alexia
F;Ella
M;Lenny
M;Milo
M;Noah
M;Oumar
M;Adams
F;Bintou
M;Roch
F;Shanna
M;Vianney
M;Lazare
M;Dimitri
M;Marco
M;Antoine
M;Arsène
F;Bintou
M;François
M;Gaston
F;Fiona
F;Helena
F;Maéva
F;Noélie
F;Cassandra
F;Ysé
F;Eloïse
M;Elyès
M;Jules
F;Lya
F;Marina
F;Mélinda
F;Ombeline
M;Djibril
F;Leïna
M;Marceau
M;Naïm
M;Noan
F;Paloma
F;Nada
M;Eytan
F;Nelly
F;Séléna
F;Djeneba
F;Louna
F;Emmy
M;Salif
F;Annabelle
F;Daphné
F;Eléonore
F;Garance
F;Kenza
F;Marthe
M;Maxim
M;Éthan
F;Julie
M;Ayman
M;Lyes
M;Lamine
F;Sacha
M;Matthieu
F;Esther
M;Maxence
F;Priscille
M;Christopher
M;Maël
F;Zahra
F;Colette
F;Ilyana
M;Lassana
F;Mélia
F;Sophie
M;Aloys
F;Léa
F;Mahault
F;Fatou
M;Nabil
F;Izia
M;Karim
F;Yael
M;Elyas
F;Emilia
M;Gabin
F;Isadora
M;Morgan
M;Timothée
F;Victoria
F;Yasmine
M;Aurèle
F;Irène
F;Alexia
M;Armand
M;Emile
F;Éva
F;Joanna
F;Julia
F;Margaux
M;Rayane
F;Chiara
M;Adrien
M;Bilel
M;Émile
M;Joshua
F;Eugénie
F;Eloïse
M;Tiago
F;Julia
F;Clémence
M;Mathéo
M;Kayden
M;Samuel
M;Clément
M;Eliot
F;Eurydice
M;Sami
F;Fanny
F;Keren
F;Janna
M;Oscar
F;Flora
M;Guilhem
M;Ishaq
M;Sébastien
F;Soline
F;Laura
M;Cyriaque
F;Ilona
M;Maël
F;Khadidja
M;Matthieu
M;Noa
F;Adèle
M;Séverin
M;Lubin
F;Margaux
F;Niouma
M;Haroun
F;Claire
F;Grâce
M;Noam
F;Alyssa
M;Cyrille
M;Darius
F;Emma
F;Gloria
F;Emy
M;Sasha
M;Geoffroy
M;Merlin
F;Yesmine
F;Alicia
M;Charles
F;Maylis
F;Amina
M;Gustave
F;Rahma
F;Selena
M;Thibault
M;Anatole
M;Elie
M;Iyad
F;Maud
M;Nolan
F;Cassandre
F;Hanna
F;Joséphine
F;Mélanie
M;Tiago
M;Rayan
F;Téa
F;Liel
M;Matteo
F;Lucie
M;Vincent
M;Aylane
F;Madoussou
F;Mariama
M;Mathys
M;Baptiste
M;James
F;Carla
F;Layane
M;Paolo
M;Eloi
F;Laya
M;Nathanael
F;Swann
M;Aidan
M;Olivier
M;Théo
F;Yara
F;Angèle
M;Baptiste
M;Charlie
M;Nathaniel
F;Tessa
F;Ayline
F;Laetitia
F;Ellie
F;Daria
M;Yaël
F;Sofia
F;Camille
M;Younes
M;Léopold
F;Célestine
M;Alexander
F;Maé
F;Mayssa
F;Mina
F;Mélody
M;Robinson
M;Angel
M;Christopher
M;Ewen
F;Rokhaya
M;Louka
M;Wesley
M;Hayden
F;Isaure
M;Tony
M;Naïm
M;Brieuc
M;Adem
F;Kiara
F;Eliana
F;Sandra
M;Warren
F;Lily
M;Mody
F;Ange
M;Joseph
F;Nina
M;Stanislas
M;Yvan
M;Alexandre
M;Malek
F;Tracy
M;Igor
F;Shana
F;Eliane
F;Garance
F;Laurène
M;Aboubakar
F;Lara
F;Fatouma
F;Ines
M;Olivier
F;Coline
F;Line
F;Éline
F;Mila
F;Bintou
F;Maélys
M;Dorian
M;Swann
F;Emilie
F;Anne-Laure
M;Ismael
M;Aksel
M;Harouna
M;Marley
F;Scarlett
M;Albert
M;Edmond
F;Anouk
F;Suzie
M;Amine
M;Jimmy
F;Chloé
M;Alexandre
F;Cécilia
M;Elias
M;Jordan
F;Mariame
M;Yassin
F;Bertille
F;Camélia
M;Melchior
F;Zélie
F;Domitille
F;Mia
F;Noémie
F;Shana
F;Ysé
M;Zackary
F;Aimée
M;Louison
M;Maximilien
F;Noémie
M;Andrew
M;Anis
M;Gaétan
M;Lévi
M;Loan
F;Marylou
M;Neil
F;Paola
F;Racha
M;Youssef
M;Ismaël
M;Rémi
M;Willy
F;Amélia
F;Lea
M;Kevin
F;Hiba
M;Salif
F;Méline
F;Pauline
F;Lehna
F;Estelle
F;Liora
F;Angélique
M;Ayman
M;Benoît
M;Camil
M;Erwann
M;Matteo
F;Jenna
F;Neïla
F;Aure
F;Elsa
M;Ferdinand
M;Haroun
M;Marko
F;Mellina
F;Alyssia
F;Samia
F;Assia
F;Lehna
F;Mélia
F;Meryl
F;Eléonore
F;Kelly
M;Samuel
F;Liana
F;Tina
M;Esteban
F;Nélia
F;Nelya
M;Waël
F;Lahna
M;Muhammed
F;Hatouma
M;Issa
M;Rayan
F;Bintou
F;Lya
M;Corentin
M;Alphonse
F;Cyrielle
F;Sandra
F;Wendy
M;Bilel
F;Jeanne
F;May
M;Archibald
M;Barnabé
F;Kelly
M;Selyan
M;Mohammad
M;Aymeric
F;Chiara
M;Idrissa
M;Milo
F;Salma
M;Amir
M;Emmanuel
M;Ismaël
F;Suzie
F;Lisa
F;Naïs
M;Vassily
M;Gabriel
M;Abdoul
F;Nayla
F;Hawa
M;Karl
M;Kenny
F;Madeleine
M;Noa
F;Youmna
F;Alina
M;Florent
M;Imrane
M;Matteo
M;Nikola
F;Ashley
F;Déborah
F;Philippine
M;Mahé
M;Clovis
F;Abigail
F;Coraline
F;Gloria
F;Marion
M;Mattéo
F;Rim
M;Nolan
M;Emmanuel
F;Ines
M;Colin
F;Luciana
M;Lazare
M;Manuel
F;Clémence
M;Téo
F;Eléna
F;Aude
F;Lise
M;Roméo
F;Camilia
M;Maximilien
M;Alexis
F;Margaux
M;Leonardo
M;Romeo
F;Eugénie
M;Melvil
M;Eyden
F;Hind
M;Jonah
F;Yuna
M;Quentin
M;Lilian
F;Amira
M;Léopold
M;Salim
M;Jean
M;Mathys
F;Naëlle
F;Kiara
M;Sidi
F;Chloé
M;Sylvain
F;Alexia
M;Emmanuel
M;Gaël
F;Hajar
M;Jonathan
F;Mélina
M;Yoav
M;Aurel
F;Élise
M;Franck
M;Idrissa
M;Matias
F;Vera
F;Adriana
F;Assa
F;Estelle
M;Jean
M;Joris
F;Ornella
F;Wiktoria
F;Leonor
M;Youri
F;Naïma
F;Théa
M;Lou
M;Albert
M;Lyes
M;Aydan
M;Camilo
F;Mélodie
F;Yumi
F;Tiana
F;Capucine
F;Emeline
M;Jean-Baptiste
F;Armance
M;Fabio
M;Gabin
F;Billie
F;Carmen
M;Hassan
F;Lya
F;Tasnime
F;Yaël
M;Hadrien
M;Jude
M;Elyas
M;Melchior
M;Lounis
M;Mohamed
M;Kyle
M;Nael
F;Candice
F;Fatim
M;Lény
M;Matisse
F;Taïs
M;Arthur
M;Axel
M;Aymeric
F;Lyne
F;Mélodie
M;Miguel
M;Noa
F;Pia
F;Joséphine
M;Harry
M;Ismaïl
F;Zeynab
M;Luis
M;Denis
M;Elouan
M;Joël
F;Olympe
M;Sohan
F;Tali
M;Camil
M;Jonas
M;André
F;Luna
M;Amadou
M;Arsène
F;Colombe
F;Isaure
F;Lili
M;Nathan
F;Asma
M;Shayan
F;Tina
F;Caroline
F;Delphine
M;Ian
M;Ulysse
F;Helena
F;Alycia
M;Émile
M;Guilhem
F;Halima
F;Shana
M;Léopold
M;Maxim
M;Demba
M;Elijah
M;Nassim
M;Abel
M;Abraham
M;Denis
F;Faith
M;Manil
M;Mathias
F;Mahaut
M;Sacha
F;Clothilde
M;Henry
F;Asma
M;Dario
F;Hajar
F;Taïna
M;Aubin
M;Lou
F;Rebecca
M;Billal
M;Lou
F;Alana
M;Elliott
F;Lilia
M;Luka
M;Elliot
F;Naomi
F;Sylia
M;Amadou
F;Salomé
F;Nicole
M;Zacharie
F;Aaliyah
M;Evan
F;Fatim
M;Gaye
M;Johan
F;Léopoldine
F;Victoire
M;Hugo
F;Cléo
M;Quentin
M;Johan
F;Tess
M;Alfred
M;Oliver
F;Kadidiatou
M;Shaï
M;Yasin
M;Amara
F;Elya
M;Liam
F;Lilas
M;Andrew
F;Elif
F;Floriane
F;Oriane
F;Adélaïde
F;Dina
F;Eya
M;Guilhem
M;Ian
M;Yasser
M;Haron
M;Kylian
F;Marine
M;Mattéo
M;Vadim
F;Enora
F;Hanaé
M;Matthew
F;Morgane
M;Moustapha
F;Marilou
M;Nicolas
M;Mylann
M;Youness
M;Andréas
M;Mathis
M;Jayden
F;Elisabeth
F;Thalia
M;Angel
M;Fares
F;Fatoumata
M;Jimmy
F;Solveig
M;Édouard
M;Célestin
F;Ines
F;Johanna
M;Marcus
F;Marylou
M;Sylvain
M;Zadig
M;Ayoub
M;Gianni
M;Yacine
F;Alissa
F;Cindy
F;Elissa
F;Ethel
F;Iman
F;Léana
F;Prisca
M;Antony
M;Aymen
M;Dorian
F;Justine
M;Morgan
F;Angélique
F;Iris
M;Malick
F;Soraya
F;Line
F;Liza
M;Samuel
M;Youri
F;Léana
F;Lily
F;Melissa
M;Joakim
M;Luis
F;Naëlle
F;Quitterie
F;Amira
M;Nathanaël
M;Silas
M;Valentin
M;Vincent
M;Brayan
F;Constance
M;Kaïs
M;Loïc
M;Dimitri
F;Tamara
M;Aedan
M;Luka
M;Lazare
M;Mody
F;Talia
M;Eric
F;Rita
F;Romy
F;Léonore
M;Zacharie
F;Assya
F;Andréa
F;Élodie
M;Ernest
M;Ivan
M;Waël
M;Carl
F;Elise
F;Emy
M;Souleyman
F;Ava
F;Bella
M;Henry
F;Kayla
M;Saif
F;Avril
M;Boris
F;Chaïma
F;Lou
F;Manelle
M;Melvil
M;Nassim
M;Angelo
F;Ilyana
F;Inaya
M;Noé
F;Rita
M;Archibald
M;Ayman
F;Colette
M;Eneko
F;Oriane
M;Colin
F;Dounia
M;Eytan
F;Nayla
M;Nicolas
M;Lenny
M;Henri
F;Evy
F;Agnès
F;Anita
M;Germain
F;Iseult
M;Ladji
M;Jason
F;Mélina
F;Naomi
F;Ada
F;Albertine
M;Aly
M;Eloi
M;Marwan
M;Ahmed
M;Giovanni
F;Perla
M;Warren
F;Clara
F;Ida
M;Karim
F;Naïma
F;Tania
M;Boris
M;Carl
M;Leonardo
M;Marceau
M;Thiago
M;Jassim
F;Malia
F;Mariama
M;Serigne
M;Jacob
M;Lino
F;Séléna
F;Anna
F;Charlie
M;Cyriaque
M;Darius
F;Léonie
F;Apolline
M;Ilan
F;Iliana
F;Irina
M;Solal
M;Alix
M;Corentin
M;Guilhem
M;Brieuc
M;Kevin
F;Noha
M;Oliver
F;Armance
M;Eytan
F;Hajar
F;Imane
F;Fanta
M;Hillel
M;Patrick
F;Emy
F;Ania
F;Romie
M;Marlon
M;Bosco
M;Lancelot
M;Lassana
F;Hanna
F;Olympe
M;Ryan
F;Suzanne
F;May
M;Antoine
M;Naïl
F;Samira
F;Elya
F;Manelle
M;Elyas
F;Yasmina
M;Younès
M;Angelo
M;Levi
F;Salma
M;Jonas
F;Leya
F;Nélya
M;Anthony
M;Yacine
M;Raphaël
F;Yasmine
M;Nelson
M;Amir
F;Junon
F;Maëlle
F;Thaïs
F;Alma
F;Delia
F;Elif
M;Germain
M;Ferdinand
F;Jennah
M;Saad
F;Théa
F;Amina
F;Eliza
F;Juliana
F;Rebecca
F;Zahra
M;Ayden
M;Marin
M;Ilhan
M;Jibril
F;Joséphine
F;Tara
F;Eléna
F;Lucile
F;Pénélope
M;Arthus
F;Eulalie
M;Evan
M;Hélie
M;Lukas
M;Mathieu
F;Sidonie
F;Hajar
F;Coumba
F;Fanny
M;Malek
F;Milla
F;Sara
M;Emilio
M;Ibrahima
F;Jasmine
F;Julia
F;Melissa
F;Arwen
M;Cyprien
M;Gary
F;Octavie
M;Adrien
F;Clarisse
F;Eloane
F;Léopoldine
F;Lilou
M;Malik
F;Victoire
F;Hana
F;Simone
M;Alphonse
M;Yusuf
M;Racim
F;Diane
M;Soan
F;Irina
M;Leandro
F;Khadija
F;Gioia
M;Leonard
M;Louay
F;Imane
M;Rafael
F;Rahma
F;Hélène
M;Jad
F;Nora
M;Jawad
M;Zack
F;Athénaïs
M;Ernest
M;Oren
M;Nicolas
M;Fadi
F;Gabriella
F;Sabrina
F;Doriane
F;Salma
M;Jean
F;Maeva
M;Paul
F;Daria
F;Gaia
F;Lily-Rose
F;Yaëlle
M;Camil
F;Lana
F;Georgia
F;Kelya
F;Abigaïl
M;Jérémy
F;Olivia
F;Léopoldine
M;Paul
M;Lamine
M;Samba
F;Tiphaine
F;Louna
F;Amani
F;Kiara
M;Joakim
F;Mayane
F;Marthe
F;Masha
M;Aharon
F;Aïna
F;Lily
F;Zélie
M;Aron
F;Mélia
M;Alex
F;Mélina
F;Lou-Anne
M;Wilhem
F;Alma
F;Anouk
M;Luca
M;Luka
M;Noham
F;Diana
F;Imène
F;Justine
M;Yani
M;Yann
M;Colin
F;Djena
M;James
F;Lucia
M;Paolo
F;Andrea
M;Tancrède
M;Vadim
M;Eddy
F;Mia
M;Lazare
M;Olivier
M;Boubacar
F;Bella
M;Andréa
M;Bilal
F;Clémentine
M;Diego
F;Hawa
M;Louis
M;Peter
M;Rémy
F;Sandrine
F;Adèle
F;Sonia
F;Tasnime
F;Hanna
F;Lise
M;Ange
M;Yani
M;Nikita
F;Lia
M;Louis
F;Flore
M;Alassane
F;Élise
F;Erin
M;Etienne
M;Marcus
F;Suzie
F;Alicia
M;Elliott
F;Leïla
M;Samy
F;Zineb
F;Alina
F;Amélie
M;Andrea
F;Eléonore
F;Héloïse
M;Dylan
F;Fatma
F;Layane
M;Lior
F;Dalia
M;Lévi
M;Salman
M;Stefan
M;Côme
F;Aïda
M;Mylan
M;Yunus
F;Léonie
M;Ambroise
F;Héloïse
F;Célestine
M;Mathys
M;Souheyl
F;Abigaël
F;Aminatou
F;Nell
M;Andrea
F;Bianca
F;Sibylle
F;Naya
M;Aubin
M;Mahamadou
F;Celine
F;Billie
F;Kimia
M;Mark
F;Athéna
F;Lisa
M;Aymen
F;Loïs
M;Amir
M;Ezra
F;Manon
F;Roma
F;Miriam
F;Lila
F;Selma
M;Cheick
M;Étienne
M;Haron
F;Zahra
M;Imrane
F;Rania
M;Amin
F;Sana
M;Ulysse
F;Roxane
F;Emna
F;Camélia
M;Oliver
F;Angelina
F;Anaë
F;Maeva
M;Aly
F;Artémis
F;Cecilia
M;Sasha
M;Souleyman
M;Lucca
F;Habiba
M;Milan
M;Isayah
F;Mia
F;Mariam
M;Milann
M;Rafaël
F;Mariam
M;Enzo
F;Isra
F;Scarlett
M;Virgile
F;Aisha
M;Samy
F;Cassandra
M;Clément
F;Djeneba
M;Jacques
F;Naëlle
F;Olympe
M;Mahamadou
M;Yanis
F;Amira
F;Lia
M;Archibald
M;Adriano
F;Alia
M;Edmond
F;Nicole
M;Mendel
M;Octave
F;Astrid
M;Darren
M;Ilhan
M;Joakim
M;Leonard
F;Tiffany
M;Andrei
F;Bianca
F;Jodie
F;Keren
F;Annabelle
F;Ethel
F;Charlie
F;Inaya
M;Roméo
M;Niels
M;Demba
M;Tobias
M;Junayd
F;Claire
M;Mouad
M;Léo
M;Nicolas
F;Eugénie
M;Kaïs
F;Ania
M;Eliot
F;Léana
F;Nelly
F;Diane
M;Jacques
F;Solange
M;Walid
F;Gaia
M;Harold
F;Sabrina
M;Selyan
M;Aubin
F;Ysée
M;Maël
F;Anastasia
M;Andrea
F;Andréa
F;Éléonore
F;Djeneba
F;Kadiatou
F;Kim
F;Nina
F;Margot
M;Thiago
M;Sebastian
F;Tara
F;Kayla
M;Kelyan
M;Maceo
F;Malak
F;Ema
F;Maud
F;Perla
M;Sacha
F;Saran
M;Souleymane
M;Bilel
M;Doron
F;Yamina
F;Zoé
M;Eliott
F;Anouk
F;Charlize
F;Fatim
M;Hélie
M;Jack
F;Angie
F;Gabrielle
F;Kim
M;Alexis
F;Daria
M;Julian
F;Liv
F;Norah
F;Penda
F;Camilia
M;Lior
F;Lynn
F;Fatoumata
F;Ayna
F;Liana
F;Mayssa
M;Swann
M;Souleymane
F;Athénaïs
M;Henry
M;Sidy
F;Tahira
M;Lamine
F;Elena
M;Marco
F;Sana
M;Mylan
F;Olympia
F;Anastasia
F;Esmée
M;Vasco
F;Marguerite
M;Mathéo
M;Dani
F;Perla
M;Maël
F;Camille
F;Aïsha
F;Céline
M;Gary
M;Billy
M;Emir
F;Bonnie
M;Elisha
F;Diane
F;Salimata
F;Solange
F;Clotilde
M;Andréa
F;Alexandra
M;Viktor
F;Mayssa
M;Sekou
F;Vanessa
F;Inayah
M;Bradley
M;Shahine
F;Giorgia
F;Chloé
F;Charlotte
F;Ines
F;Binta
F;Léana
F;Thalie
F;Céline
F;Safiatou
M;Danny
F;Delphine
M;Pierre
F;Constance
F;Sofia
F;Amani
M;Bastien
M;Ezio
F;Fanta
M;Ismail
F;Mélanie
M;Tidiane
F;Ema
M;Lenny
M;Andy
F;Emily
F;Eugénie
F;Eva
M;Jun
F;Neyla
M;Sami
M;Théodore
M;Eloi
M;Iyad
F;Jeanne
M;Jed
F;Maëlle
F;Soraya
F;Valentine
M;Vladimir
F;Daphné
M;Diego
M;Muhammed
M;Nil
M;Pierre
F;Ora
M;Soren
M;Ilyane
F;Anouk
M;Barnabé
F;Ely
M;Sofiane
M;Andréa
F;Armelle
M;Bakary
M;Edgar
F;Elodie
M;Kenzo
F;Milena
F;Selma
F;Tiphaine
M;Bilal
M;Joan
F;Blandine
F;Clélia
F;Lou
F;Maëlle
F;Naïma
M;Alexander
M;Dan
M;Dimitri
M;Zachary
M;Benjamin
F;Iliana
F;Sienna
M;Timoté
F;Aline
M;Justin
F;Leïna
M;Marouane
M;Yvan
M;Diaby
F;Sandy
F;Johanna
F;Lilya
M;Mickaël
F;Aaliyah
F;Safa
M;Constantin
M;Elio
M;Felix
F;Fiona
F;Johanna
F;Lilas
F;Margot
M;Élias
F;Elise
F;Amélia
M;Djibril
F;Flora
F;Philippine
M;Marcel
M;Amine
M;Imrân
M;Aristide
M;Isayah
F;Amel
M;Ilhan
M;Ilyès
F;May
M;Zakaria
F;Dina
F;Maëlys
M;Mayeul
F;Naëlle
F;Aliénor
M;Joshua
M;Léonard
F;Malak
M;Alexandre
M;Andreas
M;Harry
F;Mélina
F;Anita
M;Clarence
M;Hassan
M;Maximilian
F;Noélie
M;Filip
F;Manuela
M;Raoul
F;Tatiana
F;Axelle
M;Florian
F;Lyna
F;Nelly
F;Athéna
F;Joanna
M;Maxim
M;Zayd
M;Cheick
F;Malika
M;Matthieu
M;Marceau
M;Maël
M;Mateo
M;Eyal
M;Jessim
M;Artur
F;Fanta
M;Nil
F;Cloé
F;Bertille
F;Fleur
F;Louisa
M;Thibault
M;Vladimir
M;Adam
M;Arthus
F;Ines
F;Zélie
F;Annabelle
F;Laure
F;Selma
M;Wael
F;Adélie
M;Basile
F;Haya
F;Ivy
M;Marwan
M;Niels
M;David
M;Abel
M;Alexis
F;Lou-Ann
F;Marie
M;Wael
M;Alessandro
M;Aristide
F;Ella
M;Idris
F;Leila
M;Léon
F;Marilou
F;Melina
F;Myriam
M;Elias
M;Elliott
M;Joud
M;Khalifa
F;Lucile
M;William
F;Colette
M;Nathan
M;Nicolas
F;Colombe
F;Fanta
F;Manel
F;Yousra
F;Zeynab
M;Andrea
F;Assia
F;Lalya
F;Luce
F;Marilou
M;Benjamin
M;Brieuc
M;Eytan
F;Ilyana
F;Lindsay
F;Anastasia
M;Angelo
F;Fanta
F;Naomi
M;Nils
M;Ruben
F;Andréa
M;Arthur
F;Marthe
F;Maureen
M;Ryad
F;Soumaya
M;Thibault
M;Abdallah
F;Abigaël
M;Joakim
F;Lucile
M;Valentin
F;Gaïa
F;Inès
M;Kevin
M;Milo
F;Ela
F;Ludmila
F;Malak
F;Tessa
M;Gabriel
F;Eléonore
F;Ysée
F;Isra
M;Terence
F;Juliana
F;Maia
M;Isaac
F;Alana
F;Valentine
M;Aymeric
M;Ayoub
F;Halima
M;Yacouba
F;Bénédicte
M;Eric
F;Yasmine
F;Aliya
F;Haby
M;Joe
F;Manon
F;Sacha
F;Amelia
F;Deborah
M;Ishaq
F;Marwa
F;Cléa
M;Léopold
F;Sixtine
M;Reda
M;Youssouf
F;Leïla
F;Salimata
M;Selim
F;Aïssatou
F;Angélina
F;Charlène
F;Cyrielle
M;Réda
M;Youcef
F;Zahra
M;Julian
M;Lohan
M;Nikola
M;Steve
M;Victorien
F;Lily
F;Mama
M;Roméo
M;Carl
F;Fatoumata
F;Rita
F;Rokia
M;Sami
F;Tess
M;Adrien
M;Simon
M;Ewen
M;Gaël
M;Lilian
F;Romy
F;Samira
M;Samuel
M;Emile
F;Lise
F;Camélia
F;Rokia
F;Noa
F;Maïssa
M;Morgan
M;Timothé
M;Joseph
F;Tiffany
F;Aïna
M;Bryan
M;Étienne
M;Alassane
M;Mohamed
F;Isaure
M;Younès
F;Iris
F;Olympia
F;Gaia
M;John
M;Hayden
M;Philippe
M;Elliot
F;Bella
M;Mady
M;Yahya
F;Yara
F;Louve
F;Paola
M;Éloi
M;Milhane
F;Ayla
F;Amélie
F;Caroline
M;Kassim
F;Marguerite
M;Adonis
M;Yacoub
M;Mathias
M;Andrea
F;Norah
F;Kiara
M;Ismail
F;Célestine
F;Eydel
M;Marceau
M;Alec
F;Coline
F;Serena
M;Dali
M;Gauthier
M;Barthélemy
F;Rachel
F;Victoire
F;Ivy
F;Shadé
M;Jules
M;Simon
F;Anaïs
M;Kaïs
F;Bérénice
M;Abraham
M;Evan
F;Nadia
F;Jodie
M;Alexandre
M;Adonis
M;Menahem
M;Emmanuel
M;Silas
M;Matias
F;Sophia
M;Robin
F;Aissatou
M;Edgar
M;Dorian
F;Hawa
M;Matthew
M;Nahil
F;Tahel
M;Gustave
F;Bérénice
M;Angelo
M;Matteo
M;Alexandre
F;Angel
F;Elyssa
M;Loïs
M;Gabin
F;Angelina
F;Leah
M;Abd
F;Ambre
F;Elia
F;Grâce
F;Maylis
M;Mael
F;Dana
M;Eugène
F;Salma
M;Ismaël
F;Clémence
F;Giulia
F;Talya
F;Yaël
F;Eloïse
M;Harry
F;Izia
F;Élya
M;Lino
F;Nour
M;Warren
M;Yasin
M;Alban
M;Elie
F;Anaïs
M;Cheikh
M;Léonard
M;Muhammad
M;Adrien
F;Charline
M;Jérémie
F;Nana
M;Matthias
F;Louisa
F;Leila
M;Bilel
F;Tiphaine
M;Deniz
F;Lana
F;Safia
F;Aaliyah
M;Aubin
F;Emmanuelle
F;Rachel
M;Ahmad
F;Elise
M;Kévin
F;Mayane
M;Chaï
M;Harold
M;Titouan
F;Nawel
M;Paco
F;Asma
F;Ely
M;Jacob
M;Marc
M;Warren
M;Erwan
F;Nelly
F;Oumou
M;Alexandre
M;Martin
F;Astrid
M;Julien
M;Waël
M;Alfred
F;Milena
F;Elyna
F;Razane
F;Lucie
F;Mathilde
F;Alyah
M;Corentin
F;Marie
F;Marie-Lou
M;Mattia
F;Paloma
M;Amadou
F;Kelly
M;Manuel
M;Luc
M;Teddy
M;Alex
F;Khadidja
M;Arthus
M;Auguste
M;Lou
M;Ethan
F;Noor
F;Zahra
M;Saul
M;Iyed
F;Esmée
F;Frida
F;Haby
F;Kahina
M;Octave
M;Alessandro
F;Elisabeth
M;Julien
M;Mattia
M;Niels
M;Yuri
F;Amira
F;Anita
F;Mahault
F;Joyce
F;Laetitia
F;Léopoldine
F;Norhane
F;Yara
F;Charlie
F;Fatma
M;Omar
M;Yaron
F;Alia
F;Apolline
M;Clovis
M;Jordan
F;Leila
F;Lilly
M;Alix
M;Mahé
F;Lilly
F;Hana
F;Karine
M;Ethan
M;Marceau
F;Marie
M;Namory
M;Wesley
F;Rim
M;Théophane
M;Gaëtan
M;Lirone
F;Liya
F;Lucy
F;Morgane
M;Nathaniel
F;Norah
M;Adel
F;Bonnie
M;Dani
F;Grâce
M;Julien
F;Angelina
F;Myriam
M;Nicolas
F;Satine
M;Liam
F;Maëlle
M;Mathys
M;Zacharie
F;Aline
M;Jérémy
M;Julian
F;June
F;Maya
M;Mohammed
F;Angèle
F;Gaëlle
M;Malick
M;Tidiane
M;Vadim
M;Andrei
F;Athéna
M;Elias
F;Diana
M;Kays
M;Mahé
M;Eloi
F;Liya
F;Viviane
F;Violette
F;Aliya
F;Bonnie
F;Nina
M;Akram
F;Daniella
F;Emmy
M;Jérémy
F;Luce
M;Mohammad
M;Rafaël
F;Anaé
M;Antoni
F;Caroline
F;Dalia
F;Elinor
F;Joanne
F;Lise
M;Youcef
M;Anaël
M;Ilyan
M;Louay
F;Ombeline
M;Owen
F;Philippine
F;Augustine
M;Eden
F;Luna
F;Roxane
M;Théodore
F;Bonnie
M;Leo
F;Cléophée
F;Émilie
F;Shirel
F;Assiya
M;Edouard
M;Mohamed
M;Alex
F;Dune
M;Samy
M;Mathieu
F;Nell
M;Tim
M;Ewen
F;Hortense
F;Sirine
F;Nora
F;Inès
F;Paula
M;Malek
F;Billie
F;Mona
M;Ryan
M;Kenzi
F;Jade
M;Lamine
F;Lucia
F;Éléna
M;Lubin
M;Francesco
M;John
M;Antonin
F;Kadiatou
F;Chayma
M;Ferdinand
M;Karol
F;Maxine
F;Adja
F;Agnès
F;Angie
F;Dounia
F;Marie-Lou
M;Sébastien
M;Darius
M;Gabriel
M;Thibaud
F;Valentina
M;Aris
F;Carla
M;Ilyas
F;Maëlle
M;Anselme
F;Billie
F;Ella
F;Heidi
M;Jarod
M;Kassim
F;Khadidja
M;Morgan
M;Taha
M;Ugo
F;Alice
M;Aymeric
M;Chahine
F;Eléa
M;Enzo
F;Rania
M;Roméo
M;Nahel
F;Leya
M;Sébastien
M;Tancrède
F;Agathe
F;Doriane
M;Maël
F;Maud
M;Amar
M;Youssouf
F;Mina
M;Antonio
M;Orphée
F;Élisa
F;Lucia
M;Salim
F;Isabella
M;Vincent
M;Ilya
F;Mathilde
F;Anouk
F;Sienna
F;Éden
M;Elliot
M;Sami
F;Naya
F;Léane
F;Linoy
M;Thomas
F;Rita
F;Alexandra
F;Fatou
F;Janelle
M;Matéo
F;Myriam
F;Suzanne
M;Théodore
F;Violette
M;Sekou
M;Justin
M;Nicolas
F;Maxine
F;Aliya
M;Tobias
F;Nelya
M;Lyam
M;Charles
M;Mouhamad
M;Safwan
F;Arya
M;Timéo
M;Marco
M;Nino
M;Adam
F;Paola
F;Mahault
F;Zahra
M;Ayman
M;Sandro
F;May
F;Ruby
F;Janna
M;Pio
M;Mayeul
F;India
M;Aliou
M;Bakary
F;Linda
F;Meriem
M;Aidan
M;Iwan
F;Elia
M;Mendel
F;Sabrina
F;Suzanne
M;Térence
M;Alban
M;Marco
M;Selyan
M;Haï
F;Tasnim
M;Etienne
M;Eyal
M;Jason
M;Joud
F;Maïa
F;Margot
F;Mina
F;Roxane
F;Agnès
F;Barbara
M;Elon
F;Hanaé
M;Ilyan
F;Violette
M;Yani
F;Agathe
M;Tristan
M;Mael
F;Axelle
F;Eloane
M;Abdoul
M;Alex
F;Floriane
M;Léo
F;Natasha
M;Abdoulaye
M;Jérôme
F;Maya
F;Madeleine
F;Valentina
F;Louison
F;Gloria
M;Yaya
F;Kamélia
M;Souleymane
M;Yannis
F;Angelina
F;Inès
M;Jad
F;Kadidiatou
F;Maëlle
F;Séléna
M;Cyril
F;Swann
F;Hiba
F;Sohane
F;Gabriela
M;Lorenzo
M;Matéo
F;Aaliyah
M;Evann
M;Mehdi
M;Mickael
M;Rafaël
F;Saja
M;Florian
M;Lassana
M;Mohamed
F;Adama
M;Hippolyte
F;Kadidja
F;Liv
F;Syrine
M;Oscar
M;Henri
M;Ilan
M;Édouard
M;Ethan
F;Félicité
F;Siham
F;Daphnée
M;Mathieu
F;Katia
M;Sabri
M;Gaëtan
F;Céline
M;Jonathan
M;Mounir
M;Yoav
M;Angel
F;Eléonore
F;Fatima
F;Léna
F;Maïwenn
F;Marianne
M;Matéo
M;Waël
M;Aloys
M;Elyes
F;Linda
F;Noémie
M;Santiago
F;Tiphaine
M;Adam
M;Ayoub
F;Coline
F;Faustine
M;Karamba
F;Liya
M;Maceo
M;Pharell
M;Théophile
M;Benoît
M;Daniel
M;Jonas
M;Loris
M;Téo
M;Vladimir
F;Vittoria
F;Adèle
M;Bastien
F;Zina
F;Apolline
M;Jad
F;Izia
F;Joyce
M;Idris
M;Marwane
M;Naël
M;Keziah
F;Rose
F;Nicole
F;Sirine
M;Malek
M;Brahim
F;Lili-Rose
M;Massinissa
F;Naïa
F;Nour
M;Abel
M;Luc
M;Rudy
F;Zélie
F;Éléna
M;Soulayman
F;Ikrame
F;Yasmina
F;Coralie
M;Ibrahima
M;Ilyan
F;Naomi
F;Aline
M;Gaspar
M;Lysandre
M;Marwane
F;Goundo
M;Ibrahima
M;Aristide
F;Albane
M;Hélios
F;Louise
F;Saly
F;Emeline
F;Maya
M;Niels
F;Aurélie
M;Elio
F;Emi
F;Haya
F;Joyce
F;Malak
F;Amira
F;Isis
M;Andréa
M;Lou
M;Axel
F;Zahra
F;Naïma
M;Kaïs
M;Filip
F;Kadidja
M;Joachim
F;Chloé
F;Clémence
M;Constant
F;Halima
M;Owen
M;Gaspard
M;Naïm
M;Nicolas
M;Hippolyte
F;Helena
F;Prune
M;Gaston
M;Grégoire
M;Moustapha
F;Soraya
F;Mahaut
F;Manar
M;Elijah
F;Hind
F;Jenna
M;Malo
M;Timéo
M;Yessine
M;Youssef
F;Amalia
M;Elouan
F;Oumou
F;Anastasia
M;Emile
M;Thibaut
F;Albane
M;Alec
M;Anton
F;Liza
M;Giovanni
F;Ida
M;Elouan
F;Soumaya
F;Neyla
F;Joey
F;Khady
M;Warren
F;Alyssa
F;Avril
F;Eléonore
M;Enzo
F;Karine
M;Rayane
F;Sakina
F;Hélène
M;Lyam
M;Kayden
M;Fares
F;Coumba
F;Kayla
F;Ninon
F;Rita
M;Neil
M;Akram
M;Ousmane
M;Lukas
M;Vasco
M;Malik
F;Axelle
F;Elora
F;Hafsa
M;Joshua
F;Mellina
F;Philippine
M;Tiago
M;Denis
M;Melvin
M;Michel
M;Noa
F;Pia
F;Yona
F;Zoé
F;Chloé
F;Grâce
M;Oskar
F;Pénélope
F;Fleur
F;Johanna
F;Lina
F;Yaëlle
M;Ewan
F;Faustine
M;Mathys
M;Théophile
M;Younes
F;Aïssatou
F;Aliza
F;Lital
F;Prune
M;Raoul
F;Sacha
F;Lyana
M;Ryan
F;Angela
F;Elyssa
F;Francesca
F;Joséphine
M;Rémy
F;Shaïly
F;Célia
M;Emilien
F;Jade
M;Joaquim
F;Elise
F;Hajar
F;Jade
M;Lancelot
F;Rania
M;Gabin
F;Joanna
M;Lino
F;Maïssane
M;Aristide
M;Baptiste
F;Cloé
F;Emma
F;Helena
M;Joris
F;Mya
F;Sana
F;Maria
M;Constantin
F;Noor
M;Mohamed-Lamine
F;Nicole
F;Alyssa
M;Andrea
F;Joyce
M;Octave
M;Alan
M;Viggo
F;Inès
M;Issa
M;Bakary
F;Lyana
M;Khalil
F;Lydia
M;Alassane
M;Erwan
F;Éline
F;Léane
M;Paul-Arthur
F;Tesnime
M;Théophane
M;Harry
M;Mamadou
F;Castille
M;Gaëtan
F;Lola
F;Agnès
F;Liz
M;Marc
F;Nadia
M;Neyl
F;Ada
M;Blaise
F;Cassandre
F;Cassiopée
M;Ferdinand
F;Octavie
F;Raphaëlle
M;Sami
F;Tal
M;Yaya
F;Aria
M;Modibo
M;Alan
M;Aymen
F;Catherine
M;Erwan
M;Gabriel
M;Kévin
F;Maïmouna
M;Milan
M;Viktor
M;Alon
M;Elon
M;Yanis
F;June
F;Lana
F;Talia
M;Marko
M;Paolo
F;Grâce
M;Jimmy
F;Lucille
M;Nil
F;Alexandra
F;Axelle
M;Camille
M;Dan
M;Eliel
F;Iman
F;Louann
M;Barnabé
F;Océane
M;Yoni
M;Ben
F;Dalla
M;Marcus
M;Nadir
M;Thibaud
M;Yoan
M;Yossef
F;Zuzanna
F;Fanta
M;Jad
M;Aidan
F;Angela
M;Malo
M;Théo
M;Aris
M;François
M;Aris
M;Malone
M;Manil
F;Adama
M;Adame
F;Tiffany
F;Elya
F;Lilwenn
F;Lise
F;Salimata
M;Aksel
F;Maëlys
M;Pharell
M;Darius
M;Levi
F;Marthe
M;Haron
F;Sanaa
M;Soan
F;Iris
F;Romy
M;Adama
F;Clara
F;Philomène
M;César
M;Gaétan
F;Léonie
F;Clémentine
F;Livia
M;Thomas
M;Ian
F;Laetitia
M;Neil
M;Léon
F;Mélodie
M;Sofiane
M;Boubacar
M;Nizar
M;Roman
F;Tasnim
F;Cléophée
F;Naya
M;Zakary
F;Keren
F;Rebecca
F;Carmen
F;Éléonore
F;Marine
F;Moïra
M;Steven
M;Emilien
F;Fatou
M;François
F;Hind
M;Philémon
M;Sebastian
F;Thalia
M;Edgar
M;Farès
F;Flora
F;Isra
F;Lylia
F;Sadio
F;Serena
F;Aurélia
M;Balthazar
F;Carla
F;Violaine
F;Anastasia
M;Nikola
M;Xavier
F;Astrid
M;Baptiste
M;Karim
F;Norah
F;Auriane
F;Talia
M;Théo
F;Zahra
M;Joachim
M;Firas
F;Mariama
F;Louisa
F;Nadine
M;Alex
M;Giulio
F;Miral
F;Aicha
F;Coumba
M;Nayel
F;Sasha
M;Nathan
M;Aboubacar
F;Carmen
M;Cheikh
M;Nolhan
M;Aimé
M;Georges
F;Sirine
M;Alessio
M;Louka
F;Elyne
M;Isaac
M;Théodore
F;Éline
M;Mattéo
F;Aïda
M;Aïdan
F;Charlène
F;Éléna
F;Emna
M;Josué
F;Sonia
F;Adriana
F;Amicie
F;Athénaïs
M;Imad
M;Iyad
M;Jayson
F;Eléa
F;Eya
F;Jenna
F;Louise
F;Ariane
M;Louison
M;Quentin
M;Aaron
F;Maria
F;Fatoumata
M;Wassim
M;Gaspard
F;Guillemette
F;Marina
F;Elodie
M;Nils
F;Maram
F;Mia
M;Matias
M;Benoît
F;Lilas
F;Elizabeth
F;Axelle
M;Leonardo
M;Émile
M;Eugène
M;Ange
M;Elie
M;Sacha
M;Artur
F;Céline
M;Jeremy
F;Amina
M;Jean
M;Yazid
M;Gabriel
M;Ian
F;Irène
M;Neil
M;Oumar
M;Réda
M;Elio
F;Dayana
M;Arsène
F;Eléonore
F;Amalia
F;Colombe
M;Elouan
M;Lohan
M;Warren
M;Joël
F;Naïla
F;Fanny
M;Guilhem
M;Joey
F;Lorraine
M;Silas
M;Théotime
M;Baptiste
M;Lamine
M;Louis
M;Ousmane
F;Bonnie
M;El
M;Jamal
M;Nathanael
F;Sabrina
M;Abraham
M;Edmond
F;Ella
M;Jaden
M;Marwan
F;Amira
M;Ange
F;Camille
F;Elly
F;Elya
M;Henri
F;Marwa
M;Mohamed-Amine
F;Bianca
M;Abdoulaye
F;Daphnée
M;Edouard
M;Ismaïl
F;Monica
M;William
F;Aurore
F;Eden
M;Shaï
F;Pauline
M;Younès
M;Yuri
M;Mouhamed
M;Mohammed
M;Ilyas
M;Julien
M;Nadir
F;Ellie
F;Syrine
F;Eugénie
M;Elyas
F;Claire
M;Malik
M;Marley
M;Yannick
F;Maja
F;Salimata
F;Ayline
M;Mamadou
M;Yoann
F;Georgia
F;Maëva
F;Ava
M;Isaiah
M;Benjamin
F;Astrid
M;Sami
F;Adja
M;Leo
F;Pénélope
M;Alan
F;Alice
F;Lauren
M;Barthélemy
M;Elijah
M;Vincent
F;Imene
F;Maëline
F;Noa
M;Cameron
M;Waël
F;Ninon
F;Sonia
F;Léonore
M;Leonardo
M;Swan
F;Alicia
F;Kadidia
F;Myla
M;Kaïss
M;Lewis
F;Joey
F;Luisa
M;Aymeric
F;Lou
M;Johan
F;Laëtitia
M;Lancelot
F;Mélanie
M;Yacine
M;Amin
M;Basile
F;Camille
F;Félicité
M;Jérémie
M;Rodrigue
M;Aboubacar
F;Samia
M;Yohann
F;Astrid
F;Charlotte
F;Leonor
M;Sami
F;Céline
M;Hugo
F;Wendy
F;Hortense
M;Sékou
F;Sira
F;Lina
M;Nahel
F;Niouma
M;Noé
M;Robin
F;Lilas
F;Salma
F;Clara
M;Joris
M;Souleyman
F;Ambre
M;Ayden
M;Eythan
M;Imran
M;Levi
M;Lukas
F;Meryem
M;Yoan
F;Elia
M;Laurent
M;Matias
F;Soline
F;Emily
F;Camila
F;Cassandra
F;Madeleine
M;Denis
M;Rafael
M;Raphael
F;Aissatou
F;Roxane
M;Ylan
F;Candice
F;Janna
F;Tesnim
F;Cassandre
M;Dylan
M;Thibault
F;Mya
M;Filip
F;Anouck
F;Gabriella
M;Jonah
F;Charlize
M;Adrien
M;Leandro
M;Malek
M;Orphée
F;Norma
M;Roméo
M;Amaury
F;Solveig
M;Hélio
M;Islem
M;Leon
M;Giorgio
M;Louka
F;Leya
M;Ayaan
F;Tahel
M;Christian
M;Hugues
F;Elisa
F;Safiya
M;Matthieu
M;Ruben
F;Colombe
M;Imrân
M;Tristan
M;Simon
M;Jacob
F;Victoria
M;Mahdi
F;Kyara
F;Capucine
F;Cécile
F;Tamara
M;Mohammad
F;Léane
M;Shay
F;Hawa
F;Assa
F;Jeanne
F;Violette
F;Julie
M;Cheick
M;Ilyes
M;Hélio
F;Firdaws
F;Romane
M;Mohammed
M;Eyal
M;Mustafa
M;Baptiste
M;Omar
F;Aaliyah
M;Ilyès
M;Jordan
F;Fatim
M;Bryan
M;Maxence
M;Elie
M;Loïc
F;Agathe
F;Rose
M;Lilian
M;Yoël
M;Leo
F;Lilly
M;Andy
F;Swann
M;Côme
M;Élio
F;Lylia
M;Nathan
F;Noélie
M;Aliou
M;Ilyan
M;Kylian
M;Aaron
M;Barthélémy
M;Kenan
M;Salim
F;Alma
M;Ben
F;Laëtitia
M;Luka
F;Paloma
F;Sofia
F;Ania
M;Harouna
F;Shirel
F;Ania
F;Delphine
F;Lara
M;Marc
M;Esteban
F;Flora
M;Ilias
F;Léane
F;Leya
M;Mohamed-Amine
M;Étienne
F;Lisa
F;Margaux
M;Michael
F;Albertine
M;James
F;Layana
M;Léon
F;Eleanor
M;Levi
F;Emma
M;Charles
M;Ibrahima
F;Maïmouna
F;Océane
F;Carla
M;Emmanuel
M;Éden
F;Adèle
F;Eléa
F;Nicole
M;Nil
M;Simon
F;Solène
F;Alexia
F;Tracy
F;Agnès
M;Éric
M;Farès
M;Giovanni
M;Jules
F;Oumou
M;Mickaël
F;Aurélia
F;Brune
M;Josh
M;Giulio
F;Loubna
M;Nabil
F;Amélie
M;Aris
F;Eloïse
M;Émile
F;Emmanuelle
M;Erwan
F;Hiba
F;Layane
M;Benjamin
M;Rayen
F;Sylvie
M;Karl
F;Lya
M;Stan
M;Antonin
F;Khady
F;Lola
M;Émile
M;Joachim
F;Keziah
M;Élie
M;Iyad
F;Emilia
M;Eliot
M;Matias
M;Nils
M;Arnaud
M;Noa
M;Oscar
M;Emilien
F;Shana
F;Louisa
M;Mouhamad
M;Théodore
M;Armand
M;Demba
M;Théophane
M;Achille
M;Josué
F;Maud
F;Eloïse
F;Isabelle
F;Zoe
F;Elodie
M;Ulysse
F;Isra
M;Yossef
M;Niels
M;Jean-Christophe
F;Cerise
F;Charlie
F;Noura
M;Andrea
M;Isaac
F;Anaelle
M;Khalil
F;Nour
M;Benoît
M;Nassim
M;Roy
F;Cloé
F;Clotilde
F;Alba
F;Ruby
M;Tristan
M;Ishak
M;Wesley
M;Isidore
M;Jules
M;Titouan
F;Razane
M;Anthony
F;Linoy
M;Lévi
F;Safiya
F;Yara
M;Zayd
M;Daniel
M;Taha
M;Kassim
F;Morgane
M;Vasco
M;Wissam
M;Gabin
M;Jonathan
F;Lilya
M;Michaël
F;Charlize
M;Jason
M;Kevin
F;Anouck
M;Marcel
M;Xavier
F;Claire
M;Mohamed
F;Coline
M;Dov
M;Ilies
F;Wendy
M;Kilyan
M;Yoan
M;Brayan
F;Giulia
F;Lydia
M;Nicolas
F;Louise
M;Timéo
F;Alima
M;Baptiste
F;Christelle
M;Dario
F;Maelys
M;Ayoub
M;Owen
M;Sekou
F;Coumba
F;Syrine
F;Aglaé
F;Anouck
M;Anton
M;Pio
F;Emilia
F;Philomène
M;Paul
F;Cléo
F;Kenza
M;Johan
M;Yaya
M;Yunus
F;Maïmouna
F;Rosalie
M;Guillaume
F;Colette
M;Maylone
M;Ziyad
M;Marceau
M;Nahyl
F;Irina
M;Élie
M;Elliott
M;Léandro
F;Emmy
F;Clémentine
F;Rose
F;Anna
F;Chloé
M;Aaron
M;Augustin
F;Raphaëlle
F;Luna
F;Zélie
M;Souleymane
M;Imrân
F;Céline
M;Evan
M;Benjamin
M;Arsène
M;Lino
F;Layane
M;Aimé
F;Line
F;Lise
F;Selma
M;Darius
F;Jasmine
M;Élie
M;Ryan
F;Elya
M;Mattia
F;Shira
F;Claire
M;Arlo
M;Max
M;Mylan
M;Otis
F;Clémentine
F;Nessa
M;Caleb
M;Paolo
M;Paulin
F;Amani
F;Astrid
F;Emmy
F;Flore
M;Eliel
M;Swan
F;Lucile
F;Hanaé
F;Isée
F;Layna
M;Azel
M;Constant
M;Nil
F;Toni
F;Zeyna
M;Corentin
M;Hussein
M;Iyed
M;Louis
F;Alma
M;Arthur
M;Gaspard
F;Jade
F;Charlotte
F;Ava
F;Anouk
M;Ezra
F;Lucie
M;Zakaria
F;Mira
F;Rym
M;Mathéo
M;Ernest
M;Noa
F;Noor
F;Gaïa
M;Baptiste
F;Bintou
F;Faustine
M;Mouhamed
F;Halima
M;Bakary
M;Melchior
F;Assya
F;Athénaïs
F;Salimata
M;Élio
F;Zaynab
F;Éléna
F;Lahna
M;Colin
F;Imany
F;Ombeline
F;Soline
F;Luz
F;Abby
F;Arielle
F;Evy
M;François
F;Laïa
F;Mélina
M;Alexander
M;Aziz
M;Isaïa
M;Jarod
M;Kays
M;Mahmoud
M;Merlin
M;Orphée
F;Ania
F;Eydel
M;Felix
M;Nabil
M;Tao
F;Sofia
F;Sophia
M;Aylan
F;Mariam
F;Agathe
M;Eden
M;Armand
F;Mahaut
F;Aya
F;Élise
M;Jacob
F;Lily
F;Yara
M;Nicolas
M;Zayd
M;Oumar
M;Joud
M;Lenny
M;Gaël
M;Ibrahima
F;Gabriella
F;Ninon
M;Elijah
M;Mathias
M;Amaury
M;Edouard
M;Emilio
M;Esteban
F;Dalia
F;Bella
M;Massyl
F;Aisha
M;Ezio
M;Henry
F;Nadine
M;Adnan
M;Elyes
F;Anaya
F;Zeyneb
M;Eyden
F;Camila
F;Gaia
M;Aldo
M;Christian
M;Emir
M;Lassana
F;France
M;Isaac
F;Victoria
F;Eva
M;Théo
M;Léonard
M;Amir
F;Céleste
F;Hawa
M;Anatole
M;Alban
M;Ismael
M;Milan
M;Youssouf
F;Assia
F;Arya
M;Naor
M;Tom
F;Hélène
F;Leïla
F;Ana
F;Naya
M;Aksel
M;Jude
F;Héléna
M;Mattéo
F;Elina
F;Sidra
M;Sami
M;Yacine
F;Izia
F;Théodora
M;Zéphyr
F;Ilyana
F;Lilas
M;Élias
M;Gianni
M;Rafaël
F;Vittoria
F;Yael
M;Laszlo
M;Yahia
F;Fabiola
F;Fatma
F;Isis
F;Naïa
F;Océane
F;Olga
F;Yousra
M;Amaël
M;Elia
M;Mayron
M;Raphael
M;Santiago
M;Siméon
M;Yacoub
F;Miral
F;Quitterie
F;Sandra
F;Sybille
M;Yani
F;Iris
M;Noé
F;Madeleine
M;Côme
F;Inaya
M;Noam
F;Daphné
F;Léna
M;Gustave
M;Milo
M;Marcel
F;Lola
M;Ariel
F;Amina
F;Camille
M;Younes
F;Aurore
F;Camélia
F;Hafsa
F;Ysé
F;Louison
F;Mariama
M;Marc
F;Elisabeth
F;Mahault
M;Idris
M;Niels
F;Myriam
M;Aris
F;Aaliyah
F;Leya
F;Maëlle
M;Lévi
M;Maximilien
M;Menahem
F;Neyla
F;Aysha
F;Meriem
F;Alima
F;Deva
F;Layel
M;Alessio
F;May
F;Tiguida
M;Elon
M;Jonathan
M;Mouhamadou
F;Anaïa
F;Cassandre
F;Martha
F;Saja
M;Alessandro
M;Honoré
M;Shams
F;Armance
F;Charline
F;Chloe
F;Ophélie
F;Safiatou
F;Tess
M;Bruno
M;Gael
M;Viktor
F;Olivia
M;Jules
M;Simon
M;Félix
M;Ayden
M;Valentin
M;Léandre
M;Balthazar
F;Athéna
F;Louisa
M;Édouard
M;Saul
M;Mohammed
F;Safiya
M;Archibald
F;Carmen
F;Ivy
F;Georgia
F;Naïla
M;Aymen
M;Neil
F;Gloria
F;Tesnim
F;Alia
F;Anne
F;Haya
F;Zita
M;Ishak
F;Alexie
F;Alyah
F;Béryl
F;Kenaya
M;Archie
F;Moïra
M;Abdullah
M;Léonce
M;Lysandre
M;Nikita
M;Warren
F;Cali
F;Jane
F;Justine
F;Kira
F;Zina
M;Habib
M;Victor
F;Léa
M;Georges
M;Samuel
F;Juliette
F;Esmée
F;Inès
M;Charlie
F;Fatima
F;Maryam
M;Ahmed
F;Philippine
M;Pierre
M;Vadim
F;Anaïs
M;Mahé
M;Yusuf
M;Loup
F;Jenna
F;Adriana
F;Amy
F;Augustine
F;Irène
M;Roman
F;Layla
M;Boubacar
M;Nael
F;Amaya
F;Rebecca
F;Solène
M;Oliver
M;Otto
F;Serena
M;Abdallah
F;Louna
M;Marco
M;Thibault
F;Malia
M;Emrys
M;Loïs
M;Theodore
M;Tiago
F;Ayana
F;Rokia
F;Sanaa
M;Yuri
F;Adélie
F;Avigaïl
F;Esmé
F;Levly
F;Solange
M;Elad
M;Maylone
M;Sébastien
F;Zoé
F;Victoire
M;Andrea
M;Eliott
M;Octave
M;Lucien
F;Isaure
M;Orso
F;Marie
M;Pablo
F;Salomé
F;Aliénor
M;Sohan
F;Chiara
F;Lyna
M;Alix
M;Kayden
F;Andréa
M;Nolan
F;Maïmouna
F;Nelya
F;June
M;Dylan
M;Edmond
F;Andrea
F;Tasnim
F;Bérénice
F;Abigail
M;Anis
M;Zakarya
F;Gina
F;Julie
F;Sana
M;Alphonse
F;Dana
F;Manel
F;Mayra
M;Leonard
M;Louison
M;Mael
M;Thiago
M;Zachary
F;Eliora
F;Emna
F;Noya
M;Amos
M;Elyo
M;Yossef
F;Coline
F;Éloïse
M;Abraham
M;Aly
M;Sebastian
F;Bonnie
F;Cléa
F;Gioia
F;Laure
M;Hadi
M;Jelani
M;Uriel
M;Yohan
F;Alaïa
F;Aline
F;Leticia
F;Maé
F;Olimpia
M;Luqman
M;Oussayd
M;Ynone
F;Adèle
F;Nour
F;Romy
M;Hector
M;Marius
M;Issa
F;Elena
M;Antoine
M;Moussa
F;Mila
F;Roxane
F;Cléo
F;Jannah
F;Naomi
F;Blanche
M;Mamadou
M;Sandro
F;Léonore
M;Joshua
F;Capucine
M;Abdoulaye
F;Nava
M;Souleyman
M;Harry
M;Aloïs
F;Kadiatou
M;Eugène
M;Selim
F;Joy
F;Tara
M;Leonardo
F;Isabella
F;Mariame
M;Alex
M;Cheick
M;Nahyl
F;Tali
M;Jassim
M;Abdoul
M;Hedi
M;Jim
M;Leandro
M;Mateo
F;Kady
F;Luce
M;Cosmo
M;Nathane
F;Almas
F;Liya
F;Nélia
F;Oona
M;Albert
M;Elian
M;Gaya
M;Kaï
M;Mamady
M;Michael
M;Romain
M;Youri
M;Joseph
F;Noa
F;Alba
M;Marin
M;Théodore
M;Maxime
M;Pio
F;Clémence
M;Léopold
F;Elsa
F;Khadija
F;Eline
M;Adrien
M;Nino
F;Lisa
M;Kamil
M;Isaiah
M;Thomas
F;Castille
F;Violette
F;Dina
F;Lara
F;Anastasia
F;Janna
F;Manon
F;Sienna
F;Elisa
M;Tristan
F;Zeynab
M;Camil
F;Eloïse
M;Soren
F;Hajar
M;Emile
M;Ismail
M;Yazan
F;Joud
F;Lia
M;Malick
F;Elyssa
F;Mawa
F;Nadia
F;Oumou
F;Yaël
M;Bosco
M;Elyan
M;Ghali
F;Léonor
F;Noûr
M;Eliakim
M;Marcello
M;Mark
M;Milann
M;Roch
F;Jim
F;Lev
F;Safa
F;Syra
F;Vera
M;Daoud
M;Elyon
M;Marley
M;Massil
M;Mendel
M;Misha
M;Or
M;Alexandre
M;Lucas
M;Ethan
M;Mathis
F;Apolline
M;César
F;Ariane
M;Idriss
F;Aïcha
M;Luca
M;Haroun
F;Thaïs
M;Jacques
F;Mona
F;Aïda
F;Garance
M;Djibril
M;Alexis
M;Clément
M;Gaston
M;Nathanaël
F;Aïsha
F;Eliana
F;Hana
M;Iyad
F;Sira
M;Mehdi
F;Leila
M;Luka
F;Éline
F;Naomie
F;Sacha
F;Axelle
M;Kenan
M;Sekou
F;Imane
F;Leonor
F;Liana
M;Aksil
M;Elliott
M;Mahamadou
M;Malone
F;Avril
F;Coumba
F;Malika
F;Philomène
F;Salma
M;Dimitri
M;Foucauld
M;Lev
F;Ayesha
F;Dania
F;Fatima-Zahra
F;Haby
F;Khadidja
M;Adriel
M;Aron
M;Etienne
M;Nahil
F;Alexia
F;Aliza
F;Barbara
F;Grace
F;Inayah
F;Karidja
F;Maïna
F;Noée
F;Rokhaya
M;Adonis
M;Angelo
M;Guillaume
M;Junayd
M;Vicente
M;Mohamed
F;Léonie
M;Charles
F;Diane
M;Nathan
F;Yasmine
F;Constance
F;Romane
M;Jean
F;Fanta
M;Naïm
F;Aliyah
M;Ousmane
F;Talia
F;Diana
F;Marguerite
F;Angèle
F;Noémie
F;Lilia
M;Adama
M;Calixte
M;Samba
F;Jennah
F;Leyna
F;Helena
F;Paula
M;Aristide
M;Matthieu
F;Amélie
F;Anaëlle
F;Hidaya
M;Hassan
M;Milhan
F;Ada
M;Hélios
M;Mory
M;Aliou
F;Artémis
F;Amelia
F;Farah
F;Isabelle
M;Bastien
M;Eliam
M;Idrissa
M;Keziah
M;Natane
F;Djamila
F;Francesca
F;Inna
F;Nayeli
F;Yasmina
M;Anthony
M;Liham
M;Matthias
M;Léon
M;Ibrahim
F;Ella
F;Mia
F;Ysée
F;Brune
F;Margaux
F;Thelma
M;Yanis
M;Aurèle
F;Lana
M;David
F;Ellie
F;Hannah
M;Ayoub
M;Sasha
M;Éloi
M;André
M;Adrian
M;Zacharie
F;Lucia
F;Maxime
F;Adélaïde
M;Ange
M;Marcus
F;Élisabeth
M;Ari
M;Grégoire
M;Ilan
M;Virgile
F;Perla
M;George
F;Aissatou
F;Cataleya
F;Dune
M;Ferdinand
M;Jonah
M;Rayane
F;Celia
M;Antonin
M;Matisse
F;Laura
M;Orion
F;Athena
F;Mara
M;Abou
M;Ian
F;Claudia
F;Hania
F;Joanne
F;Yiska
M;Ayman
M;Florian
M;Inza
M;Jamie
M;Kevin
M;Lancelot
M;Noah
M;Léo
M;Timothée
F;Éléonore
F;Sarah
M;Émile
F;Giulia
F;Sophie
M;Axel
M;Henri
M;Youssef
F;Mathilde
M;Jonas
M;Enzo
M;Lior
F;Stella
F;Maïa
F;Sibylle
F;Eugénie
M;Soan
F;Kenza
M;Lyam
F;Lena
M;Yahya
F;Emy
M;Julian
M;Matéo
F;Aliya
F;Layan
F;Soumaya
F;Emily
F;Tahel
M;Avi
F;Liora
F;Clotilde
F;Haydée
F;Imani
M;Alpha
M;Charly
M;Leon
M;Salvador
M;Theo
F;Eve
F;Giorgia
F;Jodie
F;Razane
F;Zayneb
M;Armel
M;Demba
M;Kaylan
M;Mayeul
F;Ina
F;Israa
F;Sélène
F;Zola
M;Alassane
M;Emil
M;Roland
F;Amelya
F;Kheira
F;Kimia
F;Lucy
F;Meryem
M;Badis
M;Bryan
M;Malek
M;Siaka
M;Sidi
M;Tamim
F;Jeanne
M;Paul
M;Maël
F;Alix
F;Suzanne
M;Abel
M;Imran
M;Maxence
F;Nora
F;Théa
F;Bianca
F;Esther
F;Laya
F;Albane
F;Thalia
M;Ilyas
M;Malik
F;Paola
F;Pénélope
F;Anya
F;Ève
F;Baya
F;Gisèle
F;Kayla
F;Talya
M;Elyas
M;Louay
F;Colombe
M;Youcef
M;Zayan
F;Anita
F;Maimouna
F;Uma
F;Abigaël
F;Daria
F;Estelle
F;Mayssa
F;Suzie
M;Livio
F;Leen
F;Leïa
M;Amara
M;Ivan
M;Karl
F;Ariana
F;Ayleen
F;Lennie
F;Linoy
F;Rania
F;Safia
M;Asser
M;Aymeric
M;Jalil
M;Olivier
M;Adam
F;Louise
F;Joséphine
F;Lou
M;Ulysse
F;Ayla
M;Ambroise
M;Ilyan
M;Rafael
F;Eden
F;Livia
M;Salim
F;Judith
F;Rita
F;Valentina
F;Amélia
M;Kassim
F;Simone
M;Aurélien
M;Imrane
M;Muhammad
M;Yassine
F;Aïssata
F;Philippa
M;Arié
M;Fares
M;Stanislas
F;Angelina
F;Flora
F;Izïa
F;Éva
F;Goundo
M;Karim
F;Aïssatou
M;Aydan
M;Mady
M;Mahdi
F;Emmanuelle
F;Lehna
F;Léone
M;Moustapha
F;Éléa
F;Elyana
M;Anir
M;Khalid
F;Alizée
M;Aslan
M;Juba
M;Nassim
M;Pavel
F;Frida
F;Kyara
F;Marion
F;Max
F;Nicole
F;Oriane
F;Tenzin
M;Aiden
M;Cheikh
M;Clarence
M;Luc
M;Matias
M;Riyad
M;Gabriel
F;Alice
F;Lina
M;Ali
F;Ambre
F;Fatoumata
F;Héloïse
F;Pia
M;Martin
F;Billie
F;Margot
F;Paloma
F;Sasha
F;Hortense
M;Omar
M;William
M;Constantin
F;Alicia
F;Aria
F;Ayline
M;Ayan
F;Eléonore
M;Edgar
M;Elliot
F;Norah
F;Lyana
M;Hippolyte
F;Leyla
F;Ora
F;Lyne
F;Mina
M;Sam
F;Asma
F;Ethel
F;Emilie
F;Kadidja
F;Pauline
M;Dario
M;Philippe
F;Alina
M;Anton
F;Amalia
F;Lylia
F;Shirel
F;Dahlia
F;Mya
F;Prune
M;Mamoudou
M;Thaddée
M;Zeyd
F;Anaé
F;Matilda
F;Miya
F;Rosie
M;Assil
M;Mathieu
F;Namizata
F;Nova
M;Loann
M;Sacha
M;Basile
M;Marceau
M;Zayn
F;Julia
M;Hugo
F;Liv
M;Solal
M;Achille
M;Rayan
F;Aminata
F;Olympe
M;Naël
F;Hanna
M;Robin
F;Maxine
F;Valentine
M;Andréa
F;Clara
M;Aliocha
F;Amira
M;Jayden
F;Jana
F;Nayla
F;Awa
M;Lamine
F;Aimée
F;Elise
M;Elie
F;Sixtine
F;Aicha
M;Levi
M;Matteo
F;Lilya
F;Rosa
M;Diego
M;Noham
M;Swann
F;Emilia
F;Yuna
F;Gabriela
M;Adem
M;Emmanuel
M;Hélio
M;Seydou
M;Wassim
M;Yunus
F;Assa
F;Maëlys
M;Atlas
M;Ruben
F;Fatimata
F;Rim
M;Gauthier
M;Suleyman
M;Vassili
M;Giovanni
M;Ishaq
F;Azélie
F;Lya
M;Alfred
M;Daouda
M;Jawad
M;Léandro
M;Lucio
M;Oren
M;Yassin
M;Yoann
F;Assiya
F;Binta
F;Dialla
F;Djennah
F;Luisa
F;Maïssa
F;Malaïka
F;Nelly
M;Arthus
M;Cyrus
F;Emma
F;Nina
M;Malo
F;Maria
M;James
M;Ismaïl
M;Gabin
M;Daniel
M;Roméo
F;Colette
F;Lila
M;Ilyes
M;Owen
F;Lison
M;Rahim
M;Amine
M;Samy
M;Viggo
F;Rachel
M;Bilal
F;Ines
M;Ayaan
F;Bluma
M;Yazid
F;Alexandra
F;Elia
F;Sara
M;Lorenzo
M;Naïl
M;Issam
M;Théophile
F;Djeneba
F;Ela
M;Ewen
F;Agnès
F;Éléanore
M;Ézéchiel
M;Hédi
M;Julien
M;Romeo
M;Giorgio
F;Carla
F;Celine
F;Layana
F;Sakina
M;Hakim
M;Maé
M;Mouhammad
F;Adele
F;Cléophée
F;Kadija
F;Tal
M;Erwan
M;Ilyane
M;Leyth
M;Sulayman
M;Timéo
F;Célestine
F;Élia
F;Jude
F;Layal
F;Nafissatou
F;Sinaï
F;Swann
M;Damian
M;Eli
M;Maurice
M;Sidy
M;Raphaël
M;Oscar
F;Gabrielle
M;Liam
M;Auguste
M;Ismaël
F;Charlie
M;Camille
M;Elio
F;Alya
F;Maya
M;Jad
M;Elias
M;Lazare
M;Anas
M;Hamza
M;Kaïs
M;Isaïah
M;Adel
M;Leo
M;Joachim
F;Célia
F;Fatou
M;Lou
M;Khalil
M;Aboubacar
M;Tidiane
F;Rosalie
M;Hadrien
F;Cosima
F;Zahra
M;Zakariya
F;Émilie
M;Aviel
F;Ida
F;Isra
F;Nola
M;Ahmad
M;Amadou
F;Marnie
F;Olympia
F;Taline
M;Eloi
M;Étienne
M;Loan
F;Dieynaba
F;Hadja
M;Aboubakar
M;Qassim
F;Amicie
F;Lital
F;Malak
F;Perle
F;Samira
M;Flavio
M;Haron
M;Joël
M;Michel
M;Nils
M;Oussaid
M;Romée
M;Tenzin
F;Abigaëlle
F;Lalya
F;Melina
F;Mélodie
F;Safya
F;Saskia
F;Zayna
M;Elior
M;Giulio
M;Yacouba
